#include "Resource.h"

UInt8 RSC_TSE_T010[] = {
 0x00 ,0x00 ,0x03 ,0xF0 
,0x0D ,0x0A ,0x5B ,0x46 ,0x69 ,0x78 ,0x65 ,0x64 ,0x46 ,0x6F ,0x72 ,0x6D ,0x61 ,0x74 ,0x43 ,0x6F 
,0x6E ,0x66 ,0x69 ,0x67 ,0x5D ,0x0D ,0x0A ,0x4C ,0x69 ,0x6E ,0x65 ,0x4C ,0x65 ,0x6E ,0x67 ,0x74 
,0x68 ,0x3D ,0x35 ,0x31 ,0x0D ,0x0A ,0x0D ,0x0A ,0x5B ,0x53 ,0x75 ,0x62 ,0x53 ,0x79 ,0x73 ,0x74 
,0x65 ,0x6D ,0x5D ,0x0D ,0x0A ,0x53 ,0x74 ,0x61 ,0x72 ,0x74 ,0x41 ,0x74 ,0x3D ,0x30 ,0x0D ,0x0A 
,0x53 ,0x69 ,0x7A ,0x65 ,0x3D ,0x32 ,0x0D ,0x0A ,0x44 ,0x61 ,0x74 ,0x61 ,0x54 ,0x79 ,0x70 ,0x65 
,0x3D ,0x49 ,0x4E ,0x54 ,0x0D ,0x0A ,0x44 ,0x65 ,0x66 ,0x61 ,0x75 ,0x6C ,0x74 ,0x3D ,0x33 ,0x30 
,0x0D ,0x0A ,0x0D ,0x0A ,0x5B ,0x46 ,0x75 ,0x6E ,0x63 ,0x74 ,0x69 ,0x6F ,0x6E ,0x43 ,0x6F ,0x64 
,0x65 ,0x5D ,0x0D ,0x0A ,0x53 ,0x74 ,0x61 ,0x72 ,0x74 ,0x41 ,0x74 ,0x3D ,0x32 ,0x0D ,0x0A ,0x53 
,0x69 ,0x7A ,0x65 ,0x3D ,0x32 ,0x0D ,0x0A ,0x44 ,0x61 ,0x74 ,0x61 ,0x54 ,0x79 ,0x70 ,0x65 ,0x3D 
,0x49 ,0x4E ,0x54 ,0x0D ,0x0A ,0x44 ,0x65 ,0x66 ,0x61 ,0x75 ,0x6C ,0x74 ,0x3D ,0x0D ,0x0A ,0x0D 
,0x0A ,0x5B ,0x4D ,0x65 ,0x73 ,0x73 ,0x61 ,0x67 ,0x65 ,0x54 ,0x79 ,0x70 ,0x65 ,0x5D ,0x0D ,0x0A 
,0x53 ,0x74 ,0x61 ,0x72 ,0x74 ,0x41 ,0x74 ,0x3D ,0x34 ,0x0D ,0x0A ,0x53 ,0x69 ,0x7A ,0x65 ,0x3D 
,0x32 ,0x0D ,0x0A ,0x44 ,0x61 ,0x74 ,0x61 ,0x54 ,0x79 ,0x70 ,0x65 ,0x3D ,0x49 ,0x4E ,0x54 ,0x0D 
,0x0A ,0x44 ,0x65 ,0x66 ,0x61 ,0x75 ,0x6C ,0x74 ,0x3D ,0x30 ,0x30 ,0x0D ,0x0A ,0x0D ,0x0A ,0x5B 
,0x4D ,0x65 ,0x73 ,0x73 ,0x61 ,0x67 ,0x65 ,0x54 ,0x69 ,0x6D ,0x65 ,0x5D ,0x0D ,0x0A ,0x53 ,0x74 
,0x61 ,0x72 ,0x74 ,0x41 ,0x74 ,0x3D ,0x36 ,0x0D ,0x0A ,0x53 ,0x69 ,0x7A ,0x65 ,0x3D ,0x36 ,0x0D 
,0x0A ,0x44 ,0x61 ,0x74 ,0x61 ,0x54 ,0x79 ,0x70 ,0x65 ,0x3D ,0x49 ,0x4E ,0x54 ,0x0D ,0x0A ,0x44 
,0x65 ,0x66 ,0x61 ,0x75 ,0x6C ,0x74 ,0x3D ,0x0D ,0x0A ,0x0D ,0x0A ,0x5B ,0x53 ,0x74 ,0x61 ,0x74 
,0x75 ,0x73 ,0x43 ,0x6F ,0x64 ,0x65 ,0x5D ,0x0D ,0x0A ,0x53 ,0x74 ,0x61 ,0x72 ,0x74 ,0x41 ,0x74 
,0x3D ,0x31 ,0x32 ,0x0D ,0x0A ,0x53 ,0x69 ,0x7A ,0x65 ,0x3D ,0x32 ,0x0D ,0x0A ,0x44 ,0x61 ,0x74 
,0x61 ,0x54 ,0x79 ,0x70 ,0x65 ,0x3D ,0x49 ,0x4E ,0x54 ,0x0D ,0x0A ,0x44 ,0x65 ,0x66 ,0x61 ,0x75 
,0x6C ,0x74 ,0x3D ,0x30 ,0x30 ,0x0D ,0x0A ,0x0D ,0x0A ,0x5B ,0x42 ,0x72 ,0x6F ,0x6B ,0x65 ,0x72 
,0x49 ,0x44 ,0x5D ,0x0D ,0x0A ,0x53 ,0x74 ,0x61 ,0x72 ,0x74 ,0x41 ,0x74 ,0x3D ,0x31 ,0x34 ,0x0D 
,0x0A ,0x53 ,0x69 ,0x7A ,0x65 ,0x3D ,0x34 ,0x0D ,0x0A ,0x44 ,0x61 ,0x74 ,0x61 ,0x54 ,0x79 ,0x70 
,0x65 ,0x3D ,0x53 ,0x54 ,0x52 ,0x49 ,0x4E ,0x47 ,0x0D ,0x0A ,0x44 ,0x65 ,0x66 ,0x61 ,0x75 ,0x6C 
,0x74 ,0x3D ,0x37 ,0x30 ,0x30 ,0x30 ,0x0D ,0x0A ,0x0D ,0x0A ,0x5B ,0x50 ,0x56 ,0x43 ,0x49 ,0x44 
,0x5D ,0x0D ,0x0A ,0x53 ,0x74 ,0x61 ,0x72 ,0x74 ,0x41 ,0x74 ,0x3D ,0x31 ,0x38 ,0x0D ,0x0A ,0x53 
,0x69 ,0x7A ,0x65 ,0x3D ,0x32 ,0x0D ,0x0A ,0x44 ,0x61 ,0x74 ,0x61 ,0x54 ,0x79 ,0x70 ,0x65 ,0x3D 
,0x53 ,0x54 ,0x52 ,0x49 ,0x4E ,0x47 ,0x0D ,0x0A ,0x44 ,0x65 ,0x66 ,0x61 ,0x75 ,0x6C ,0x74 ,0x3D 
,0x58 ,0x58 ,0x0D ,0x0A ,0x0D ,0x0A ,0x5B ,0x4F ,0x72 ,0x64 ,0x65 ,0x72 ,0x49 ,0x44 ,0x5D ,0x0D 
,0x0A ,0x53 ,0x74 ,0x61 ,0x72 ,0x74 ,0x41 ,0x74 ,0x3D ,0x32 ,0x30 ,0x0D ,0x0A ,0x53 ,0x69 ,0x7A 
,0x65 ,0x3D ,0x35 ,0x0D ,0x0A ,0x44 ,0x61 ,0x74 ,0x61 ,0x54 ,0x79 ,0x70 ,0x65 ,0x3D ,0x53 ,0x54 
,0x52 ,0x49 ,0x4E ,0x47 ,0x0D ,0x0A ,0x44 ,0x65 ,0x66 ,0x61 ,0x75 ,0x6C ,0x74 ,0x3D ,0x30 ,0x30 
,0x30 ,0x30 ,0x30 ,0x0D ,0x0A ,0x0D ,0x0A ,0x5B ,0x41 ,0x63 ,0x63 ,0x6F ,0x75 ,0x6E ,0x74 ,0x5D 
,0x0D ,0x0A ,0x53 ,0x74 ,0x61 ,0x72 ,0x74 ,0x41 ,0x74 ,0x3D ,0x32 ,0x35 ,0x0D ,0x0A ,0x53 ,0x69 
,0x7A ,0x65 ,0x3D ,0x37 ,0x0D ,0x0A ,0x44 ,0x61 ,0x74 ,0x61 ,0x54 ,0x79 ,0x70 ,0x65 ,0x3D ,0x49 
,0x4E ,0x54 ,0x0D ,0x0A ,0x44 ,0x65 ,0x66 ,0x61 ,0x75 ,0x6C ,0x74 ,0x3D ,0x0D ,0x0A ,0x0D ,0x0A 
,0x5B ,0x41 ,0x63 ,0x63 ,0x6F ,0x75 ,0x6E ,0x74 ,0x46 ,0x6C ,0x61 ,0x67 ,0x5D ,0x0D ,0x0A ,0x53 
,0x74 ,0x61 ,0x72 ,0x74 ,0x41 ,0x74 ,0x3D ,0x33 ,0x32 ,0x0D ,0x0A ,0x53 ,0x69 ,0x7A ,0x65 ,0x3D 
,0x31 ,0x0D ,0x0A ,0x44 ,0x61 ,0x74 ,0x61 ,0x54 ,0x79 ,0x70 ,0x65 ,0x3D ,0x53 ,0x54 ,0x52 ,0x49 
,0x4E ,0x47 ,0x0D ,0x0A ,0x44 ,0x65 ,0x66 ,0x61 ,0x75 ,0x6C ,0x74 ,0x3D ,0x0D ,0x0A ,0x0D ,0x0A 
,0x5B ,0x53 ,0x79 ,0x6D ,0x62 ,0x6F ,0x6C ,0x5D ,0x0D ,0x0A ,0x53 ,0x74 ,0x61 ,0x72 ,0x74 ,0x41 
,0x74 ,0x3D ,0x33 ,0x33 ,0x0D ,0x0A ,0x53 ,0x69 ,0x7A ,0x65 ,0x3D ,0x36 ,0x0D ,0x0A ,0x44 ,0x61 
,0x74 ,0x61 ,0x54 ,0x79 ,0x70 ,0x65 ,0x3D ,0x53 ,0x54 ,0x52 ,0x49 ,0x4E ,0x47 ,0x0D ,0x0A ,0x44 
,0x65 ,0x66 ,0x61 ,0x75 ,0x6C ,0x74 ,0x3D ,0x0D ,0x0A ,0x0D ,0x0A ,0x5B ,0x50 ,0x72 ,0x69 ,0x63 
,0x65 ,0x5D ,0x0D ,0x0A ,0x53 ,0x74 ,0x61 ,0x72 ,0x74 ,0x41 ,0x74 ,0x3D ,0x33 ,0x39 ,0x0D ,0x0A 
,0x53 ,0x69 ,0x7A ,0x65 ,0x3D ,0x36 ,0x0D ,0x0A ,0x44 ,0x61 ,0x74 ,0x61 ,0x54 ,0x79 ,0x70 ,0x65 
,0x3D ,0x49 ,0x4E ,0x54 ,0x0D ,0x0A ,0x44 ,0x65 ,0x66 ,0x61 ,0x75 ,0x6C ,0x74 ,0x3D ,0x0D ,0x0A 
,0x0D ,0x0A ,0x5B ,0x51 ,0x74 ,0x79 ,0x5D ,0x0D ,0x0A ,0x53 ,0x74 ,0x61 ,0x72 ,0x74 ,0x41 ,0x74 
,0x3D ,0x34 ,0x35 ,0x0D ,0x0A ,0x53 ,0x69 ,0x7A ,0x65 ,0x3D ,0x33 ,0x0D ,0x0A ,0x44 ,0x61 ,0x74 
,0x61 ,0x54 ,0x79 ,0x70 ,0x65 ,0x3D ,0x49 ,0x4E ,0x54 ,0x0D ,0x0A ,0x44 ,0x65 ,0x66 ,0x61 ,0x75 
,0x6C ,0x74 ,0x3D ,0x0D ,0x0A ,0x0D ,0x0A ,0x5B ,0x53 ,0x69 ,0x64 ,0x65 ,0x5D ,0x0D ,0x0A ,0x53 
,0x74 ,0x61 ,0x72 ,0x74 ,0x41 ,0x74 ,0x3D ,0x34 ,0x38 ,0x0D ,0x0A ,0x53 ,0x69 ,0x7A ,0x65 ,0x3D 
,0x31 ,0x0D ,0x0A ,0x44 ,0x61 ,0x74 ,0x61 ,0x54 ,0x79 ,0x70 ,0x65 ,0x3D ,0x53 ,0x54 ,0x52 ,0x49 
,0x4E ,0x47 ,0x0D ,0x0A ,0x44 ,0x65 ,0x66 ,0x61 ,0x75 ,0x6C ,0x74 ,0x3D ,0x0D ,0x0A ,0x0D ,0x0A 
,0x5B ,0x45 ,0x78 ,0x63 ,0x68 ,0x61 ,0x6E ,0x67 ,0x65 ,0x43 ,0x6F ,0x64 ,0x65 ,0x5D ,0x0D ,0x0A 
,0x53 ,0x74 ,0x61 ,0x72 ,0x74 ,0x41 ,0x74 ,0x3D ,0x34 ,0x39 ,0x0D ,0x0A ,0x53 ,0x69 ,0x7A ,0x65 
,0x3D ,0x31 ,0x0D ,0x0A ,0x44 ,0x61 ,0x74 ,0x61 ,0x54 ,0x79 ,0x70 ,0x65 ,0x3D ,0x53 ,0x54 ,0x52 
,0x49 ,0x4E ,0x47 ,0x0D ,0x0A ,0x44 ,0x65 ,0x66 ,0x61 ,0x75 ,0x6C ,0x74 ,0x3D ,0x30 ,0x0D ,0x0A 
,0x0D ,0x0A ,0x5B ,0x54 ,0x53 ,0x45 ,0x4F ,0x72 ,0x64 ,0x65 ,0x72 ,0x54 ,0x79 ,0x70 ,0x65 ,0x5D 
,0x0D ,0x0A ,0x53 ,0x74 ,0x61 ,0x72 ,0x74 ,0x41 ,0x74 ,0x3D ,0x35 ,0x30 ,0x0D ,0x0A ,0x53 ,0x69 
,0x7A ,0x65 ,0x3D ,0x31 ,0x0D ,0x0A ,0x44 ,0x61 ,0x74 ,0x61 ,0x54 ,0x79 ,0x70 ,0x65 ,0x3D ,0x53 
,0x54 ,0x52 ,0x49 ,0x4E ,0x47 ,0x0D ,0x0A ,0x44 ,0x65 ,0x66 ,0x61 ,0x75 ,0x6C ,0x74 ,0x3D ,0x30 
};

UInt8 RSC_TSE_O010[] = {
 0x00 ,0x00 ,0x03 ,0xAD 
,0x0D ,0x0A ,0x5B ,0x46 ,0x69 ,0x78 ,0x65 ,0x64 ,0x46 ,0x6F ,0x72 ,0x6D ,0x61 ,0x74 ,0x43 ,0x6F 
,0x6E ,0x66 ,0x69 ,0x67 ,0x5D ,0x0D ,0x0A ,0x4C ,0x69 ,0x6E ,0x65 ,0x4C ,0x65 ,0x6E ,0x67 ,0x74 
,0x68 ,0x3D ,0x35 ,0x38 ,0x0D ,0x0A ,0x0D ,0x0A ,0x5B ,0x53 ,0x75 ,0x62 ,0x53 ,0x79 ,0x73 ,0x74 
,0x65 ,0x6D ,0x5D ,0x0D ,0x0A ,0x53 ,0x74 ,0x61 ,0x72 ,0x74 ,0x41 ,0x74 ,0x3D ,0x30 ,0x0D ,0x0A 
,0x53 ,0x69 ,0x7A ,0x65 ,0x3D ,0x32 ,0x0D ,0x0A ,0x44 ,0x61 ,0x74 ,0x61 ,0x54 ,0x79 ,0x70 ,0x65 
,0x3D ,0x49 ,0x4E ,0x54 ,0x0D ,0x0A ,0x44 ,0x65 ,0x66 ,0x61 ,0x75 ,0x6C ,0x74 ,0x3D ,0x34 ,0x30 
,0x0D ,0x0A ,0x0D ,0x0A ,0x5B ,0x46 ,0x75 ,0x6E ,0x63 ,0x74 ,0x69 ,0x6F ,0x6E ,0x43 ,0x6F ,0x64 
,0x65 ,0x5D ,0x0D ,0x0A ,0x53 ,0x74 ,0x61 ,0x72 ,0x74 ,0x41 ,0x74 ,0x3D ,0x32 ,0x0D ,0x0A ,0x53 
,0x69 ,0x7A ,0x65 ,0x3D ,0x32 ,0x0D ,0x0A ,0x44 ,0x61 ,0x74 ,0x61 ,0x54 ,0x79 ,0x70 ,0x65 ,0x3D 
,0x49 ,0x4E ,0x54 ,0x0D ,0x0A ,0x44 ,0x65 ,0x66 ,0x61 ,0x75 ,0x6C ,0x74 ,0x3D ,0x0D ,0x0A ,0x0D 
,0x0A ,0x5B ,0x4D ,0x65 ,0x73 ,0x73 ,0x61 ,0x67 ,0x65 ,0x54 ,0x79 ,0x70 ,0x65 ,0x5D ,0x0D ,0x0A 
,0x53 ,0x74 ,0x61 ,0x72 ,0x74 ,0x41 ,0x74 ,0x3D ,0x34 ,0x0D ,0x0A ,0x53 ,0x69 ,0x7A ,0x65 ,0x3D 
,0x32 ,0x0D ,0x0A ,0x44 ,0x61 ,0x74 ,0x61 ,0x54 ,0x79 ,0x70 ,0x65 ,0x3D ,0x49 ,0x4E ,0x54 ,0x0D 
,0x0A ,0x44 ,0x65 ,0x66 ,0x61 ,0x75 ,0x6C ,0x74 ,0x3D ,0x30 ,0x30 ,0x0D ,0x0A ,0x0D ,0x0A ,0x5B 
,0x4D ,0x65 ,0x73 ,0x73 ,0x61 ,0x67 ,0x65 ,0x54 ,0x69 ,0x6D ,0x65 ,0x5D ,0x0D ,0x0A ,0x53 ,0x74 
,0x61 ,0x72 ,0x74 ,0x41 ,0x74 ,0x3D ,0x36 ,0x0D ,0x0A ,0x53 ,0x69 ,0x7A ,0x65 ,0x3D ,0x36 ,0x0D 
,0x0A ,0x44 ,0x61 ,0x74 ,0x61 ,0x54 ,0x79 ,0x70 ,0x65 ,0x3D ,0x49 ,0x4E ,0x54 ,0x0D ,0x0A ,0x44 
,0x65 ,0x66 ,0x61 ,0x75 ,0x6C ,0x74 ,0x3D ,0x0D ,0x0A ,0x0D ,0x0A ,0x5B ,0x53 ,0x74 ,0x61 ,0x74 
,0x75 ,0x73 ,0x43 ,0x6F ,0x64 ,0x65 ,0x5D ,0x0D ,0x0A ,0x53 ,0x74 ,0x61 ,0x72 ,0x74 ,0x41 ,0x74 
,0x3D ,0x31 ,0x32 ,0x0D ,0x0A ,0x53 ,0x69 ,0x7A ,0x65 ,0x3D ,0x32 ,0x0D ,0x0A ,0x44 ,0x61 ,0x74 
,0x61 ,0x54 ,0x79 ,0x70 ,0x65 ,0x3D ,0x49 ,0x4E ,0x54 ,0x0D ,0x0A ,0x44 ,0x65 ,0x66 ,0x61 ,0x75 
,0x6C ,0x74 ,0x3D ,0x30 ,0x30 ,0x0D ,0x0A ,0x0D ,0x0A ,0x5B ,0x42 ,0x72 ,0x6F ,0x6B ,0x65 ,0x72 
,0x49 ,0x44 ,0x5D ,0x0D ,0x0A ,0x53 ,0x74 ,0x61 ,0x72 ,0x74 ,0x41 ,0x74 ,0x3D ,0x31 ,0x34 ,0x0D 
,0x0A ,0x53 ,0x69 ,0x7A ,0x65 ,0x3D ,0x34 ,0x0D ,0x0A ,0x44 ,0x61 ,0x74 ,0x61 ,0x54 ,0x79 ,0x70 
,0x65 ,0x3D ,0x53 ,0x54 ,0x52 ,0x49 ,0x4E ,0x47 ,0x0D ,0x0A ,0x44 ,0x65 ,0x66 ,0x61 ,0x75 ,0x6C 
,0x74 ,0x3D ,0x37 ,0x30 ,0x30 ,0x30 ,0x0D ,0x0A ,0x0D ,0x0A ,0x5B ,0x50 ,0x56 ,0x43 ,0x49 ,0x44 
,0x5D ,0x0D ,0x0A ,0x53 ,0x74 ,0x61 ,0x72 ,0x74 ,0x41 ,0x74 ,0x3D ,0x31 ,0x38 ,0x0D ,0x0A ,0x53 
,0x69 ,0x7A ,0x65 ,0x3D ,0x32 ,0x0D ,0x0A ,0x44 ,0x61 ,0x74 ,0x61 ,0x54 ,0x79 ,0x70 ,0x65 ,0x3D 
,0x53 ,0x54 ,0x52 ,0x49 ,0x4E ,0x47 ,0x0D ,0x0A ,0x44 ,0x65 ,0x66 ,0x61 ,0x75 ,0x6C ,0x74 ,0x3D 
,0x58 ,0x58 ,0x0D ,0x0A ,0x0D ,0x0A ,0x5B ,0x4F ,0x72 ,0x64 ,0x65 ,0x72 ,0x49 ,0x44 ,0x5D ,0x0D 
,0x0A ,0x53 ,0x74 ,0x61 ,0x72 ,0x74 ,0x41 ,0x74 ,0x3D ,0x32 ,0x30 ,0x0D ,0x0A ,0x53 ,0x69 ,0x7A 
,0x65 ,0x3D ,0x35 ,0x0D ,0x0A ,0x44 ,0x61 ,0x74 ,0x61 ,0x54 ,0x79 ,0x70 ,0x65 ,0x3D ,0x53 ,0x54 
,0x52 ,0x49 ,0x4E ,0x47 ,0x0D ,0x0A ,0x44 ,0x65 ,0x66 ,0x61 ,0x75 ,0x6C ,0x74 ,0x3D ,0x30 ,0x30 
,0x30 ,0x30 ,0x30 ,0x0D ,0x0A ,0x0D ,0x0A ,0x5B ,0x41 ,0x63 ,0x63 ,0x6F ,0x75 ,0x6E ,0x74 ,0x5D 
,0x0D ,0x0A ,0x53 ,0x74 ,0x61 ,0x72 ,0x74 ,0x41 ,0x74 ,0x3D ,0x32 ,0x35 ,0x0D ,0x0A ,0x53 ,0x69 
,0x7A ,0x65 ,0x3D ,0x37 ,0x0D ,0x0A ,0x44 ,0x61 ,0x74 ,0x61 ,0x54 ,0x79 ,0x70 ,0x65 ,0x3D ,0x49 
,0x4E ,0x54 ,0x0D ,0x0A ,0x44 ,0x65 ,0x66 ,0x61 ,0x75 ,0x6C ,0x74 ,0x3D ,0x0D ,0x0A ,0x0D ,0x0A 
,0x5B ,0x53 ,0x79 ,0x6D ,0x62 ,0x6F ,0x6C ,0x5D ,0x0D ,0x0A ,0x53 ,0x74 ,0x61 ,0x72 ,0x74 ,0x41 
,0x74 ,0x3D ,0x33 ,0x32 ,0x0D ,0x0A ,0x53 ,0x69 ,0x7A ,0x65 ,0x3D ,0x36 ,0x0D ,0x0A ,0x44 ,0x61 
,0x74 ,0x61 ,0x54 ,0x79 ,0x70 ,0x65 ,0x3D ,0x53 ,0x54 ,0x52 ,0x49 ,0x4E ,0x47 ,0x0D ,0x0A ,0x44 
,0x65 ,0x66 ,0x61 ,0x75 ,0x6C ,0x74 ,0x3D ,0x0D ,0x0A ,0x0D ,0x0A ,0x5B ,0x50 ,0x72 ,0x69 ,0x63 
,0x65 ,0x5D ,0x0D ,0x0A ,0x53 ,0x74 ,0x61 ,0x72 ,0x74 ,0x41 ,0x74 ,0x3D ,0x33 ,0x38 ,0x0D ,0x0A 
,0x53 ,0x69 ,0x7A ,0x65 ,0x3D ,0x36 ,0x0D ,0x0A ,0x44 ,0x61 ,0x74 ,0x61 ,0x54 ,0x79 ,0x70 ,0x65 
,0x3D ,0x49 ,0x4E ,0x54 ,0x0D ,0x0A ,0x44 ,0x65 ,0x66 ,0x61 ,0x75 ,0x6C ,0x74 ,0x3D ,0x0D ,0x0A 
,0x0D ,0x0A ,0x5B ,0x51 ,0x74 ,0x79 ,0x5D ,0x0D ,0x0A ,0x53 ,0x74 ,0x61 ,0x72 ,0x74 ,0x41 ,0x74 
,0x3D ,0x34 ,0x34 ,0x0D ,0x0A ,0x53 ,0x69 ,0x7A ,0x65 ,0x3D ,0x38 ,0x0D ,0x0A ,0x44 ,0x61 ,0x74 
,0x61 ,0x54 ,0x79 ,0x70 ,0x65 ,0x3D ,0x49 ,0x4E ,0x54 ,0x0D ,0x0A ,0x44 ,0x65 ,0x66 ,0x61 ,0x75 
,0x6C ,0x74 ,0x3D ,0x0D ,0x0A ,0x0D ,0x0A ,0x5B ,0x53 ,0x69 ,0x64 ,0x65 ,0x5D ,0x0D ,0x0A ,0x53 
,0x74 ,0x61 ,0x72 ,0x74 ,0x41 ,0x74 ,0x3D ,0x35 ,0x32 ,0x0D ,0x0A ,0x53 ,0x69 ,0x7A ,0x65 ,0x3D 
,0x31 ,0x0D ,0x0A ,0x44 ,0x61 ,0x74 ,0x61 ,0x54 ,0x79 ,0x70 ,0x65 ,0x3D ,0x53 ,0x54 ,0x52 ,0x49 
,0x4E ,0x47 ,0x0D ,0x0A ,0x44 ,0x65 ,0x66 ,0x61 ,0x75 ,0x6C ,0x74 ,0x3D ,0x0D ,0x0A ,0x0D ,0x0A 
,0x5B ,0x54 ,0x72 ,0x61 ,0x64 ,0x65 ,0x4B ,0x69 ,0x6E ,0x64 ,0x5D ,0x0D ,0x0A ,0x53 ,0x74 ,0x61 
,0x72 ,0x74 ,0x41 ,0x74 ,0x3D ,0x35 ,0x33 ,0x0D ,0x0A ,0x53 ,0x69 ,0x7A ,0x65 ,0x3D ,0x31 ,0x0D 
,0x0A ,0x44 ,0x61 ,0x74 ,0x61 ,0x54 ,0x79 ,0x70 ,0x65 ,0x3D ,0x53 ,0x54 ,0x52 ,0x49 ,0x4E ,0x47 
,0x0D ,0x0A ,0x44 ,0x65 ,0x66 ,0x61 ,0x75 ,0x6C ,0x74 ,0x3D ,0x30 ,0x0D ,0x0A ,0x0D ,0x0A ,0x5B 
,0x4F ,0x62 ,0x6A ,0x65 ,0x63 ,0x74 ,0x42 ,0x72 ,0x6F ,0x6B ,0x65 ,0x72 ,0x5D ,0x0D ,0x0A ,0x53 
,0x74 ,0x61 ,0x72 ,0x74 ,0x41 ,0x74 ,0x3D ,0x35 ,0x34 ,0x0D ,0x0A ,0x53 ,0x69 ,0x7A ,0x65 ,0x3D 
,0x34 ,0x0D ,0x0A ,0x44 ,0x61 ,0x74 ,0x61 ,0x54 ,0x79 ,0x70 ,0x65 ,0x3D ,0x53 ,0x54 ,0x52 ,0x49 
,0x4E ,0x47 ,0x0D ,0x0A ,0x44 ,0x65 ,0x66 ,0x61 ,0x75 ,0x6C ,0x74 ,0x3D ,0x30 
};

UInt8 RSC_TSE_P010[] = {
 0x00 ,0x00 ,0x03 ,0xF0 
,0x0D ,0x0A ,0x5B ,0x46 ,0x69 ,0x78 ,0x65 ,0x64 ,0x46 ,0x6F ,0x72 ,0x6D ,0x61 ,0x74 ,0x43 ,0x6F 
,0x6E ,0x66 ,0x69 ,0x67 ,0x5D ,0x0D ,0x0A ,0x4C ,0x69 ,0x6E ,0x65 ,0x4C ,0x65 ,0x6E ,0x67 ,0x74 
,0x68 ,0x3D ,0x35 ,0x31 ,0x0D ,0x0A ,0x0D ,0x0A ,0x5B ,0x53 ,0x75 ,0x62 ,0x53 ,0x79 ,0x73 ,0x74 
,0x65 ,0x6D ,0x5D ,0x0D ,0x0A ,0x53 ,0x74 ,0x61 ,0x72 ,0x74 ,0x41 ,0x74 ,0x3D ,0x30 ,0x0D ,0x0A 
,0x53 ,0x69 ,0x7A ,0x65 ,0x3D ,0x32 ,0x0D ,0x0A ,0x44 ,0x61 ,0x74 ,0x61 ,0x54 ,0x79 ,0x70 ,0x65 
,0x3D ,0x49 ,0x4E ,0x54 ,0x0D ,0x0A ,0x44 ,0x65 ,0x66 ,0x61 ,0x75 ,0x6C ,0x74 ,0x3D ,0x33 ,0x32 
,0x0D ,0x0A ,0x0D ,0x0A ,0x5B ,0x46 ,0x75 ,0x6E ,0x63 ,0x74 ,0x69 ,0x6F ,0x6E ,0x43 ,0x6F ,0x64 
,0x65 ,0x5D ,0x0D ,0x0A ,0x53 ,0x74 ,0x61 ,0x72 ,0x74 ,0x41 ,0x74 ,0x3D ,0x32 ,0x0D ,0x0A ,0x53 
,0x69 ,0x7A ,0x65 ,0x3D ,0x32 ,0x0D ,0x0A ,0x44 ,0x61 ,0x74 ,0x61 ,0x54 ,0x79 ,0x70 ,0x65 ,0x3D 
,0x49 ,0x4E ,0x54 ,0x0D ,0x0A ,0x44 ,0x65 ,0x66 ,0x61 ,0x75 ,0x6C ,0x74 ,0x3D ,0x0D ,0x0A ,0x0D 
,0x0A ,0x5B ,0x4D ,0x65 ,0x73 ,0x73 ,0x61 ,0x67 ,0x65 ,0x54 ,0x79 ,0x70 ,0x65 ,0x5D ,0x0D ,0x0A 
,0x53 ,0x74 ,0x61 ,0x72 ,0x74 ,0x41 ,0x74 ,0x3D ,0x34 ,0x0D ,0x0A ,0x53 ,0x69 ,0x7A ,0x65 ,0x3D 
,0x32 ,0x0D ,0x0A ,0x44 ,0x61 ,0x74 ,0x61 ,0x54 ,0x79 ,0x70 ,0x65 ,0x3D ,0x49 ,0x4E ,0x54 ,0x0D 
,0x0A ,0x44 ,0x65 ,0x66 ,0x61 ,0x75 ,0x6C ,0x74 ,0x3D ,0x30 ,0x30 ,0x0D ,0x0A ,0x0D ,0x0A ,0x5B 
,0x4D ,0x65 ,0x73 ,0x73 ,0x61 ,0x67 ,0x65 ,0x54 ,0x69 ,0x6D ,0x65 ,0x5D ,0x0D ,0x0A ,0x53 ,0x74 
,0x61 ,0x72 ,0x74 ,0x41 ,0x74 ,0x3D ,0x36 ,0x0D ,0x0A ,0x53 ,0x69 ,0x7A ,0x65 ,0x3D ,0x36 ,0x0D 
,0x0A ,0x44 ,0x61 ,0x74 ,0x61 ,0x54 ,0x79 ,0x70 ,0x65 ,0x3D ,0x49 ,0x4E ,0x54 ,0x0D ,0x0A ,0x44 
,0x65 ,0x66 ,0x61 ,0x75 ,0x6C ,0x74 ,0x3D ,0x0D ,0x0A ,0x0D ,0x0A ,0x5B ,0x53 ,0x74 ,0x61 ,0x74 
,0x75 ,0x73 ,0x43 ,0x6F ,0x64 ,0x65 ,0x5D ,0x0D ,0x0A ,0x53 ,0x74 ,0x61 ,0x72 ,0x74 ,0x41 ,0x74 
,0x3D ,0x31 ,0x32 ,0x0D ,0x0A ,0x53 ,0x69 ,0x7A ,0x65 ,0x3D ,0x32 ,0x0D ,0x0A ,0x44 ,0x61 ,0x74 
,0x61 ,0x54 ,0x79 ,0x70 ,0x65 ,0x3D ,0x49 ,0x4E ,0x54 ,0x0D ,0x0A ,0x44 ,0x65 ,0x66 ,0x61 ,0x75 
,0x6C ,0x74 ,0x3D ,0x30 ,0x30 ,0x0D ,0x0A ,0x0D ,0x0A ,0x5B ,0x42 ,0x72 ,0x6F ,0x6B ,0x65 ,0x72 
,0x49 ,0x44 ,0x5D ,0x0D ,0x0A ,0x53 ,0x74 ,0x61 ,0x72 ,0x74 ,0x41 ,0x74 ,0x3D ,0x31 ,0x34 ,0x0D 
,0x0A ,0x53 ,0x69 ,0x7A ,0x65 ,0x3D ,0x34 ,0x0D ,0x0A ,0x44 ,0x61 ,0x74 ,0x61 ,0x54 ,0x79 ,0x70 
,0x65 ,0x3D ,0x53 ,0x54 ,0x52 ,0x49 ,0x4E ,0x47 ,0x0D ,0x0A ,0x44 ,0x65 ,0x66 ,0x61 ,0x75 ,0x6C 
,0x74 ,0x3D ,0x37 ,0x30 ,0x30 ,0x30 ,0x0D ,0x0A ,0x0D ,0x0A ,0x5B ,0x50 ,0x56 ,0x43 ,0x49 ,0x44 
,0x5D ,0x0D ,0x0A ,0x53 ,0x74 ,0x61 ,0x72 ,0x74 ,0x41 ,0x74 ,0x3D ,0x31 ,0x38 ,0x0D ,0x0A ,0x53 
,0x69 ,0x7A ,0x65 ,0x3D ,0x32 ,0x0D ,0x0A ,0x44 ,0x61 ,0x74 ,0x61 ,0x54 ,0x79 ,0x70 ,0x65 ,0x3D 
,0x53 ,0x54 ,0x52 ,0x49 ,0x4E ,0x47 ,0x0D ,0x0A ,0x44 ,0x65 ,0x66 ,0x61 ,0x75 ,0x6C ,0x74 ,0x3D 
,0x58 ,0x58 ,0x0D ,0x0A ,0x0D ,0x0A ,0x5B ,0x4F ,0x72 ,0x64 ,0x65 ,0x72 ,0x49 ,0x44 ,0x5D ,0x0D 
,0x0A ,0x53 ,0x74 ,0x61 ,0x72 ,0x74 ,0x41 ,0x74 ,0x3D ,0x32 ,0x30 ,0x0D ,0x0A ,0x53 ,0x69 ,0x7A 
,0x65 ,0x3D ,0x35 ,0x0D ,0x0A ,0x44 ,0x61 ,0x74 ,0x61 ,0x54 ,0x79 ,0x70 ,0x65 ,0x3D ,0x53 ,0x54 
,0x52 ,0x49 ,0x4E ,0x47 ,0x0D ,0x0A ,0x44 ,0x65 ,0x66 ,0x61 ,0x75 ,0x6C ,0x74 ,0x3D ,0x30 ,0x30 
,0x30 ,0x30 ,0x30 ,0x0D ,0x0A ,0x0D ,0x0A ,0x5B ,0x41 ,0x63 ,0x63 ,0x6F ,0x75 ,0x6E ,0x74 ,0x5D 
,0x0D ,0x0A ,0x53 ,0x74 ,0x61 ,0x72 ,0x74 ,0x41 ,0x74 ,0x3D ,0x32 ,0x35 ,0x0D ,0x0A ,0x53 ,0x69 
,0x7A ,0x65 ,0x3D ,0x37 ,0x0D ,0x0A ,0x44 ,0x61 ,0x74 ,0x61 ,0x54 ,0x79 ,0x70 ,0x65 ,0x3D ,0x49 
,0x4E ,0x54 ,0x0D ,0x0A ,0x44 ,0x65 ,0x66 ,0x61 ,0x75 ,0x6C ,0x74 ,0x3D ,0x0D ,0x0A ,0x0D ,0x0A 
,0x5B ,0x41 ,0x63 ,0x63 ,0x6F ,0x75 ,0x6E ,0x74 ,0x46 ,0x6C ,0x61 ,0x67 ,0x5D ,0x0D ,0x0A ,0x53 
,0x74 ,0x61 ,0x72 ,0x74 ,0x41 ,0x74 ,0x3D ,0x33 ,0x32 ,0x0D ,0x0A ,0x53 ,0x69 ,0x7A ,0x65 ,0x3D 
,0x31 ,0x0D ,0x0A ,0x44 ,0x61 ,0x74 ,0x61 ,0x54 ,0x79 ,0x70 ,0x65 ,0x3D ,0x53 ,0x54 ,0x52 ,0x49 
,0x4E ,0x47 ,0x0D ,0x0A ,0x44 ,0x65 ,0x66 ,0x61 ,0x75 ,0x6C ,0x74 ,0x3D ,0x0D ,0x0A ,0x0D ,0x0A 
,0x5B ,0x53 ,0x79 ,0x6D ,0x62 ,0x6F ,0x6C ,0x5D ,0x0D ,0x0A ,0x53 ,0x74 ,0x61 ,0x72 ,0x74 ,0x41 
,0x74 ,0x3D ,0x33 ,0x33 ,0x0D ,0x0A ,0x53 ,0x69 ,0x7A ,0x65 ,0x3D ,0x36 ,0x0D ,0x0A ,0x44 ,0x61 
,0x74 ,0x61 ,0x54 ,0x79 ,0x70 ,0x65 ,0x3D ,0x53 ,0x54 ,0x52 ,0x49 ,0x4E ,0x47 ,0x0D ,0x0A ,0x44 
,0x65 ,0x66 ,0x61 ,0x75 ,0x6C ,0x74 ,0x3D ,0x0D ,0x0A ,0x0D ,0x0A ,0x5B ,0x50 ,0x72 ,0x69 ,0x63 
,0x65 ,0x5D ,0x0D ,0x0A ,0x53 ,0x74 ,0x61 ,0x72 ,0x74 ,0x41 ,0x74 ,0x3D ,0x33 ,0x39 ,0x0D ,0x0A 
,0x53 ,0x69 ,0x7A ,0x65 ,0x3D ,0x36 ,0x0D ,0x0A ,0x44 ,0x61 ,0x74 ,0x61 ,0x54 ,0x79 ,0x70 ,0x65 
,0x3D ,0x49 ,0x4E ,0x54 ,0x0D ,0x0A ,0x44 ,0x65 ,0x66 ,0x61 ,0x75 ,0x6C ,0x74 ,0x3D ,0x0D ,0x0A 
,0x0D ,0x0A ,0x5B ,0x51 ,0x74 ,0x79 ,0x5D ,0x0D ,0x0A ,0x53 ,0x74 ,0x61 ,0x72 ,0x74 ,0x41 ,0x74 
,0x3D ,0x34 ,0x35 ,0x0D ,0x0A ,0x53 ,0x69 ,0x7A ,0x65 ,0x3D ,0x33 ,0x0D ,0x0A ,0x44 ,0x61 ,0x74 
,0x61 ,0x54 ,0x79 ,0x70 ,0x65 ,0x3D ,0x49 ,0x4E ,0x54 ,0x0D ,0x0A ,0x44 ,0x65 ,0x66 ,0x61 ,0x75 
,0x6C ,0x74 ,0x3D ,0x0D ,0x0A ,0x0D ,0x0A ,0x5B ,0x53 ,0x69 ,0x64 ,0x65 ,0x5D ,0x0D ,0x0A ,0x53 
,0x74 ,0x61 ,0x72 ,0x74 ,0x41 ,0x74 ,0x3D ,0x34 ,0x38 ,0x0D ,0x0A ,0x53 ,0x69 ,0x7A ,0x65 ,0x3D 
,0x31 ,0x0D ,0x0A ,0x44 ,0x61 ,0x74 ,0x61 ,0x54 ,0x79 ,0x70 ,0x65 ,0x3D ,0x53 ,0x54 ,0x52 ,0x49 
,0x4E ,0x47 ,0x0D ,0x0A ,0x44 ,0x65 ,0x66 ,0x61 ,0x75 ,0x6C ,0x74 ,0x3D ,0x0D ,0x0A ,0x0D ,0x0A 
,0x5B ,0x45 ,0x78 ,0x63 ,0x68 ,0x61 ,0x6E ,0x67 ,0x65 ,0x43 ,0x6F ,0x64 ,0x65 ,0x5D ,0x0D ,0x0A 
,0x53 ,0x74 ,0x61 ,0x72 ,0x74 ,0x41 ,0x74 ,0x3D ,0x34 ,0x39 ,0x0D ,0x0A ,0x53 ,0x69 ,0x7A ,0x65 
,0x3D ,0x31 ,0x0D ,0x0A ,0x44 ,0x61 ,0x74 ,0x61 ,0x54 ,0x79 ,0x70 ,0x65 ,0x3D ,0x53 ,0x54 ,0x52 
,0x49 ,0x4E ,0x47 ,0x0D ,0x0A ,0x44 ,0x65 ,0x66 ,0x61 ,0x75 ,0x6C ,0x74 ,0x3D ,0x30 ,0x0D ,0x0A 
,0x0D ,0x0A ,0x5B ,0x54 ,0x53 ,0x45 ,0x4F ,0x72 ,0x64 ,0x65 ,0x72 ,0x54 ,0x79 ,0x70 ,0x65 ,0x5D 
,0x0D ,0x0A ,0x53 ,0x74 ,0x61 ,0x72 ,0x74 ,0x41 ,0x74 ,0x3D ,0x35 ,0x30 ,0x0D ,0x0A ,0x53 ,0x69 
,0x7A ,0x65 ,0x3D ,0x31 ,0x0D ,0x0A ,0x44 ,0x61 ,0x74 ,0x61 ,0x54 ,0x79 ,0x70 ,0x65 ,0x3D ,0x53 
,0x54 ,0x52 ,0x49 ,0x4E ,0x47 ,0x0D ,0x0A ,0x44 ,0x65 ,0x66 ,0x61 ,0x75 ,0x6C ,0x74 ,0x3D ,0x30 
};

UInt8 RSC_TSE_T020[] = {
 0x00 ,0x00 ,0x04 ,0xE5 
,0x0D ,0x0A ,0x5B ,0x46 ,0x69 ,0x78 ,0x65 ,0x64 ,0x46 ,0x6F ,0x72 ,0x6D ,0x61 ,0x74 ,0x43 ,0x6F 
,0x6E ,0x66 ,0x69 ,0x67 ,0x5D ,0x0D ,0x0A ,0x4C ,0x69 ,0x6E ,0x65 ,0x4C ,0x65 ,0x6E ,0x67 ,0x74 
,0x68 ,0x3D ,0x36 ,0x39 ,0x0D ,0x0A ,0x0D ,0x0A ,0x5B ,0x53 ,0x75 ,0x62 ,0x53 ,0x79 ,0x73 ,0x74 
,0x65 ,0x6D ,0x5D ,0x0D ,0x0A ,0x53 ,0x74 ,0x61 ,0x72 ,0x74 ,0x41 ,0x74 ,0x3D ,0x30 ,0x0D ,0x0A 
,0x53 ,0x69 ,0x7A ,0x65 ,0x3D ,0x32 ,0x0D ,0x0A ,0x44 ,0x61 ,0x74 ,0x61 ,0x54 ,0x79 ,0x70 ,0x65 
,0x3D ,0x49 ,0x4E ,0x54 ,0x0D ,0x0A ,0x44 ,0x65 ,0x66 ,0x61 ,0x75 ,0x6C ,0x74 ,0x3D ,0x33 ,0x30 
,0x0D ,0x0A ,0x0D ,0x0A ,0x5B ,0x46 ,0x75 ,0x6E ,0x63 ,0x74 ,0x69 ,0x6F ,0x6E ,0x43 ,0x6F ,0x64 
,0x65 ,0x5D ,0x0D ,0x0A ,0x53 ,0x74 ,0x61 ,0x72 ,0x74 ,0x41 ,0x74 ,0x3D ,0x32 ,0x0D ,0x0A ,0x53 
,0x69 ,0x7A ,0x65 ,0x3D ,0x32 ,0x0D ,0x0A ,0x44 ,0x61 ,0x74 ,0x61 ,0x54 ,0x79 ,0x70 ,0x65 ,0x3D 
,0x49 ,0x4E ,0x54 ,0x0D ,0x0A ,0x44 ,0x65 ,0x66 ,0x61 ,0x75 ,0x6C ,0x74 ,0x3D ,0x0D ,0x0A ,0x0D 
,0x0A ,0x5B ,0x4D ,0x65 ,0x73 ,0x73 ,0x61 ,0x67 ,0x65 ,0x54 ,0x79 ,0x70 ,0x65 ,0x5D ,0x0D ,0x0A 
,0x53 ,0x74 ,0x61 ,0x72 ,0x74 ,0x41 ,0x74 ,0x3D ,0x34 ,0x0D ,0x0A ,0x53 ,0x69 ,0x7A ,0x65 ,0x3D 
,0x32 ,0x0D ,0x0A ,0x44 ,0x61 ,0x74 ,0x61 ,0x54 ,0x79 ,0x70 ,0x65 ,0x3D ,0x49 ,0x4E ,0x54 ,0x0D 
,0x0A ,0x44 ,0x65 ,0x66 ,0x61 ,0x75 ,0x6C ,0x74 ,0x3D ,0x30 ,0x31 ,0x0D ,0x0A ,0x0D ,0x0A ,0x5B 
,0x4D ,0x65 ,0x73 ,0x73 ,0x61 ,0x67 ,0x65 ,0x54 ,0x69 ,0x6D ,0x65 ,0x5D ,0x0D ,0x0A ,0x53 ,0x74 
,0x61 ,0x72 ,0x74 ,0x41 ,0x74 ,0x3D ,0x36 ,0x0D ,0x0A ,0x53 ,0x69 ,0x7A ,0x65 ,0x3D ,0x36 ,0x0D 
,0x0A ,0x44 ,0x61 ,0x74 ,0x61 ,0x54 ,0x79 ,0x70 ,0x65 ,0x3D ,0x49 ,0x4E ,0x54 ,0x0D ,0x0A ,0x44 
,0x65 ,0x66 ,0x61 ,0x75 ,0x6C ,0x74 ,0x3D ,0x0D ,0x0A ,0x0D ,0x0A ,0x5B ,0x53 ,0x74 ,0x61 ,0x74 
,0x75 ,0x73 ,0x43 ,0x6F ,0x64 ,0x65 ,0x5D ,0x0D ,0x0A ,0x53 ,0x74 ,0x61 ,0x72 ,0x74 ,0x41 ,0x74 
,0x3D ,0x31 ,0x32 ,0x0D ,0x0A ,0x53 ,0x69 ,0x7A ,0x65 ,0x3D ,0x32 ,0x0D ,0x0A ,0x44 ,0x61 ,0x74 
,0x61 ,0x54 ,0x79 ,0x70 ,0x65 ,0x3D ,0x49 ,0x4E ,0x54 ,0x0D ,0x0A ,0x44 ,0x65 ,0x66 ,0x61 ,0x75 
,0x6C ,0x74 ,0x3D ,0x30 ,0x30 ,0x0D ,0x0A ,0x0D ,0x0A ,0x5B ,0x42 ,0x72 ,0x6F ,0x6B ,0x65 ,0x72 
,0x49 ,0x44 ,0x5D ,0x0D ,0x0A ,0x53 ,0x74 ,0x61 ,0x72 ,0x74 ,0x41 ,0x74 ,0x3D ,0x31 ,0x34 ,0x0D 
,0x0A ,0x53 ,0x69 ,0x7A ,0x65 ,0x3D ,0x34 ,0x0D ,0x0A ,0x44 ,0x61 ,0x74 ,0x61 ,0x54 ,0x79 ,0x70 
,0x65 ,0x3D ,0x53 ,0x54 ,0x52 ,0x49 ,0x4E ,0x47 ,0x0D ,0x0A ,0x44 ,0x65 ,0x66 ,0x61 ,0x75 ,0x6C 
,0x74 ,0x3D ,0x37 ,0x30 ,0x30 ,0x30 ,0x0D ,0x0A ,0x0D ,0x0A ,0x5B ,0x50 ,0x56 ,0x43 ,0x49 ,0x44 
,0x5D ,0x0D ,0x0A ,0x53 ,0x74 ,0x61 ,0x72 ,0x74 ,0x41 ,0x74 ,0x3D ,0x31 ,0x38 ,0x0D ,0x0A ,0x53 
,0x69 ,0x7A ,0x65 ,0x3D ,0x32 ,0x0D ,0x0A ,0x44 ,0x61 ,0x74 ,0x61 ,0x54 ,0x79 ,0x70 ,0x65 ,0x3D 
,0x53 ,0x54 ,0x52 ,0x49 ,0x4E ,0x47 ,0x0D ,0x0A ,0x44 ,0x65 ,0x66 ,0x61 ,0x75 ,0x6C ,0x74 ,0x3D 
,0x58 ,0x58 ,0x0D ,0x0A ,0x0D ,0x0A ,0x5B ,0x4F ,0x72 ,0x64 ,0x65 ,0x72 ,0x49 ,0x44 ,0x5D ,0x0D 
,0x0A ,0x53 ,0x74 ,0x61 ,0x72 ,0x74 ,0x41 ,0x74 ,0x3D ,0x32 ,0x30 ,0x0D ,0x0A ,0x53 ,0x69 ,0x7A 
,0x65 ,0x3D ,0x35 ,0x0D ,0x0A ,0x44 ,0x61 ,0x74 ,0x61 ,0x54 ,0x79 ,0x70 ,0x65 ,0x3D ,0x53 ,0x54 
,0x52 ,0x49 ,0x4E ,0x47 ,0x0D ,0x0A ,0x44 ,0x65 ,0x66 ,0x61 ,0x75 ,0x6C ,0x74 ,0x3D ,0x30 ,0x30 
,0x30 ,0x30 ,0x30 ,0x0D ,0x0A ,0x0D ,0x0A ,0x5B ,0x41 ,0x63 ,0x63 ,0x6F ,0x75 ,0x6E ,0x74 ,0x5D 
,0x0D ,0x0A ,0x53 ,0x74 ,0x61 ,0x72 ,0x74 ,0x41 ,0x74 ,0x3D ,0x32 ,0x35 ,0x0D ,0x0A ,0x53 ,0x69 
,0x7A ,0x65 ,0x3D ,0x37 ,0x0D ,0x0A ,0x44 ,0x61 ,0x74 ,0x61 ,0x54 ,0x79 ,0x70 ,0x65 ,0x3D ,0x49 
,0x4E ,0x54 ,0x0D ,0x0A ,0x44 ,0x65 ,0x66 ,0x61 ,0x75 ,0x6C ,0x74 ,0x3D ,0x0D ,0x0A ,0x0D ,0x0A 
,0x5B ,0x41 ,0x63 ,0x63 ,0x6F ,0x75 ,0x6E ,0x74 ,0x46 ,0x6C ,0x61 ,0x67 ,0x5D ,0x0D ,0x0A ,0x53 
,0x74 ,0x61 ,0x72 ,0x74 ,0x41 ,0x74 ,0x3D ,0x33 ,0x32 ,0x0D ,0x0A ,0x53 ,0x69 ,0x7A ,0x65 ,0x3D 
,0x31 ,0x0D ,0x0A ,0x44 ,0x61 ,0x74 ,0x61 ,0x54 ,0x79 ,0x70 ,0x65 ,0x3D ,0x53 ,0x54 ,0x52 ,0x49 
,0x4E ,0x47 ,0x0D ,0x0A ,0x44 ,0x65 ,0x66 ,0x61 ,0x75 ,0x6C ,0x74 ,0x3D ,0x0D ,0x0A ,0x0D ,0x0A 
,0x5B ,0x53 ,0x79 ,0x6D ,0x62 ,0x6F ,0x6C ,0x5D ,0x0D ,0x0A ,0x53 ,0x74 ,0x61 ,0x72 ,0x74 ,0x41 
,0x74 ,0x3D ,0x33 ,0x33 ,0x0D ,0x0A ,0x53 ,0x69 ,0x7A ,0x65 ,0x3D ,0x36 ,0x0D ,0x0A ,0x44 ,0x61 
,0x74 ,0x61 ,0x54 ,0x79 ,0x70 ,0x65 ,0x3D ,0x53 ,0x54 ,0x52 ,0x49 ,0x4E ,0x47 ,0x0D ,0x0A ,0x44 
,0x65 ,0x66 ,0x61 ,0x75 ,0x6C ,0x74 ,0x3D ,0x0D ,0x0A ,0x0D ,0x0A ,0x5B ,0x50 ,0x72 ,0x69 ,0x63 
,0x65 ,0x5D ,0x0D ,0x0A ,0x53 ,0x74 ,0x61 ,0x72 ,0x74 ,0x41 ,0x74 ,0x3D ,0x33 ,0x39 ,0x0D ,0x0A 
,0x53 ,0x69 ,0x7A ,0x65 ,0x3D ,0x36 ,0x0D ,0x0A ,0x44 ,0x61 ,0x74 ,0x61 ,0x54 ,0x79 ,0x70 ,0x65 
,0x3D ,0x49 ,0x4E ,0x54 ,0x0D ,0x0A ,0x44 ,0x65 ,0x66 ,0x61 ,0x75 ,0x6C ,0x74 ,0x3D ,0x0D ,0x0A 
,0x0D ,0x0A ,0x5B ,0x51 ,0x74 ,0x79 ,0x5D ,0x0D ,0x0A ,0x53 ,0x74 ,0x61 ,0x72 ,0x74 ,0x41 ,0x74 
,0x3D ,0x34 ,0x35 ,0x0D ,0x0A ,0x53 ,0x69 ,0x7A ,0x65 ,0x3D ,0x33 ,0x0D ,0x0A ,0x44 ,0x61 ,0x74 
,0x61 ,0x54 ,0x79 ,0x70 ,0x65 ,0x3D ,0x49 ,0x4E ,0x54 ,0x0D ,0x0A ,0x44 ,0x65 ,0x66 ,0x61 ,0x75 
,0x6C ,0x74 ,0x3D ,0x0D ,0x0A ,0x0D ,0x0A ,0x5B ,0x53 ,0x69 ,0x64 ,0x65 ,0x5D ,0x0D ,0x0A ,0x53 
,0x74 ,0x61 ,0x72 ,0x74 ,0x41 ,0x74 ,0x3D ,0x34 ,0x38 ,0x0D ,0x0A ,0x53 ,0x69 ,0x7A ,0x65 ,0x3D 
,0x31 ,0x0D ,0x0A ,0x44 ,0x61 ,0x74 ,0x61 ,0x54 ,0x79 ,0x70 ,0x65 ,0x3D ,0x53 ,0x54 ,0x52 ,0x49 
,0x4E ,0x47 ,0x0D ,0x0A ,0x44 ,0x65 ,0x66 ,0x61 ,0x75 ,0x6C ,0x74 ,0x3D ,0x0D ,0x0A ,0x0D ,0x0A 
,0x5B ,0x45 ,0x78 ,0x63 ,0x68 ,0x61 ,0x6E ,0x67 ,0x65 ,0x43 ,0x6F ,0x64 ,0x65 ,0x5D ,0x0D ,0x0A 
,0x53 ,0x74 ,0x61 ,0x72 ,0x74 ,0x41 ,0x74 ,0x3D ,0x34 ,0x39 ,0x0D ,0x0A ,0x53 ,0x69 ,0x7A ,0x65 
,0x3D ,0x31 ,0x0D ,0x0A ,0x44 ,0x61 ,0x74 ,0x61 ,0x54 ,0x79 ,0x70 ,0x65 ,0x3D ,0x53 ,0x54 ,0x52 
,0x49 ,0x4E ,0x47 ,0x0D ,0x0A ,0x44 ,0x65 ,0x66 ,0x61 ,0x75 ,0x6C ,0x74 ,0x3D ,0x30 ,0x0D ,0x0A 
,0x0D ,0x0A ,0x5B ,0x54 ,0x53 ,0x45 ,0x4F ,0x72 ,0x64 ,0x65 ,0x72 ,0x54 ,0x79 ,0x70 ,0x65 ,0x5D 
,0x0D ,0x0A ,0x53 ,0x74 ,0x61 ,0x72 ,0x74 ,0x41 ,0x74 ,0x3D ,0x35 ,0x30 ,0x0D ,0x0A ,0x53 ,0x69 
,0x7A ,0x65 ,0x3D ,0x31 ,0x0D ,0x0A ,0x44 ,0x61 ,0x74 ,0x61 ,0x54 ,0x79 ,0x70 ,0x65 ,0x3D ,0x53 
,0x54 ,0x52 ,0x49 ,0x4E ,0x47 ,0x0D ,0x0A ,0x44 ,0x65 ,0x66 ,0x61 ,0x75 ,0x6C ,0x74 ,0x3D ,0x30 
,0x0D ,0x0A ,0x0D ,0x0A ,0x5B ,0x4F ,0x72 ,0x64 ,0x65 ,0x72 ,0x44 ,0x61 ,0x74 ,0x65 ,0x5D ,0x0D 
,0x0A ,0x53 ,0x74 ,0x61 ,0x72 ,0x74 ,0x41 ,0x74 ,0x3D ,0x35 ,0x31 ,0x0D ,0x0A ,0x53 ,0x69 ,0x7A 
,0x65 ,0x3D ,0x36 ,0x0D ,0x0A ,0x44 ,0x61 ,0x74 ,0x61 ,0x54 ,0x79 ,0x70 ,0x65 ,0x3D ,0x53 ,0x54 
,0x52 ,0x49 ,0x4E ,0x47 ,0x0D ,0x0A ,0x44 ,0x65 ,0x66 ,0x61 ,0x75 ,0x6C ,0x74 ,0x3D ,0x30 ,0x0D 
,0x0A ,0x0D ,0x0A ,0x5B ,0x4F ,0x72 ,0x64 ,0x65 ,0x72 ,0x54 ,0x69 ,0x6D ,0x65 ,0x5D ,0x0D ,0x0A 
,0x53 ,0x74 ,0x61 ,0x72 ,0x74 ,0x41 ,0x74 ,0x3D ,0x35 ,0x37 ,0x0D ,0x0A ,0x53 ,0x69 ,0x7A ,0x65 
,0x3D ,0x36 ,0x0D ,0x0A ,0x44 ,0x61 ,0x74 ,0x61 ,0x54 ,0x79 ,0x70 ,0x65 ,0x3D ,0x53 ,0x54 ,0x52 
,0x49 ,0x4E ,0x47 ,0x0D ,0x0A ,0x44 ,0x65 ,0x66 ,0x61 ,0x75 ,0x6C ,0x74 ,0x3D ,0x30 ,0x0D ,0x0A 
,0x0D ,0x0A ,0x5B ,0x42 ,0x65 ,0x66 ,0x6F ,0x72 ,0x65 ,0x51 ,0x74 ,0x79 ,0x5D ,0x0D ,0x0A ,0x53 
,0x74 ,0x61 ,0x72 ,0x74 ,0x41 ,0x74 ,0x3D ,0x36 ,0x33 ,0x0D ,0x0A ,0x53 ,0x69 ,0x7A ,0x65 ,0x3D 
,0x33 ,0x0D ,0x0A ,0x44 ,0x61 ,0x74 ,0x61 ,0x54 ,0x79 ,0x70 ,0x65 ,0x3D ,0x49 ,0x4E ,0x54 ,0x0D 
,0x0A ,0x44 ,0x65 ,0x66 ,0x61 ,0x75 ,0x6C ,0x74 ,0x3D ,0x0D ,0x0A ,0x0D ,0x0A ,0x5B ,0x41 ,0x66 
,0x74 ,0x65 ,0x72 ,0x51 ,0x74 ,0x79 ,0x5D ,0x0D ,0x0A ,0x53 ,0x74 ,0x61 ,0x72 ,0x74 ,0x41 ,0x74 
,0x3D ,0x36 ,0x36 ,0x0D ,0x0A ,0x53 ,0x69 ,0x7A ,0x65 ,0x3D ,0x33 ,0x0D ,0x0A ,0x44 ,0x61 ,0x74 
,0x61 ,0x54 ,0x79 ,0x70 ,0x65 ,0x3D ,0x49 ,0x4E ,0x54 ,0x0D ,0x0A ,0x44 ,0x65 ,0x66 ,0x61 ,0x75 
,0x6C ,0x74 ,0x3D ,0x0D ,0x0A 
};

UInt8 RSC_TSE_O020[] = {
 0x00 ,0x00 ,0x04 ,0xA2 
,0x0D ,0x0A ,0x5B ,0x46 ,0x69 ,0x78 ,0x65 ,0x64 ,0x46 ,0x6F ,0x72 ,0x6D ,0x61 ,0x74 ,0x43 ,0x6F 
,0x6E ,0x66 ,0x69 ,0x67 ,0x5D ,0x0D ,0x0A ,0x4C ,0x69 ,0x6E ,0x65 ,0x4C ,0x65 ,0x6E ,0x67 ,0x74 
,0x68 ,0x3D ,0x38 ,0x36 ,0x0D ,0x0A ,0x0D ,0x0A ,0x5B ,0x53 ,0x75 ,0x62 ,0x53 ,0x79 ,0x73 ,0x74 
,0x65 ,0x6D ,0x5D ,0x0D ,0x0A ,0x53 ,0x74 ,0x61 ,0x72 ,0x74 ,0x41 ,0x74 ,0x3D ,0x30 ,0x0D ,0x0A 
,0x53 ,0x69 ,0x7A ,0x65 ,0x3D ,0x32 ,0x0D ,0x0A ,0x44 ,0x61 ,0x74 ,0x61 ,0x54 ,0x79 ,0x70 ,0x65 
,0x3D ,0x49 ,0x4E ,0x54 ,0x0D ,0x0A ,0x44 ,0x65 ,0x66 ,0x61 ,0x75 ,0x6C ,0x74 ,0x3D ,0x34 ,0x30 
,0x0D ,0x0A ,0x0D ,0x0A ,0x5B ,0x46 ,0x75 ,0x6E ,0x63 ,0x74 ,0x69 ,0x6F ,0x6E ,0x43 ,0x6F ,0x64 
,0x65 ,0x5D ,0x0D ,0x0A ,0x53 ,0x74 ,0x61 ,0x72 ,0x74 ,0x41 ,0x74 ,0x3D ,0x32 ,0x0D ,0x0A ,0x53 
,0x69 ,0x7A ,0x65 ,0x3D ,0x32 ,0x0D ,0x0A ,0x44 ,0x61 ,0x74 ,0x61 ,0x54 ,0x79 ,0x70 ,0x65 ,0x3D 
,0x49 ,0x4E ,0x54 ,0x0D ,0x0A ,0x44 ,0x65 ,0x66 ,0x61 ,0x75 ,0x6C ,0x74 ,0x3D ,0x0D ,0x0A ,0x0D 
,0x0A ,0x5B ,0x4D ,0x65 ,0x73 ,0x73 ,0x61 ,0x67 ,0x65 ,0x54 ,0x79 ,0x70 ,0x65 ,0x5D ,0x0D ,0x0A 
,0x53 ,0x74 ,0x61 ,0x72 ,0x74 ,0x41 ,0x74 ,0x3D ,0x34 ,0x0D ,0x0A ,0x53 ,0x69 ,0x7A ,0x65 ,0x3D 
,0x32 ,0x0D ,0x0A ,0x44 ,0x61 ,0x74 ,0x61 ,0x54 ,0x79 ,0x70 ,0x65 ,0x3D ,0x49 ,0x4E ,0x54 ,0x0D 
,0x0A ,0x44 ,0x65 ,0x66 ,0x61 ,0x75 ,0x6C ,0x74 ,0x3D ,0x30 ,0x31 ,0x0D ,0x0A ,0x0D ,0x0A ,0x5B 
,0x4D ,0x65 ,0x73 ,0x73 ,0x61 ,0x67 ,0x65 ,0x54 ,0x69 ,0x6D ,0x65 ,0x5D ,0x0D ,0x0A ,0x53 ,0x74 
,0x61 ,0x72 ,0x74 ,0x41 ,0x74 ,0x3D ,0x36 ,0x0D ,0x0A ,0x53 ,0x69 ,0x7A ,0x65 ,0x3D ,0x36 ,0x0D 
,0x0A ,0x44 ,0x61 ,0x74 ,0x61 ,0x54 ,0x79 ,0x70 ,0x65 ,0x3D ,0x49 ,0x4E ,0x54 ,0x0D ,0x0A ,0x44 
,0x65 ,0x66 ,0x61 ,0x75 ,0x6C ,0x74 ,0x3D ,0x0D ,0x0A ,0x0D ,0x0A ,0x5B ,0x53 ,0x74 ,0x61 ,0x74 
,0x75 ,0x73 ,0x43 ,0x6F ,0x64 ,0x65 ,0x5D ,0x0D ,0x0A ,0x53 ,0x74 ,0x61 ,0x72 ,0x74 ,0x41 ,0x74 
,0x3D ,0x31 ,0x32 ,0x0D ,0x0A ,0x53 ,0x69 ,0x7A ,0x65 ,0x3D ,0x32 ,0x0D ,0x0A ,0x44 ,0x61 ,0x74 
,0x61 ,0x54 ,0x79 ,0x70 ,0x65 ,0x3D ,0x49 ,0x4E ,0x54 ,0x0D ,0x0A ,0x44 ,0x65 ,0x66 ,0x61 ,0x75 
,0x6C ,0x74 ,0x3D ,0x30 ,0x30 ,0x0D ,0x0A ,0x0D ,0x0A ,0x5B ,0x42 ,0x72 ,0x6F ,0x6B ,0x65 ,0x72 
,0x49 ,0x44 ,0x5D ,0x0D ,0x0A ,0x53 ,0x74 ,0x61 ,0x72 ,0x74 ,0x41 ,0x74 ,0x3D ,0x31 ,0x34 ,0x0D 
,0x0A ,0x53 ,0x69 ,0x7A ,0x65 ,0x3D ,0x34 ,0x0D ,0x0A ,0x44 ,0x61 ,0x74 ,0x61 ,0x54 ,0x79 ,0x70 
,0x65 ,0x3D ,0x53 ,0x54 ,0x52 ,0x49 ,0x4E ,0x47 ,0x0D ,0x0A ,0x44 ,0x65 ,0x66 ,0x61 ,0x75 ,0x6C 
,0x74 ,0x3D ,0x37 ,0x30 ,0x30 ,0x30 ,0x0D ,0x0A ,0x0D ,0x0A ,0x5B ,0x50 ,0x56 ,0x43 ,0x49 ,0x44 
,0x5D ,0x0D ,0x0A ,0x53 ,0x74 ,0x61 ,0x72 ,0x74 ,0x41 ,0x74 ,0x3D ,0x31 ,0x38 ,0x0D ,0x0A ,0x53 
,0x69 ,0x7A ,0x65 ,0x3D ,0x32 ,0x0D ,0x0A ,0x44 ,0x61 ,0x74 ,0x61 ,0x54 ,0x79 ,0x70 ,0x65 ,0x3D 
,0x53 ,0x54 ,0x52 ,0x49 ,0x4E ,0x47 ,0x0D ,0x0A ,0x44 ,0x65 ,0x66 ,0x61 ,0x75 ,0x6C ,0x74 ,0x3D 
,0x58 ,0x58 ,0x0D ,0x0A ,0x0D ,0x0A ,0x5B ,0x4F ,0x72 ,0x64 ,0x65 ,0x72 ,0x49 ,0x44 ,0x5D ,0x0D 
,0x0A ,0x53 ,0x74 ,0x61 ,0x72 ,0x74 ,0x41 ,0x74 ,0x3D ,0x32 ,0x30 ,0x0D ,0x0A ,0x53 ,0x69 ,0x7A 
,0x65 ,0x3D ,0x35 ,0x0D ,0x0A ,0x44 ,0x61 ,0x74 ,0x61 ,0x54 ,0x79 ,0x70 ,0x65 ,0x3D ,0x53 ,0x54 
,0x52 ,0x49 ,0x4E ,0x47 ,0x0D ,0x0A ,0x44 ,0x65 ,0x66 ,0x61 ,0x75 ,0x6C ,0x74 ,0x3D ,0x30 ,0x30 
,0x30 ,0x30 ,0x30 ,0x0D ,0x0A ,0x0D ,0x0A ,0x5B ,0x41 ,0x63 ,0x63 ,0x6F ,0x75 ,0x6E ,0x74 ,0x5D 
,0x0D ,0x0A ,0x53 ,0x74 ,0x61 ,0x72 ,0x74 ,0x41 ,0x74 ,0x3D ,0x32 ,0x35 ,0x0D ,0x0A ,0x53 ,0x69 
,0x7A ,0x65 ,0x3D ,0x37 ,0x0D ,0x0A ,0x44 ,0x61 ,0x74 ,0x61 ,0x54 ,0x79 ,0x70 ,0x65 ,0x3D ,0x49 
,0x4E ,0x54 ,0x0D ,0x0A ,0x44 ,0x65 ,0x66 ,0x61 ,0x75 ,0x6C ,0x74 ,0x3D ,0x0D ,0x0A ,0x0D ,0x0A 
,0x5B ,0x53 ,0x79 ,0x6D ,0x62 ,0x6F ,0x6C ,0x5D ,0x0D ,0x0A ,0x53 ,0x74 ,0x61 ,0x72 ,0x74 ,0x41 
,0x74 ,0x3D ,0x33 ,0x32 ,0x0D ,0x0A ,0x53 ,0x69 ,0x7A ,0x65 ,0x3D ,0x36 ,0x0D ,0x0A ,0x44 ,0x61 
,0x74 ,0x61 ,0x54 ,0x79 ,0x70 ,0x65 ,0x3D ,0x53 ,0x54 ,0x52 ,0x49 ,0x4E ,0x47 ,0x0D ,0x0A ,0x44 
,0x65 ,0x66 ,0x61 ,0x75 ,0x6C ,0x74 ,0x3D ,0x0D ,0x0A ,0x0D ,0x0A ,0x5B ,0x50 ,0x72 ,0x69 ,0x63 
,0x65 ,0x5D ,0x0D ,0x0A ,0x53 ,0x74 ,0x61 ,0x72 ,0x74 ,0x41 ,0x74 ,0x3D ,0x33 ,0x38 ,0x0D ,0x0A 
,0x53 ,0x69 ,0x7A ,0x65 ,0x3D ,0x36 ,0x0D ,0x0A ,0x44 ,0x61 ,0x74 ,0x61 ,0x54 ,0x79 ,0x70 ,0x65 
,0x3D ,0x49 ,0x4E ,0x54 ,0x0D ,0x0A ,0x44 ,0x65 ,0x66 ,0x61 ,0x75 ,0x6C ,0x74 ,0x3D ,0x0D ,0x0A 
,0x0D ,0x0A ,0x5B ,0x51 ,0x74 ,0x79 ,0x5D ,0x0D ,0x0A ,0x53 ,0x74 ,0x61 ,0x72 ,0x74 ,0x41 ,0x74 
,0x3D ,0x34 ,0x34 ,0x0D ,0x0A ,0x53 ,0x69 ,0x7A ,0x65 ,0x3D ,0x38 ,0x0D ,0x0A ,0x44 ,0x61 ,0x74 
,0x61 ,0x54 ,0x79 ,0x70 ,0x65 ,0x3D ,0x49 ,0x4E ,0x54 ,0x0D ,0x0A ,0x44 ,0x65 ,0x66 ,0x61 ,0x75 
,0x6C ,0x74 ,0x3D ,0x0D ,0x0A ,0x0D ,0x0A ,0x5B ,0x53 ,0x69 ,0x64 ,0x65 ,0x5D ,0x0D ,0x0A ,0x53 
,0x74 ,0x61 ,0x72 ,0x74 ,0x41 ,0x74 ,0x3D ,0x35 ,0x32 ,0x0D ,0x0A ,0x53 ,0x69 ,0x7A ,0x65 ,0x3D 
,0x31 ,0x0D ,0x0A ,0x44 ,0x61 ,0x74 ,0x61 ,0x54 ,0x79 ,0x70 ,0x65 ,0x3D ,0x53 ,0x54 ,0x52 ,0x49 
,0x4E ,0x47 ,0x0D ,0x0A ,0x44 ,0x65 ,0x66 ,0x61 ,0x75 ,0x6C ,0x74 ,0x3D ,0x0D ,0x0A ,0x0D ,0x0A 
,0x5B ,0x54 ,0x72 ,0x61 ,0x64 ,0x65 ,0x4B ,0x69 ,0x6E ,0x64 ,0x5D ,0x0D ,0x0A ,0x53 ,0x74 ,0x61 
,0x72 ,0x74 ,0x41 ,0x74 ,0x3D ,0x35 ,0x33 ,0x0D ,0x0A ,0x53 ,0x69 ,0x7A ,0x65 ,0x3D ,0x31 ,0x0D 
,0x0A ,0x44 ,0x61 ,0x74 ,0x61 ,0x54 ,0x79 ,0x70 ,0x65 ,0x3D ,0x53 ,0x54 ,0x52 ,0x49 ,0x4E ,0x47 
,0x0D ,0x0A ,0x44 ,0x65 ,0x66 ,0x61 ,0x75 ,0x6C ,0x74 ,0x3D ,0x30 ,0x0D ,0x0A ,0x0D ,0x0A ,0x5B 
,0x4F ,0x62 ,0x6A ,0x65 ,0x63 ,0x74 ,0x42 ,0x72 ,0x6F ,0x6B ,0x65 ,0x72 ,0x5D ,0x0D ,0x0A ,0x53 
,0x74 ,0x61 ,0x72 ,0x74 ,0x41 ,0x74 ,0x3D ,0x35 ,0x34 ,0x0D ,0x0A ,0x53 ,0x69 ,0x7A ,0x65 ,0x3D 
,0x34 ,0x0D ,0x0A ,0x44 ,0x61 ,0x74 ,0x61 ,0x54 ,0x79 ,0x70 ,0x65 ,0x3D ,0x53 ,0x54 ,0x52 ,0x49 
,0x4E ,0x47 ,0x0D ,0x0A ,0x44 ,0x65 ,0x66 ,0x61 ,0x75 ,0x6C ,0x74 ,0x3D ,0x30 ,0x0D ,0x0A ,0x0D 
,0x0A ,0x5B ,0x4F ,0x72 ,0x64 ,0x65 ,0x72 ,0x44 ,0x61 ,0x74 ,0x65 ,0x5D ,0x0D ,0x0A ,0x53 ,0x74 
,0x61 ,0x72 ,0x74 ,0x41 ,0x74 ,0x3D ,0x35 ,0x38 ,0x0D ,0x0A ,0x53 ,0x69 ,0x7A ,0x65 ,0x3D ,0x36 
,0x0D ,0x0A ,0x44 ,0x61 ,0x74 ,0x61 ,0x54 ,0x79 ,0x70 ,0x65 ,0x3D ,0x53 ,0x54 ,0x52 ,0x49 ,0x4E 
,0x47 ,0x0D ,0x0A ,0x44 ,0x65 ,0x66 ,0x61 ,0x75 ,0x6C ,0x74 ,0x3D ,0x30 ,0x0D ,0x0A ,0x0D ,0x0A 
,0x5B ,0x4F ,0x72 ,0x64 ,0x65 ,0x72 ,0x54 ,0x69 ,0x6D ,0x65 ,0x5D ,0x0D ,0x0A ,0x53 ,0x74 ,0x61 
,0x72 ,0x74 ,0x41 ,0x74 ,0x3D ,0x36 ,0x34 ,0x0D ,0x0A ,0x53 ,0x69 ,0x7A ,0x65 ,0x3D ,0x36 ,0x0D 
,0x0A ,0x44 ,0x61 ,0x74 ,0x61 ,0x54 ,0x79 ,0x70 ,0x65 ,0x3D ,0x53 ,0x54 ,0x52 ,0x49 ,0x4E ,0x47 
,0x0D ,0x0A ,0x44 ,0x65 ,0x66 ,0x61 ,0x75 ,0x6C ,0x74 ,0x3D ,0x30 ,0x0D ,0x0A ,0x0D ,0x0A ,0x5B 
,0x42 ,0x65 ,0x66 ,0x6F ,0x72 ,0x65 ,0x51 ,0x74 ,0x79 ,0x5D ,0x0D ,0x0A ,0x53 ,0x74 ,0x61 ,0x72 
,0x74 ,0x41 ,0x74 ,0x3D ,0x37 ,0x30 ,0x0D ,0x0A ,0x53 ,0x69 ,0x7A ,0x65 ,0x3D ,0x38 ,0x0D ,0x0A 
,0x44 ,0x61 ,0x74 ,0x61 ,0x54 ,0x79 ,0x70 ,0x65 ,0x3D ,0x49 ,0x4E ,0x54 ,0x0D ,0x0A ,0x44 ,0x65 
,0x66 ,0x61 ,0x75 ,0x6C ,0x74 ,0x3D ,0x0D ,0x0A ,0x0D ,0x0A ,0x5B ,0x41 ,0x66 ,0x74 ,0x65 ,0x72 
,0x51 ,0x74 ,0x79 ,0x5D ,0x0D ,0x0A ,0x53 ,0x74 ,0x61 ,0x72 ,0x74 ,0x41 ,0x74 ,0x3D ,0x37 ,0x38 
,0x0D ,0x0A ,0x53 ,0x69 ,0x7A ,0x65 ,0x3D ,0x38 ,0x0D ,0x0A ,0x44 ,0x61 ,0x74 ,0x61 ,0x54 ,0x79 
,0x70 ,0x65 ,0x3D ,0x49 ,0x4E ,0x54 ,0x0D ,0x0A ,0x44 ,0x65 ,0x66 ,0x61 ,0x75 ,0x6C ,0x74 ,0x3D 
,0x0D ,0x0A 
};

UInt8 RSC_TSE_P020[] = {
 0x00 ,0x00 ,0x04 ,0xE2 
,0x0D ,0x0A ,0x5B ,0x46 ,0x69 ,0x78 ,0x65 ,0x64 ,0x46 ,0x6F ,0x72 ,0x6D ,0x61 ,0x74 ,0x43 ,0x6F 
,0x6E ,0x66 ,0x69 ,0x67 ,0x5D ,0x0D ,0x0A ,0x4C ,0x69 ,0x6E ,0x65 ,0x4C ,0x65 ,0x6E ,0x67 ,0x74 
,0x68 ,0x3D ,0x36 ,0x39 ,0x0D ,0x0A ,0x0D ,0x0A ,0x5B ,0x53 ,0x75 ,0x62 ,0x53 ,0x79 ,0x73 ,0x74 
,0x65 ,0x6D ,0x5D ,0x0D ,0x0A ,0x53 ,0x74 ,0x61 ,0x72 ,0x74 ,0x41 ,0x74 ,0x3D ,0x30 ,0x0D ,0x0A 
,0x53 ,0x69 ,0x7A ,0x65 ,0x3D ,0x32 ,0x0D ,0x0A ,0x44 ,0x61 ,0x74 ,0x61 ,0x54 ,0x79 ,0x70 ,0x65 
,0x3D ,0x49 ,0x4E ,0x54 ,0x0D ,0x0A ,0x44 ,0x65 ,0x66 ,0x61 ,0x75 ,0x6C ,0x74 ,0x3D ,0x33 ,0x32 
,0x0D ,0x0A ,0x0D ,0x0A ,0x5B ,0x46 ,0x75 ,0x6E ,0x63 ,0x74 ,0x69 ,0x6F ,0x6E ,0x43 ,0x6F ,0x64 
,0x65 ,0x5D ,0x0D ,0x0A ,0x53 ,0x74 ,0x61 ,0x72 ,0x74 ,0x41 ,0x74 ,0x3D ,0x32 ,0x0D ,0x0A ,0x53 
,0x69 ,0x7A ,0x65 ,0x3D ,0x32 ,0x0D ,0x0A ,0x44 ,0x61 ,0x74 ,0x61 ,0x54 ,0x79 ,0x70 ,0x65 ,0x3D 
,0x49 ,0x4E ,0x54 ,0x0D ,0x0A ,0x44 ,0x65 ,0x66 ,0x61 ,0x75 ,0x6C ,0x74 ,0x3D ,0x0D ,0x0A ,0x0D 
,0x0A ,0x5B ,0x4D ,0x65 ,0x73 ,0x73 ,0x61 ,0x67 ,0x65 ,0x54 ,0x79 ,0x70 ,0x65 ,0x5D ,0x0D ,0x0A 
,0x53 ,0x74 ,0x61 ,0x72 ,0x74 ,0x41 ,0x74 ,0x3D ,0x34 ,0x0D ,0x0A ,0x53 ,0x69 ,0x7A ,0x65 ,0x3D 
,0x32 ,0x0D ,0x0A ,0x44 ,0x61 ,0x74 ,0x61 ,0x54 ,0x79 ,0x70 ,0x65 ,0x3D ,0x49 ,0x4E ,0x54 ,0x0D 
,0x0A ,0x44 ,0x65 ,0x66 ,0x61 ,0x75 ,0x6C ,0x74 ,0x3D ,0x30 ,0x31 ,0x0D ,0x0A ,0x0D ,0x0A ,0x5B 
,0x4D ,0x65 ,0x73 ,0x73 ,0x61 ,0x67 ,0x65 ,0x54 ,0x69 ,0x6D ,0x65 ,0x5D ,0x0D ,0x0A ,0x53 ,0x74 
,0x61 ,0x72 ,0x74 ,0x41 ,0x74 ,0x3D ,0x36 ,0x0D ,0x0A ,0x53 ,0x69 ,0x7A ,0x65 ,0x3D ,0x36 ,0x0D 
,0x0A ,0x44 ,0x61 ,0x74 ,0x61 ,0x54 ,0x79 ,0x70 ,0x65 ,0x3D ,0x49 ,0x4E ,0x54 ,0x0D ,0x0A ,0x44 
,0x65 ,0x66 ,0x61 ,0x75 ,0x6C ,0x74 ,0x3D ,0x0D ,0x0A ,0x0D ,0x0A ,0x5B ,0x53 ,0x74 ,0x61 ,0x74 
,0x75 ,0x73 ,0x43 ,0x6F ,0x64 ,0x65 ,0x5D ,0x0D ,0x0A ,0x53 ,0x74 ,0x61 ,0x72 ,0x74 ,0x41 ,0x74 
,0x3D ,0x31 ,0x32 ,0x0D ,0x0A ,0x53 ,0x69 ,0x7A ,0x65 ,0x3D ,0x32 ,0x0D ,0x0A ,0x44 ,0x61 ,0x74 
,0x61 ,0x54 ,0x79 ,0x70 ,0x65 ,0x3D ,0x49 ,0x4E ,0x54 ,0x0D ,0x0A ,0x44 ,0x65 ,0x66 ,0x61 ,0x75 
,0x6C ,0x74 ,0x3D ,0x30 ,0x30 ,0x0D ,0x0A ,0x0D ,0x0A ,0x5B ,0x42 ,0x72 ,0x6F ,0x6B ,0x65 ,0x72 
,0x49 ,0x44 ,0x5D ,0x0D ,0x0A ,0x53 ,0x74 ,0x61 ,0x72 ,0x74 ,0x41 ,0x74 ,0x3D ,0x31 ,0x34 ,0x0D 
,0x0A ,0x53 ,0x69 ,0x7A ,0x65 ,0x3D ,0x34 ,0x0D ,0x0A ,0x44 ,0x61 ,0x74 ,0x61 ,0x54 ,0x79 ,0x70 
,0x65 ,0x3D ,0x53 ,0x54 ,0x52 ,0x49 ,0x4E ,0x47 ,0x0D ,0x0A ,0x44 ,0x65 ,0x66 ,0x61 ,0x75 ,0x6C 
,0x74 ,0x3D ,0x37 ,0x30 ,0x30 ,0x30 ,0x0D ,0x0A ,0x0D ,0x0A ,0x5B ,0x50 ,0x56 ,0x43 ,0x49 ,0x44 
,0x5D ,0x0D ,0x0A ,0x53 ,0x74 ,0x61 ,0x72 ,0x74 ,0x41 ,0x74 ,0x3D ,0x31 ,0x38 ,0x0D ,0x0A ,0x53 
,0x69 ,0x7A ,0x65 ,0x3D ,0x32 ,0x0D ,0x0A ,0x44 ,0x61 ,0x74 ,0x61 ,0x54 ,0x79 ,0x70 ,0x65 ,0x3D 
,0x53 ,0x54 ,0x52 ,0x49 ,0x4E ,0x47 ,0x0D ,0x0A ,0x44 ,0x65 ,0x66 ,0x61 ,0x75 ,0x6C ,0x74 ,0x3D 
,0x58 ,0x58 ,0x0D ,0x0A ,0x0D ,0x0A ,0x5B ,0x4F ,0x72 ,0x64 ,0x65 ,0x72 ,0x49 ,0x44 ,0x5D ,0x0D 
,0x0A ,0x53 ,0x74 ,0x61 ,0x72 ,0x74 ,0x41 ,0x74 ,0x3D ,0x32 ,0x30 ,0x0D ,0x0A ,0x53 ,0x69 ,0x7A 
,0x65 ,0x3D ,0x35 ,0x0D ,0x0A ,0x44 ,0x61 ,0x74 ,0x61 ,0x54 ,0x79 ,0x70 ,0x65 ,0x3D ,0x53 ,0x54 
,0x52 ,0x49 ,0x4E ,0x47 ,0x0D ,0x0A ,0x44 ,0x65 ,0x66 ,0x61 ,0x75 ,0x6C ,0x74 ,0x3D ,0x30 ,0x30 
,0x30 ,0x30 ,0x30 ,0x0D ,0x0A ,0x0D ,0x0A ,0x5B ,0x41 ,0x63 ,0x63 ,0x6F ,0x75 ,0x6E ,0x74 ,0x5D 
,0x0D ,0x0A ,0x53 ,0x74 ,0x61 ,0x72 ,0x74 ,0x41 ,0x74 ,0x3D ,0x32 ,0x35 ,0x0D ,0x0A ,0x53 ,0x69 
,0x7A ,0x65 ,0x3D ,0x37 ,0x0D ,0x0A ,0x44 ,0x61 ,0x74 ,0x61 ,0x54 ,0x79 ,0x70 ,0x65 ,0x3D ,0x49 
,0x4E ,0x54 ,0x0D ,0x0A ,0x44 ,0x65 ,0x66 ,0x61 ,0x75 ,0x6C ,0x74 ,0x3D ,0x0D ,0x0A ,0x0D ,0x0A 
,0x5B ,0x41 ,0x63 ,0x63 ,0x6F ,0x75 ,0x6E ,0x74 ,0x46 ,0x6C ,0x61 ,0x67 ,0x5D ,0x0D ,0x0A ,0x53 
,0x74 ,0x61 ,0x72 ,0x74 ,0x41 ,0x74 ,0x3D ,0x33 ,0x32 ,0x0D ,0x0A ,0x53 ,0x69 ,0x7A ,0x65 ,0x3D 
,0x31 ,0x0D ,0x0A ,0x44 ,0x61 ,0x74 ,0x61 ,0x54 ,0x79 ,0x70 ,0x65 ,0x3D ,0x53 ,0x54 ,0x52 ,0x49 
,0x4E ,0x47 ,0x0D ,0x0A ,0x44 ,0x65 ,0x66 ,0x61 ,0x75 ,0x6C ,0x74 ,0x3D ,0x0D ,0x0A ,0x0D ,0x0A 
,0x5B ,0x53 ,0x79 ,0x6D ,0x62 ,0x6F ,0x6C ,0x5D ,0x0D ,0x0A ,0x53 ,0x74 ,0x61 ,0x72 ,0x74 ,0x41 
,0x74 ,0x3D ,0x33 ,0x33 ,0x0D ,0x0A ,0x53 ,0x69 ,0x7A ,0x65 ,0x3D ,0x36 ,0x0D ,0x0A ,0x44 ,0x61 
,0x74 ,0x61 ,0x54 ,0x79 ,0x70 ,0x65 ,0x3D ,0x53 ,0x54 ,0x52 ,0x49 ,0x4E ,0x47 ,0x0D ,0x0A ,0x44 
,0x65 ,0x66 ,0x61 ,0x75 ,0x6C ,0x74 ,0x3D ,0x0D ,0x0A ,0x0D ,0x0A ,0x5B ,0x50 ,0x72 ,0x69 ,0x63 
,0x65 ,0x5D ,0x0D ,0x0A ,0x53 ,0x74 ,0x61 ,0x72 ,0x74 ,0x41 ,0x74 ,0x3D ,0x33 ,0x39 ,0x0D ,0x0A 
,0x53 ,0x69 ,0x7A ,0x65 ,0x3D ,0x36 ,0x0D ,0x0A ,0x44 ,0x61 ,0x74 ,0x61 ,0x54 ,0x79 ,0x70 ,0x65 
,0x3D ,0x49 ,0x4E ,0x54 ,0x0D ,0x0A ,0x44 ,0x65 ,0x66 ,0x61 ,0x75 ,0x6C ,0x74 ,0x3D ,0x0D ,0x0A 
,0x0D ,0x0A ,0x5B ,0x51 ,0x74 ,0x79 ,0x5D ,0x0D ,0x0A ,0x53 ,0x74 ,0x61 ,0x72 ,0x74 ,0x41 ,0x74 
,0x3D ,0x34 ,0x35 ,0x0D ,0x0A ,0x53 ,0x69 ,0x7A ,0x65 ,0x3D ,0x33 ,0x0D ,0x0A ,0x44 ,0x61 ,0x74 
,0x61 ,0x54 ,0x79 ,0x70 ,0x65 ,0x3D ,0x49 ,0x4E ,0x54 ,0x0D ,0x0A ,0x44 ,0x65 ,0x66 ,0x61 ,0x75 
,0x6C ,0x74 ,0x3D ,0x0D ,0x0A ,0x0D ,0x0A ,0x5B ,0x53 ,0x69 ,0x64 ,0x65 ,0x5D ,0x0D ,0x0A ,0x53 
,0x74 ,0x61 ,0x72 ,0x74 ,0x41 ,0x74 ,0x3D ,0x34 ,0x38 ,0x0D ,0x0A ,0x53 ,0x69 ,0x7A ,0x65 ,0x3D 
,0x31 ,0x0D ,0x0A ,0x44 ,0x61 ,0x74 ,0x61 ,0x54 ,0x79 ,0x70 ,0x65 ,0x3D ,0x53 ,0x54 ,0x52 ,0x49 
,0x4E ,0x47 ,0x0D ,0x0A ,0x44 ,0x65 ,0x66 ,0x61 ,0x75 ,0x6C ,0x74 ,0x3D ,0x0D ,0x0A ,0x0D ,0x0A 
,0x5B ,0x45 ,0x78 ,0x63 ,0x68 ,0x61 ,0x6E ,0x67 ,0x65 ,0x43 ,0x6F ,0x64 ,0x65 ,0x5D ,0x0D ,0x0A 
,0x53 ,0x74 ,0x61 ,0x72 ,0x74 ,0x41 ,0x74 ,0x3D ,0x34 ,0x39 ,0x0D ,0x0A ,0x53 ,0x69 ,0x7A ,0x65 
,0x3D ,0x31 ,0x0D ,0x0A ,0x44 ,0x61 ,0x74 ,0x61 ,0x54 ,0x79 ,0x70 ,0x65 ,0x3D ,0x53 ,0x54 ,0x52 
,0x49 ,0x4E ,0x47 ,0x0D ,0x0A ,0x44 ,0x65 ,0x66 ,0x61 ,0x75 ,0x6C ,0x74 ,0x3D ,0x30 ,0x0D ,0x0A 
,0x0D ,0x0A ,0x5B ,0x4F ,0x72 ,0x64 ,0x65 ,0x72 ,0x54 ,0x79 ,0x70 ,0x65 ,0x5D ,0x0D ,0x0A ,0x53 
,0x74 ,0x61 ,0x72 ,0x74 ,0x41 ,0x74 ,0x3D ,0x35 ,0x30 ,0x0D ,0x0A ,0x53 ,0x69 ,0x7A ,0x65 ,0x3D 
,0x31 ,0x0D ,0x0A ,0x44 ,0x61 ,0x74 ,0x61 ,0x54 ,0x79 ,0x70 ,0x65 ,0x3D ,0x53 ,0x54 ,0x52 ,0x49 
,0x4E ,0x47 ,0x0D ,0x0A ,0x44 ,0x65 ,0x66 ,0x61 ,0x75 ,0x6C ,0x74 ,0x3D ,0x30 ,0x0D ,0x0A ,0x0D 
,0x0A ,0x5B ,0x4F ,0x72 ,0x64 ,0x65 ,0x72 ,0x44 ,0x61 ,0x74 ,0x65 ,0x5D ,0x0D ,0x0A ,0x53 ,0x74 
,0x61 ,0x72 ,0x74 ,0x41 ,0x74 ,0x3D ,0x35 ,0x31 ,0x0D ,0x0A ,0x53 ,0x69 ,0x7A ,0x65 ,0x3D ,0x36 
,0x0D ,0x0A ,0x44 ,0x61 ,0x74 ,0x61 ,0x54 ,0x79 ,0x70 ,0x65 ,0x3D ,0x53 ,0x54 ,0x52 ,0x49 ,0x4E 
,0x47 ,0x0D ,0x0A ,0x44 ,0x65 ,0x66 ,0x61 ,0x75 ,0x6C ,0x74 ,0x3D ,0x30 ,0x0D ,0x0A ,0x0D ,0x0A 
,0x5B ,0x4F ,0x72 ,0x64 ,0x65 ,0x72 ,0x54 ,0x69 ,0x6D ,0x65 ,0x5D ,0x0D ,0x0A ,0x53 ,0x74 ,0x61 
,0x72 ,0x74 ,0x41 ,0x74 ,0x3D ,0x35 ,0x37 ,0x0D ,0x0A ,0x53 ,0x69 ,0x7A ,0x65 ,0x3D ,0x36 ,0x0D 
,0x0A ,0x44 ,0x61 ,0x74 ,0x61 ,0x54 ,0x79 ,0x70 ,0x65 ,0x3D ,0x53 ,0x54 ,0x52 ,0x49 ,0x4E ,0x47 
,0x0D ,0x0A ,0x44 ,0x65 ,0x66 ,0x61 ,0x75 ,0x6C ,0x74 ,0x3D ,0x30 ,0x0D ,0x0A ,0x0D ,0x0A ,0x5B 
,0x42 ,0x65 ,0x66 ,0x6F ,0x72 ,0x65 ,0x51 ,0x74 ,0x79 ,0x5D ,0x0D ,0x0A ,0x53 ,0x74 ,0x61 ,0x72 
,0x74 ,0x41 ,0x74 ,0x3D ,0x36 ,0x33 ,0x0D ,0x0A ,0x53 ,0x69 ,0x7A ,0x65 ,0x3D ,0x33 ,0x0D ,0x0A 
,0x44 ,0x61 ,0x74 ,0x61 ,0x54 ,0x79 ,0x70 ,0x65 ,0x3D ,0x49 ,0x4E ,0x54 ,0x0D ,0x0A ,0x44 ,0x65 
,0x66 ,0x61 ,0x75 ,0x6C ,0x74 ,0x3D ,0x0D ,0x0A ,0x0D ,0x0A ,0x5B ,0x41 ,0x66 ,0x74 ,0x65 ,0x72 
,0x51 ,0x74 ,0x79 ,0x5D ,0x0D ,0x0A ,0x53 ,0x74 ,0x61 ,0x72 ,0x74 ,0x41 ,0x74 ,0x3D ,0x36 ,0x36 
,0x0D ,0x0A ,0x53 ,0x69 ,0x7A ,0x65 ,0x3D ,0x33 ,0x0D ,0x0A ,0x44 ,0x61 ,0x74 ,0x61 ,0x54 ,0x79 
,0x70 ,0x65 ,0x3D ,0x49 ,0x4E ,0x54 ,0x0D ,0x0A ,0x44 ,0x65 ,0x66 ,0x61 ,0x75 ,0x6C ,0x74 ,0x3D 
,0x0D ,0x0A 
};

UInt8 RSC_TSE_R030[] = {
 0x00 ,0x00 ,0x03 ,0x19 
,0x0D ,0x0A ,0x5B ,0x46 ,0x69 ,0x78 ,0x65 ,0x64 ,0x46 ,0x6F ,0x72 ,0x6D ,0x61 ,0x74 ,0x43 ,0x6F 
,0x6E ,0x66 ,0x69 ,0x67 ,0x5D ,0x0D ,0x0A ,0x4C ,0x69 ,0x6E ,0x65 ,0x4C ,0x65 ,0x6E ,0x67 ,0x74 
,0x68 ,0x3D ,0x36 ,0x32 ,0x0D ,0x0A ,0x0D ,0x0A ,0x5B ,0x53 ,0x79 ,0x6D ,0x62 ,0x6F ,0x6C ,0x5D 
,0x0D ,0x0A ,0x53 ,0x74 ,0x61 ,0x72 ,0x74 ,0x41 ,0x74 ,0x3D ,0x30 ,0x0D ,0x0A ,0x53 ,0x69 ,0x7A 
,0x65 ,0x3D ,0x36 ,0x0D ,0x0A ,0x44 ,0x61 ,0x74 ,0x61 ,0x54 ,0x79 ,0x70 ,0x65 ,0x3D ,0x53 ,0x54 
,0x52 ,0x49 ,0x4E ,0x47 ,0x0D ,0x0A ,0x44 ,0x65 ,0x66 ,0x61 ,0x75 ,0x6C ,0x74 ,0x3D ,0x0D ,0x0A 
,0x0D ,0x0A ,0x5B ,0x51 ,0x74 ,0x79 ,0x5D ,0x0D ,0x0A ,0x53 ,0x74 ,0x61 ,0x72 ,0x74 ,0x41 ,0x74 
,0x3D ,0x36 ,0x0D ,0x0A ,0x53 ,0x69 ,0x7A ,0x65 ,0x3D ,0x38 ,0x0D ,0x0A ,0x44 ,0x61 ,0x74 ,0x61 
,0x54 ,0x79 ,0x70 ,0x65 ,0x3D ,0x49 ,0x4E ,0x54 ,0x0D ,0x0A ,0x44 ,0x65 ,0x66 ,0x61 ,0x75 ,0x6C 
,0x74 ,0x3D ,0x0D ,0x0A ,0x0D ,0x0A ,0x5B ,0x50 ,0x72 ,0x69 ,0x63 ,0x65 ,0x5D ,0x0D ,0x0A ,0x53 
,0x74 ,0x61 ,0x72 ,0x74 ,0x41 ,0x74 ,0x3D ,0x31 ,0x34 ,0x0D ,0x0A ,0x53 ,0x69 ,0x7A ,0x65 ,0x3D 
,0x36 ,0x0D ,0x0A ,0x44 ,0x61 ,0x74 ,0x61 ,0x54 ,0x79 ,0x70 ,0x65 ,0x3D ,0x49 ,0x4E ,0x54 ,0x0D 
,0x0A ,0x44 ,0x65 ,0x66 ,0x61 ,0x75 ,0x6C ,0x74 ,0x3D ,0x0D ,0x0A ,0x0D ,0x0A ,0x5B ,0x50 ,0x72 
,0x6F ,0x63 ,0x65 ,0x73 ,0x73 ,0x54 ,0x69 ,0x6D ,0x65 ,0x5D ,0x0D ,0x0A ,0x53 ,0x74 ,0x61 ,0x72 
,0x74 ,0x41 ,0x74 ,0x3D ,0x32 ,0x30 ,0x0D ,0x0A ,0x53 ,0x69 ,0x7A ,0x65 ,0x3D ,0x38 ,0x0D ,0x0A 
,0x44 ,0x61 ,0x74 ,0x61 ,0x54 ,0x79 ,0x70 ,0x65 ,0x3D ,0x53 ,0x54 ,0x52 ,0x49 ,0x4E ,0x47 ,0x0D 
,0x0A ,0x44 ,0x65 ,0x66 ,0x61 ,0x75 ,0x6C ,0x74 ,0x3D ,0x0D ,0x0A ,0x0D ,0x0A ,0x0D ,0x0A ,0x5B 
,0x45 ,0x58 ,0x43 ,0x44 ,0x5D ,0x0D ,0x0A ,0x53 ,0x74 ,0x61 ,0x72 ,0x74 ,0x41 ,0x74 ,0x3D ,0x32 
,0x38 ,0x0D ,0x0A ,0x53 ,0x69 ,0x7A ,0x65 ,0x3D ,0x31 ,0x0D ,0x0A ,0x44 ,0x61 ,0x74 ,0x61 ,0x54 
,0x79 ,0x70 ,0x65 ,0x3D ,0x53 ,0x54 ,0x52 ,0x49 ,0x4E ,0x47 ,0x0D ,0x0A ,0x44 ,0x65 ,0x66 ,0x61 
,0x75 ,0x6C ,0x74 ,0x3D ,0x0D ,0x0A ,0x0D ,0x0A ,0x5B ,0x53 ,0x69 ,0x64 ,0x65 ,0x5D ,0x0D ,0x0A 
,0x53 ,0x74 ,0x61 ,0x72 ,0x74 ,0x41 ,0x74 ,0x3D ,0x32 ,0x39 ,0x0D ,0x0A ,0x53 ,0x69 ,0x7A ,0x65 
,0x3D ,0x31 ,0x0D ,0x0A ,0x44 ,0x61 ,0x74 ,0x61 ,0x54 ,0x79 ,0x70 ,0x65 ,0x3D ,0x53 ,0x54 ,0x52 
,0x49 ,0x4E ,0x47 ,0x0D ,0x0A ,0x44 ,0x65 ,0x66 ,0x61 ,0x75 ,0x6C ,0x74 ,0x3D ,0x0D ,0x0A ,0x0D 
,0x0A ,0x5B ,0x4F ,0x72 ,0x64 ,0x65 ,0x72 ,0x49 ,0x44 ,0x5D ,0x0D ,0x0A ,0x53 ,0x74 ,0x61 ,0x72 
,0x74 ,0x41 ,0x74 ,0x3D ,0x33 ,0x30 ,0x0D ,0x0A ,0x53 ,0x69 ,0x7A ,0x65 ,0x3D ,0x35 ,0x0D ,0x0A 
,0x44 ,0x61 ,0x74 ,0x61 ,0x54 ,0x79 ,0x70 ,0x65 ,0x3D ,0x53 ,0x54 ,0x52 ,0x49 ,0x4E ,0x47 ,0x0D 
,0x0A ,0x44 ,0x65 ,0x66 ,0x61 ,0x75 ,0x6C ,0x74 ,0x3D ,0x0D ,0x0A ,0x0D ,0x0A ,0x5B ,0x41 ,0x63 
,0x63 ,0x6F ,0x75 ,0x6E ,0x74 ,0x5D ,0x0D ,0x0A ,0x53 ,0x74 ,0x61 ,0x72 ,0x74 ,0x41 ,0x74 ,0x3D 
,0x33 ,0x35 ,0x0D ,0x0A ,0x53 ,0x69 ,0x7A ,0x65 ,0x3D ,0x37 ,0x0D ,0x0A ,0x44 ,0x61 ,0x74 ,0x61 
,0x54 ,0x79 ,0x70 ,0x65 ,0x3D ,0x49 ,0x4E ,0x54 ,0x0D ,0x0A ,0x44 ,0x65 ,0x66 ,0x61 ,0x75 ,0x6C 
,0x74 ,0x3D ,0x0D ,0x0A ,0x0D ,0x0A ,0x5B ,0x54 ,0x53 ,0x45 ,0x4F ,0x72 ,0x64 ,0x65 ,0x72 ,0x54 
,0x79 ,0x70 ,0x65 ,0x5D ,0x0D ,0x0A ,0x53 ,0x74 ,0x61 ,0x72 ,0x74 ,0x41 ,0x74 ,0x3D ,0x34 ,0x32 
,0x0D ,0x0A ,0x53 ,0x69 ,0x7A ,0x65 ,0x3D ,0x31 ,0x0D ,0x0A ,0x44 ,0x61 ,0x74 ,0x61 ,0x54 ,0x79 
,0x70 ,0x65 ,0x3D ,0x53 ,0x54 ,0x52 ,0x49 ,0x4E ,0x47 ,0x0D ,0x0A ,0x44 ,0x65 ,0x66 ,0x61 ,0x75 
,0x6C ,0x74 ,0x3D ,0x0D ,0x0A ,0x0D ,0x0A ,0x5B ,0x53 ,0x65 ,0x71 ,0x5D ,0x0D ,0x0A ,0x53 ,0x74 
,0x61 ,0x72 ,0x74 ,0x41 ,0x74 ,0x3D ,0x34 ,0x33 ,0x0D ,0x0A ,0x53 ,0x69 ,0x7A ,0x65 ,0x3D ,0x36 
,0x0D ,0x0A ,0x44 ,0x61 ,0x74 ,0x61 ,0x54 ,0x79 ,0x70 ,0x65 ,0x3D ,0x49 ,0x4E ,0x54 ,0x0D ,0x0A 
,0x44 ,0x65 ,0x66 ,0x61 ,0x75 ,0x6C ,0x74 ,0x3D ,0x0D ,0x0A ,0x0D ,0x0A ,0x5B ,0x42 ,0x72 ,0x6F 
,0x6B ,0x65 ,0x72 ,0x49 ,0x44 ,0x5D ,0x0D ,0x0A ,0x53 ,0x74 ,0x61 ,0x72 ,0x74 ,0x41 ,0x74 ,0x3D 
,0x34 ,0x39 ,0x0D ,0x0A ,0x53 ,0x69 ,0x7A ,0x65 ,0x3D ,0x34 ,0x0D ,0x0A ,0x44 ,0x61 ,0x74 ,0x61 
,0x54 ,0x79 ,0x70 ,0x65 ,0x3D ,0x53 ,0x54 ,0x52 ,0x49 ,0x4E ,0x47 ,0x0D ,0x0A ,0x44 ,0x65 ,0x66 
,0x61 ,0x75 ,0x6C ,0x74 ,0x3D ,0x37 ,0x30 ,0x30 ,0x30 ,0x0D ,0x0A ,0x0D ,0x0A ,0x5B ,0x52 ,0x65 
,0x63 ,0x4E ,0x6F ,0x5D ,0x0D ,0x0A ,0x53 ,0x74 ,0x61 ,0x72 ,0x74 ,0x41 ,0x74 ,0x3D ,0x35 ,0x33 
,0x0D ,0x0A ,0x53 ,0x69 ,0x7A ,0x65 ,0x3D ,0x38 ,0x0D ,0x0A ,0x44 ,0x61 ,0x74 ,0x61 ,0x54 ,0x79 
,0x70 ,0x65 ,0x3D ,0x49 ,0x4E ,0x54 ,0x0D ,0x0A ,0x44 ,0x65 ,0x66 ,0x61 ,0x75 ,0x6C ,0x74 ,0x3D 
,0x0D ,0x0A ,0x0D ,0x0A ,0x5B ,0x4D ,0x61 ,0x72 ,0x6B ,0x5D ,0x0D ,0x0A ,0x53 ,0x74 ,0x61 ,0x72 
,0x74 ,0x41 ,0x74 ,0x3D ,0x36 ,0x31 ,0x0D ,0x0A ,0x53 ,0x69 ,0x7A ,0x65 ,0x3D ,0x31 ,0x0D ,0x0A 
,0x44 ,0x61 ,0x74 ,0x61 ,0x54 ,0x79 ,0x70 ,0x65 ,0x3D ,0x53 ,0x54 ,0x52 ,0x49 ,0x4E ,0x47 ,0x0D 
,0x0A ,0x44 ,0x65 ,0x66 ,0x61 ,0x75 ,0x6C ,0x74 ,0x3D 
};

UInt8 RSC_OTC_T010[] = {
 0x00 ,0x00 ,0x03 ,0xF0 
,0x0D ,0x0A ,0x5B ,0x46 ,0x69 ,0x78 ,0x65 ,0x64 ,0x46 ,0x6F ,0x72 ,0x6D ,0x61 ,0x74 ,0x43 ,0x6F 
,0x6E ,0x66 ,0x69 ,0x67 ,0x5D ,0x0D ,0x0A ,0x4C ,0x69 ,0x6E ,0x65 ,0x4C ,0x65 ,0x6E ,0x67 ,0x74 
,0x68 ,0x3D ,0x35 ,0x31 ,0x0D ,0x0A ,0x0D ,0x0A ,0x5B ,0x53 ,0x75 ,0x62 ,0x53 ,0x79 ,0x73 ,0x74 
,0x65 ,0x6D ,0x5D ,0x0D ,0x0A ,0x53 ,0x74 ,0x61 ,0x72 ,0x74 ,0x41 ,0x74 ,0x3D ,0x30 ,0x0D ,0x0A 
,0x53 ,0x69 ,0x7A ,0x65 ,0x3D ,0x32 ,0x0D ,0x0A ,0x44 ,0x61 ,0x74 ,0x61 ,0x54 ,0x79 ,0x70 ,0x65 
,0x3D ,0x49 ,0x4E ,0x54 ,0x0D ,0x0A ,0x44 ,0x65 ,0x66 ,0x61 ,0x75 ,0x6C ,0x74 ,0x3D ,0x39 ,0x33 
,0x0D ,0x0A ,0x0D ,0x0A ,0x5B ,0x46 ,0x75 ,0x6E ,0x63 ,0x74 ,0x69 ,0x6F ,0x6E ,0x43 ,0x6F ,0x64 
,0x65 ,0x5D ,0x0D ,0x0A ,0x53 ,0x74 ,0x61 ,0x72 ,0x74 ,0x41 ,0x74 ,0x3D ,0x32 ,0x0D ,0x0A ,0x53 
,0x69 ,0x7A ,0x65 ,0x3D ,0x32 ,0x0D ,0x0A ,0x44 ,0x61 ,0x74 ,0x61 ,0x54 ,0x79 ,0x70 ,0x65 ,0x3D 
,0x49 ,0x4E ,0x54 ,0x0D ,0x0A ,0x44 ,0x65 ,0x66 ,0x61 ,0x75 ,0x6C ,0x74 ,0x3D ,0x0D ,0x0A ,0x0D 
,0x0A ,0x5B ,0x4D ,0x65 ,0x73 ,0x73 ,0x61 ,0x67 ,0x65 ,0x54 ,0x79 ,0x70 ,0x65 ,0x5D ,0x0D ,0x0A 
,0x53 ,0x74 ,0x61 ,0x72 ,0x74 ,0x41 ,0x74 ,0x3D ,0x34 ,0x0D ,0x0A ,0x53 ,0x69 ,0x7A ,0x65 ,0x3D 
,0x32 ,0x0D ,0x0A ,0x44 ,0x61 ,0x74 ,0x61 ,0x54 ,0x79 ,0x70 ,0x65 ,0x3D ,0x49 ,0x4E ,0x54 ,0x0D 
,0x0A ,0x44 ,0x65 ,0x66 ,0x61 ,0x75 ,0x6C ,0x74 ,0x3D ,0x30 ,0x30 ,0x0D ,0x0A ,0x0D ,0x0A ,0x5B 
,0x4D ,0x65 ,0x73 ,0x73 ,0x61 ,0x67 ,0x65 ,0x54 ,0x69 ,0x6D ,0x65 ,0x5D ,0x0D ,0x0A ,0x53 ,0x74 
,0x61 ,0x72 ,0x74 ,0x41 ,0x74 ,0x3D ,0x36 ,0x0D ,0x0A ,0x53 ,0x69 ,0x7A ,0x65 ,0x3D ,0x36 ,0x0D 
,0x0A ,0x44 ,0x61 ,0x74 ,0x61 ,0x54 ,0x79 ,0x70 ,0x65 ,0x3D ,0x49 ,0x4E ,0x54 ,0x0D ,0x0A ,0x44 
,0x65 ,0x66 ,0x61 ,0x75 ,0x6C ,0x74 ,0x3D ,0x0D ,0x0A ,0x0D ,0x0A ,0x5B ,0x53 ,0x74 ,0x61 ,0x74 
,0x75 ,0x73 ,0x43 ,0x6F ,0x64 ,0x65 ,0x5D ,0x0D ,0x0A ,0x53 ,0x74 ,0x61 ,0x72 ,0x74 ,0x41 ,0x74 
,0x3D ,0x31 ,0x32 ,0x0D ,0x0A ,0x53 ,0x69 ,0x7A ,0x65 ,0x3D ,0x32 ,0x0D ,0x0A ,0x44 ,0x61 ,0x74 
,0x61 ,0x54 ,0x79 ,0x70 ,0x65 ,0x3D ,0x49 ,0x4E ,0x54 ,0x0D ,0x0A ,0x44 ,0x65 ,0x66 ,0x61 ,0x75 
,0x6C ,0x74 ,0x3D ,0x30 ,0x30 ,0x0D ,0x0A ,0x0D ,0x0A ,0x5B ,0x42 ,0x72 ,0x6F ,0x6B ,0x65 ,0x72 
,0x49 ,0x44 ,0x5D ,0x0D ,0x0A ,0x53 ,0x74 ,0x61 ,0x72 ,0x74 ,0x41 ,0x74 ,0x3D ,0x31 ,0x34 ,0x0D 
,0x0A ,0x53 ,0x69 ,0x7A ,0x65 ,0x3D ,0x34 ,0x0D ,0x0A ,0x44 ,0x61 ,0x74 ,0x61 ,0x54 ,0x79 ,0x70 
,0x65 ,0x3D ,0x53 ,0x54 ,0x52 ,0x49 ,0x4E ,0x47 ,0x0D ,0x0A ,0x44 ,0x65 ,0x66 ,0x61 ,0x75 ,0x6C 
,0x74 ,0x3D ,0x37 ,0x30 ,0x30 ,0x30 ,0x0D ,0x0A ,0x0D ,0x0A ,0x5B ,0x50 ,0x56 ,0x43 ,0x49 ,0x44 
,0x5D ,0x0D ,0x0A ,0x53 ,0x74 ,0x61 ,0x72 ,0x74 ,0x41 ,0x74 ,0x3D ,0x31 ,0x38 ,0x0D ,0x0A ,0x53 
,0x69 ,0x7A ,0x65 ,0x3D ,0x32 ,0x0D ,0x0A ,0x44 ,0x61 ,0x74 ,0x61 ,0x54 ,0x79 ,0x70 ,0x65 ,0x3D 
,0x53 ,0x54 ,0x52 ,0x49 ,0x4E ,0x47 ,0x0D ,0x0A ,0x44 ,0x65 ,0x66 ,0x61 ,0x75 ,0x6C ,0x74 ,0x3D 
,0x58 ,0x58 ,0x0D ,0x0A ,0x0D ,0x0A ,0x5B ,0x4F ,0x72 ,0x64 ,0x65 ,0x72 ,0x49 ,0x44 ,0x5D ,0x0D 
,0x0A ,0x53 ,0x74 ,0x61 ,0x72 ,0x74 ,0x41 ,0x74 ,0x3D ,0x32 ,0x30 ,0x0D ,0x0A ,0x53 ,0x69 ,0x7A 
,0x65 ,0x3D ,0x35 ,0x0D ,0x0A ,0x44 ,0x61 ,0x74 ,0x61 ,0x54 ,0x79 ,0x70 ,0x65 ,0x3D ,0x53 ,0x54 
,0x52 ,0x49 ,0x4E ,0x47 ,0x0D ,0x0A ,0x44 ,0x65 ,0x66 ,0x61 ,0x75 ,0x6C ,0x74 ,0x3D ,0x30 ,0x30 
,0x30 ,0x30 ,0x30 ,0x0D ,0x0A ,0x0D ,0x0A ,0x5B ,0x41 ,0x63 ,0x63 ,0x6F ,0x75 ,0x6E ,0x74 ,0x5D 
,0x0D ,0x0A ,0x53 ,0x74 ,0x61 ,0x72 ,0x74 ,0x41 ,0x74 ,0x3D ,0x32 ,0x35 ,0x0D ,0x0A ,0x53 ,0x69 
,0x7A ,0x65 ,0x3D ,0x37 ,0x0D ,0x0A ,0x44 ,0x61 ,0x74 ,0x61 ,0x54 ,0x79 ,0x70 ,0x65 ,0x3D ,0x49 
,0x4E ,0x54 ,0x0D ,0x0A ,0x44 ,0x65 ,0x66 ,0x61 ,0x75 ,0x6C ,0x74 ,0x3D ,0x0D ,0x0A ,0x0D ,0x0A 
,0x5B ,0x41 ,0x63 ,0x63 ,0x6F ,0x75 ,0x6E ,0x74 ,0x46 ,0x6C ,0x61 ,0x67 ,0x5D ,0x0D ,0x0A ,0x53 
,0x74 ,0x61 ,0x72 ,0x74 ,0x41 ,0x74 ,0x3D ,0x33 ,0x32 ,0x0D ,0x0A ,0x53 ,0x69 ,0x7A ,0x65 ,0x3D 
,0x31 ,0x0D ,0x0A ,0x44 ,0x61 ,0x74 ,0x61 ,0x54 ,0x79 ,0x70 ,0x65 ,0x3D ,0x53 ,0x54 ,0x52 ,0x49 
,0x4E ,0x47 ,0x0D ,0x0A ,0x44 ,0x65 ,0x66 ,0x61 ,0x75 ,0x6C ,0x74 ,0x3D ,0x0D ,0x0A ,0x0D ,0x0A 
,0x5B ,0x53 ,0x79 ,0x6D ,0x62 ,0x6F ,0x6C ,0x5D ,0x0D ,0x0A ,0x53 ,0x74 ,0x61 ,0x72 ,0x74 ,0x41 
,0x74 ,0x3D ,0x33 ,0x33 ,0x0D ,0x0A ,0x53 ,0x69 ,0x7A ,0x65 ,0x3D ,0x36 ,0x0D ,0x0A ,0x44 ,0x61 
,0x74 ,0x61 ,0x54 ,0x79 ,0x70 ,0x65 ,0x3D ,0x53 ,0x54 ,0x52 ,0x49 ,0x4E ,0x47 ,0x0D ,0x0A ,0x44 
,0x65 ,0x66 ,0x61 ,0x75 ,0x6C ,0x74 ,0x3D ,0x0D ,0x0A ,0x0D ,0x0A ,0x5B ,0x50 ,0x72 ,0x69 ,0x63 
,0x65 ,0x5D ,0x0D ,0x0A ,0x53 ,0x74 ,0x61 ,0x72 ,0x74 ,0x41 ,0x74 ,0x3D ,0x33 ,0x39 ,0x0D ,0x0A 
,0x53 ,0x69 ,0x7A ,0x65 ,0x3D ,0x36 ,0x0D ,0x0A ,0x44 ,0x61 ,0x74 ,0x61 ,0x54 ,0x79 ,0x70 ,0x65 
,0x3D ,0x49 ,0x4E ,0x54 ,0x0D ,0x0A ,0x44 ,0x65 ,0x66 ,0x61 ,0x75 ,0x6C ,0x74 ,0x3D ,0x0D ,0x0A 
,0x0D ,0x0A ,0x5B ,0x51 ,0x74 ,0x79 ,0x5D ,0x0D ,0x0A ,0x53 ,0x74 ,0x61 ,0x72 ,0x74 ,0x41 ,0x74 
,0x3D ,0x34 ,0x35 ,0x0D ,0x0A ,0x53 ,0x69 ,0x7A ,0x65 ,0x3D ,0x33 ,0x0D ,0x0A ,0x44 ,0x61 ,0x74 
,0x61 ,0x54 ,0x79 ,0x70 ,0x65 ,0x3D ,0x49 ,0x4E ,0x54 ,0x0D ,0x0A ,0x44 ,0x65 ,0x66 ,0x61 ,0x75 
,0x6C ,0x74 ,0x3D ,0x0D ,0x0A ,0x0D ,0x0A ,0x5B ,0x53 ,0x69 ,0x64 ,0x65 ,0x5D ,0x0D ,0x0A ,0x53 
,0x74 ,0x61 ,0x72 ,0x74 ,0x41 ,0x74 ,0x3D ,0x34 ,0x38 ,0x0D ,0x0A ,0x53 ,0x69 ,0x7A ,0x65 ,0x3D 
,0x31 ,0x0D ,0x0A ,0x44 ,0x61 ,0x74 ,0x61 ,0x54 ,0x79 ,0x70 ,0x65 ,0x3D ,0x53 ,0x54 ,0x52 ,0x49 
,0x4E ,0x47 ,0x0D ,0x0A ,0x44 ,0x65 ,0x66 ,0x61 ,0x75 ,0x6C ,0x74 ,0x3D ,0x0D ,0x0A ,0x0D ,0x0A 
,0x5B ,0x45 ,0x78 ,0x63 ,0x68 ,0x61 ,0x6E ,0x67 ,0x65 ,0x43 ,0x6F ,0x64 ,0x65 ,0x5D ,0x0D ,0x0A 
,0x53 ,0x74 ,0x61 ,0x72 ,0x74 ,0x41 ,0x74 ,0x3D ,0x34 ,0x39 ,0x0D ,0x0A ,0x53 ,0x69 ,0x7A ,0x65 
,0x3D ,0x31 ,0x0D ,0x0A ,0x44 ,0x61 ,0x74 ,0x61 ,0x54 ,0x79 ,0x70 ,0x65 ,0x3D ,0x53 ,0x54 ,0x52 
,0x49 ,0x4E ,0x47 ,0x0D ,0x0A ,0x44 ,0x65 ,0x66 ,0x61 ,0x75 ,0x6C ,0x74 ,0x3D ,0x30 ,0x0D ,0x0A 
,0x0D ,0x0A ,0x5B ,0x54 ,0x53 ,0x45 ,0x4F ,0x72 ,0x64 ,0x65 ,0x72 ,0x54 ,0x79 ,0x70 ,0x65 ,0x5D 
,0x0D ,0x0A ,0x53 ,0x74 ,0x61 ,0x72 ,0x74 ,0x41 ,0x74 ,0x3D ,0x35 ,0x30 ,0x0D ,0x0A ,0x53 ,0x69 
,0x7A ,0x65 ,0x3D ,0x31 ,0x0D ,0x0A ,0x44 ,0x61 ,0x74 ,0x61 ,0x54 ,0x79 ,0x70 ,0x65 ,0x3D ,0x53 
,0x54 ,0x52 ,0x49 ,0x4E ,0x47 ,0x0D ,0x0A ,0x44 ,0x65 ,0x66 ,0x61 ,0x75 ,0x6C ,0x74 ,0x3D ,0x30 
};

UInt8 RSC_OTC_O010[] = {
 0x00 ,0x00 ,0x03 ,0xAD 
,0x0D ,0x0A ,0x5B ,0x46 ,0x69 ,0x78 ,0x65 ,0x64 ,0x46 ,0x6F ,0x72 ,0x6D ,0x61 ,0x74 ,0x43 ,0x6F 
,0x6E ,0x66 ,0x69 ,0x67 ,0x5D ,0x0D ,0x0A ,0x4C ,0x69 ,0x6E ,0x65 ,0x4C ,0x65 ,0x6E ,0x67 ,0x74 
,0x68 ,0x3D ,0x35 ,0x38 ,0x0D ,0x0A ,0x0D ,0x0A ,0x5B ,0x53 ,0x75 ,0x62 ,0x53 ,0x79 ,0x73 ,0x74 
,0x65 ,0x6D ,0x5D ,0x0D ,0x0A ,0x53 ,0x74 ,0x61 ,0x72 ,0x74 ,0x41 ,0x74 ,0x3D ,0x30 ,0x0D ,0x0A 
,0x53 ,0x69 ,0x7A ,0x65 ,0x3D ,0x32 ,0x0D ,0x0A ,0x44 ,0x61 ,0x74 ,0x61 ,0x54 ,0x79 ,0x70 ,0x65 
,0x3D ,0x49 ,0x4E ,0x54 ,0x0D ,0x0A ,0x44 ,0x65 ,0x66 ,0x61 ,0x75 ,0x6C ,0x74 ,0x3D ,0x39 ,0x34 
,0x0D ,0x0A ,0x0D ,0x0A ,0x5B ,0x46 ,0x75 ,0x6E ,0x63 ,0x74 ,0x69 ,0x6F ,0x6E ,0x43 ,0x6F ,0x64 
,0x65 ,0x5D ,0x0D ,0x0A ,0x53 ,0x74 ,0x61 ,0x72 ,0x74 ,0x41 ,0x74 ,0x3D ,0x32 ,0x0D ,0x0A ,0x53 
,0x69 ,0x7A ,0x65 ,0x3D ,0x32 ,0x0D ,0x0A ,0x44 ,0x61 ,0x74 ,0x61 ,0x54 ,0x79 ,0x70 ,0x65 ,0x3D 
,0x49 ,0x4E ,0x54 ,0x0D ,0x0A ,0x44 ,0x65 ,0x66 ,0x61 ,0x75 ,0x6C ,0x74 ,0x3D ,0x0D ,0x0A ,0x0D 
,0x0A ,0x5B ,0x4D ,0x65 ,0x73 ,0x73 ,0x61 ,0x67 ,0x65 ,0x54 ,0x79 ,0x70 ,0x65 ,0x5D ,0x0D ,0x0A 
,0x53 ,0x74 ,0x61 ,0x72 ,0x74 ,0x41 ,0x74 ,0x3D ,0x34 ,0x0D ,0x0A ,0x53 ,0x69 ,0x7A ,0x65 ,0x3D 
,0x32 ,0x0D ,0x0A ,0x44 ,0x61 ,0x74 ,0x61 ,0x54 ,0x79 ,0x70 ,0x65 ,0x3D ,0x49 ,0x4E ,0x54 ,0x0D 
,0x0A ,0x44 ,0x65 ,0x66 ,0x61 ,0x75 ,0x6C ,0x74 ,0x3D ,0x30 ,0x30 ,0x0D ,0x0A ,0x0D ,0x0A ,0x5B 
,0x4D ,0x65 ,0x73 ,0x73 ,0x61 ,0x67 ,0x65 ,0x54 ,0x69 ,0x6D ,0x65 ,0x5D ,0x0D ,0x0A ,0x53 ,0x74 
,0x61 ,0x72 ,0x74 ,0x41 ,0x74 ,0x3D ,0x36 ,0x0D ,0x0A ,0x53 ,0x69 ,0x7A ,0x65 ,0x3D ,0x36 ,0x0D 
,0x0A ,0x44 ,0x61 ,0x74 ,0x61 ,0x54 ,0x79 ,0x70 ,0x65 ,0x3D ,0x49 ,0x4E ,0x54 ,0x0D ,0x0A ,0x44 
,0x65 ,0x66 ,0x61 ,0x75 ,0x6C ,0x74 ,0x3D ,0x0D ,0x0A ,0x0D ,0x0A ,0x5B ,0x53 ,0x74 ,0x61 ,0x74 
,0x75 ,0x73 ,0x43 ,0x6F ,0x64 ,0x65 ,0x5D ,0x0D ,0x0A ,0x53 ,0x74 ,0x61 ,0x72 ,0x74 ,0x41 ,0x74 
,0x3D ,0x31 ,0x32 ,0x0D ,0x0A ,0x53 ,0x69 ,0x7A ,0x65 ,0x3D ,0x32 ,0x0D ,0x0A ,0x44 ,0x61 ,0x74 
,0x61 ,0x54 ,0x79 ,0x70 ,0x65 ,0x3D ,0x49 ,0x4E ,0x54 ,0x0D ,0x0A ,0x44 ,0x65 ,0x66 ,0x61 ,0x75 
,0x6C ,0x74 ,0x3D ,0x30 ,0x30 ,0x0D ,0x0A ,0x0D ,0x0A ,0x5B ,0x42 ,0x72 ,0x6F ,0x6B ,0x65 ,0x72 
,0x49 ,0x44 ,0x5D ,0x0D ,0x0A ,0x53 ,0x74 ,0x61 ,0x72 ,0x74 ,0x41 ,0x74 ,0x3D ,0x31 ,0x34 ,0x0D 
,0x0A ,0x53 ,0x69 ,0x7A ,0x65 ,0x3D ,0x34 ,0x0D ,0x0A ,0x44 ,0x61 ,0x74 ,0x61 ,0x54 ,0x79 ,0x70 
,0x65 ,0x3D ,0x53 ,0x54 ,0x52 ,0x49 ,0x4E ,0x47 ,0x0D ,0x0A ,0x44 ,0x65 ,0x66 ,0x61 ,0x75 ,0x6C 
,0x74 ,0x3D ,0x37 ,0x30 ,0x30 ,0x30 ,0x0D ,0x0A ,0x0D ,0x0A ,0x5B ,0x50 ,0x56 ,0x43 ,0x49 ,0x44 
,0x5D ,0x0D ,0x0A ,0x53 ,0x74 ,0x61 ,0x72 ,0x74 ,0x41 ,0x74 ,0x3D ,0x31 ,0x38 ,0x0D ,0x0A ,0x53 
,0x69 ,0x7A ,0x65 ,0x3D ,0x32 ,0x0D ,0x0A ,0x44 ,0x61 ,0x74 ,0x61 ,0x54 ,0x79 ,0x70 ,0x65 ,0x3D 
,0x53 ,0x54 ,0x52 ,0x49 ,0x4E ,0x47 ,0x0D ,0x0A ,0x44 ,0x65 ,0x66 ,0x61 ,0x75 ,0x6C ,0x74 ,0x3D 
,0x58 ,0x58 ,0x0D ,0x0A ,0x0D ,0x0A ,0x5B ,0x4F ,0x72 ,0x64 ,0x65 ,0x72 ,0x49 ,0x44 ,0x5D ,0x0D 
,0x0A ,0x53 ,0x74 ,0x61 ,0x72 ,0x74 ,0x41 ,0x74 ,0x3D ,0x32 ,0x30 ,0x0D ,0x0A ,0x53 ,0x69 ,0x7A 
,0x65 ,0x3D ,0x35 ,0x0D ,0x0A ,0x44 ,0x61 ,0x74 ,0x61 ,0x54 ,0x79 ,0x70 ,0x65 ,0x3D ,0x53 ,0x54 
,0x52 ,0x49 ,0x4E ,0x47 ,0x0D ,0x0A ,0x44 ,0x65 ,0x66 ,0x61 ,0x75 ,0x6C ,0x74 ,0x3D ,0x30 ,0x30 
,0x30 ,0x30 ,0x30 ,0x0D ,0x0A ,0x0D ,0x0A ,0x5B ,0x41 ,0x63 ,0x63 ,0x6F ,0x75 ,0x6E ,0x74 ,0x5D 
,0x0D ,0x0A ,0x53 ,0x74 ,0x61 ,0x72 ,0x74 ,0x41 ,0x74 ,0x3D ,0x32 ,0x35 ,0x0D ,0x0A ,0x53 ,0x69 
,0x7A ,0x65 ,0x3D ,0x37 ,0x0D ,0x0A ,0x44 ,0x61 ,0x74 ,0x61 ,0x54 ,0x79 ,0x70 ,0x65 ,0x3D ,0x49 
,0x4E ,0x54 ,0x0D ,0x0A ,0x44 ,0x65 ,0x66 ,0x61 ,0x75 ,0x6C ,0x74 ,0x3D ,0x0D ,0x0A ,0x0D ,0x0A 
,0x5B ,0x53 ,0x79 ,0x6D ,0x62 ,0x6F ,0x6C ,0x5D ,0x0D ,0x0A ,0x53 ,0x74 ,0x61 ,0x72 ,0x74 ,0x41 
,0x74 ,0x3D ,0x33 ,0x32 ,0x0D ,0x0A ,0x53 ,0x69 ,0x7A ,0x65 ,0x3D ,0x36 ,0x0D ,0x0A ,0x44 ,0x61 
,0x74 ,0x61 ,0x54 ,0x79 ,0x70 ,0x65 ,0x3D ,0x53 ,0x54 ,0x52 ,0x49 ,0x4E ,0x47 ,0x0D ,0x0A ,0x44 
,0x65 ,0x66 ,0x61 ,0x75 ,0x6C ,0x74 ,0x3D ,0x0D ,0x0A ,0x0D ,0x0A ,0x5B ,0x50 ,0x72 ,0x69 ,0x63 
,0x65 ,0x5D ,0x0D ,0x0A ,0x53 ,0x74 ,0x61 ,0x72 ,0x74 ,0x41 ,0x74 ,0x3D ,0x33 ,0x38 ,0x0D ,0x0A 
,0x53 ,0x69 ,0x7A ,0x65 ,0x3D ,0x36 ,0x0D ,0x0A ,0x44 ,0x61 ,0x74 ,0x61 ,0x54 ,0x79 ,0x70 ,0x65 
,0x3D ,0x49 ,0x4E ,0x54 ,0x0D ,0x0A ,0x44 ,0x65 ,0x66 ,0x61 ,0x75 ,0x6C ,0x74 ,0x3D ,0x0D ,0x0A 
,0x0D ,0x0A ,0x5B ,0x51 ,0x74 ,0x79 ,0x5D ,0x0D ,0x0A ,0x53 ,0x74 ,0x61 ,0x72 ,0x74 ,0x41 ,0x74 
,0x3D ,0x34 ,0x34 ,0x0D ,0x0A ,0x53 ,0x69 ,0x7A ,0x65 ,0x3D ,0x38 ,0x0D ,0x0A ,0x44 ,0x61 ,0x74 
,0x61 ,0x54 ,0x79 ,0x70 ,0x65 ,0x3D ,0x49 ,0x4E ,0x54 ,0x0D ,0x0A ,0x44 ,0x65 ,0x66 ,0x61 ,0x75 
,0x6C ,0x74 ,0x3D ,0x0D ,0x0A ,0x0D ,0x0A ,0x5B ,0x53 ,0x69 ,0x64 ,0x65 ,0x5D ,0x0D ,0x0A ,0x53 
,0x74 ,0x61 ,0x72 ,0x74 ,0x41 ,0x74 ,0x3D ,0x35 ,0x32 ,0x0D ,0x0A ,0x53 ,0x69 ,0x7A ,0x65 ,0x3D 
,0x31 ,0x0D ,0x0A ,0x44 ,0x61 ,0x74 ,0x61 ,0x54 ,0x79 ,0x70 ,0x65 ,0x3D ,0x53 ,0x54 ,0x52 ,0x49 
,0x4E ,0x47 ,0x0D ,0x0A ,0x44 ,0x65 ,0x66 ,0x61 ,0x75 ,0x6C ,0x74 ,0x3D ,0x0D ,0x0A ,0x0D ,0x0A 
,0x5B ,0x54 ,0x72 ,0x61 ,0x64 ,0x65 ,0x4B ,0x69 ,0x6E ,0x64 ,0x5D ,0x0D ,0x0A ,0x53 ,0x74 ,0x61 
,0x72 ,0x74 ,0x41 ,0x74 ,0x3D ,0x35 ,0x33 ,0x0D ,0x0A ,0x53 ,0x69 ,0x7A ,0x65 ,0x3D ,0x31 ,0x0D 
,0x0A ,0x44 ,0x61 ,0x74 ,0x61 ,0x54 ,0x79 ,0x70 ,0x65 ,0x3D ,0x53 ,0x54 ,0x52 ,0x49 ,0x4E ,0x47 
,0x0D ,0x0A ,0x44 ,0x65 ,0x66 ,0x61 ,0x75 ,0x6C ,0x74 ,0x3D ,0x30 ,0x0D ,0x0A ,0x0D ,0x0A ,0x5B 
,0x4F ,0x62 ,0x6A ,0x65 ,0x63 ,0x74 ,0x42 ,0x72 ,0x6F ,0x6B ,0x65 ,0x72 ,0x5D ,0x0D ,0x0A ,0x53 
,0x74 ,0x61 ,0x72 ,0x74 ,0x41 ,0x74 ,0x3D ,0x35 ,0x34 ,0x0D ,0x0A ,0x53 ,0x69 ,0x7A ,0x65 ,0x3D 
,0x34 ,0x0D ,0x0A ,0x44 ,0x61 ,0x74 ,0x61 ,0x54 ,0x79 ,0x70 ,0x65 ,0x3D ,0x53 ,0x54 ,0x52 ,0x49 
,0x4E ,0x47 ,0x0D ,0x0A ,0x44 ,0x65 ,0x66 ,0x61 ,0x75 ,0x6C ,0x74 ,0x3D ,0x30 
};

UInt8 RSC_OTC_P010[] = {
 0x00 ,0x00 ,0x03 ,0xF0 
,0x0D ,0x0A ,0x5B ,0x46 ,0x69 ,0x78 ,0x65 ,0x64 ,0x46 ,0x6F ,0x72 ,0x6D ,0x61 ,0x74 ,0x43 ,0x6F 
,0x6E ,0x66 ,0x69 ,0x67 ,0x5D ,0x0D ,0x0A ,0x4C ,0x69 ,0x6E ,0x65 ,0x4C ,0x65 ,0x6E ,0x67 ,0x74 
,0x68 ,0x3D ,0x35 ,0x31 ,0x0D ,0x0A ,0x0D ,0x0A ,0x5B ,0x53 ,0x75 ,0x62 ,0x53 ,0x79 ,0x73 ,0x74 
,0x65 ,0x6D ,0x5D ,0x0D ,0x0A ,0x53 ,0x74 ,0x61 ,0x72 ,0x74 ,0x41 ,0x74 ,0x3D ,0x30 ,0x0D ,0x0A 
,0x53 ,0x69 ,0x7A ,0x65 ,0x3D ,0x32 ,0x0D ,0x0A ,0x44 ,0x61 ,0x74 ,0x61 ,0x54 ,0x79 ,0x70 ,0x65 
,0x3D ,0x49 ,0x4E ,0x54 ,0x0D ,0x0A ,0x44 ,0x65 ,0x66 ,0x61 ,0x75 ,0x6C ,0x74 ,0x3D ,0x39 ,0x38 
,0x0D ,0x0A ,0x0D ,0x0A ,0x5B ,0x46 ,0x75 ,0x6E ,0x63 ,0x74 ,0x69 ,0x6F ,0x6E ,0x43 ,0x6F ,0x64 
,0x65 ,0x5D ,0x0D ,0x0A ,0x53 ,0x74 ,0x61 ,0x72 ,0x74 ,0x41 ,0x74 ,0x3D ,0x32 ,0x0D ,0x0A ,0x53 
,0x69 ,0x7A ,0x65 ,0x3D ,0x32 ,0x0D ,0x0A ,0x44 ,0x61 ,0x74 ,0x61 ,0x54 ,0x79 ,0x70 ,0x65 ,0x3D 
,0x49 ,0x4E ,0x54 ,0x0D ,0x0A ,0x44 ,0x65 ,0x66 ,0x61 ,0x75 ,0x6C ,0x74 ,0x3D ,0x0D ,0x0A ,0x0D 
,0x0A ,0x5B ,0x4D ,0x65 ,0x73 ,0x73 ,0x61 ,0x67 ,0x65 ,0x54 ,0x79 ,0x70 ,0x65 ,0x5D ,0x0D ,0x0A 
,0x53 ,0x74 ,0x61 ,0x72 ,0x74 ,0x41 ,0x74 ,0x3D ,0x34 ,0x0D ,0x0A ,0x53 ,0x69 ,0x7A ,0x65 ,0x3D 
,0x32 ,0x0D ,0x0A ,0x44 ,0x61 ,0x74 ,0x61 ,0x54 ,0x79 ,0x70 ,0x65 ,0x3D ,0x49 ,0x4E ,0x54 ,0x0D 
,0x0A ,0x44 ,0x65 ,0x66 ,0x61 ,0x75 ,0x6C ,0x74 ,0x3D ,0x30 ,0x30 ,0x0D ,0x0A ,0x0D ,0x0A ,0x5B 
,0x4D ,0x65 ,0x73 ,0x73 ,0x61 ,0x67 ,0x65 ,0x54 ,0x69 ,0x6D ,0x65 ,0x5D ,0x0D ,0x0A ,0x53 ,0x74 
,0x61 ,0x72 ,0x74 ,0x41 ,0x74 ,0x3D ,0x36 ,0x0D ,0x0A ,0x53 ,0x69 ,0x7A ,0x65 ,0x3D ,0x36 ,0x0D 
,0x0A ,0x44 ,0x61 ,0x74 ,0x61 ,0x54 ,0x79 ,0x70 ,0x65 ,0x3D ,0x49 ,0x4E ,0x54 ,0x0D ,0x0A ,0x44 
,0x65 ,0x66 ,0x61 ,0x75 ,0x6C ,0x74 ,0x3D ,0x0D ,0x0A ,0x0D ,0x0A ,0x5B ,0x53 ,0x74 ,0x61 ,0x74 
,0x75 ,0x73 ,0x43 ,0x6F ,0x64 ,0x65 ,0x5D ,0x0D ,0x0A ,0x53 ,0x74 ,0x61 ,0x72 ,0x74 ,0x41 ,0x74 
,0x3D ,0x31 ,0x32 ,0x0D ,0x0A ,0x53 ,0x69 ,0x7A ,0x65 ,0x3D ,0x32 ,0x0D ,0x0A ,0x44 ,0x61 ,0x74 
,0x61 ,0x54 ,0x79 ,0x70 ,0x65 ,0x3D ,0x49 ,0x4E ,0x54 ,0x0D ,0x0A ,0x44 ,0x65 ,0x66 ,0x61 ,0x75 
,0x6C ,0x74 ,0x3D ,0x30 ,0x30 ,0x0D ,0x0A ,0x0D ,0x0A ,0x5B ,0x42 ,0x72 ,0x6F ,0x6B ,0x65 ,0x72 
,0x49 ,0x44 ,0x5D ,0x0D ,0x0A ,0x53 ,0x74 ,0x61 ,0x72 ,0x74 ,0x41 ,0x74 ,0x3D ,0x31 ,0x34 ,0x0D 
,0x0A ,0x53 ,0x69 ,0x7A ,0x65 ,0x3D ,0x34 ,0x0D ,0x0A ,0x44 ,0x61 ,0x74 ,0x61 ,0x54 ,0x79 ,0x70 
,0x65 ,0x3D ,0x53 ,0x54 ,0x52 ,0x49 ,0x4E ,0x47 ,0x0D ,0x0A ,0x44 ,0x65 ,0x66 ,0x61 ,0x75 ,0x6C 
,0x74 ,0x3D ,0x37 ,0x30 ,0x30 ,0x30 ,0x0D ,0x0A ,0x0D ,0x0A ,0x5B ,0x50 ,0x56 ,0x43 ,0x49 ,0x44 
,0x5D ,0x0D ,0x0A ,0x53 ,0x74 ,0x61 ,0x72 ,0x74 ,0x41 ,0x74 ,0x3D ,0x31 ,0x38 ,0x0D ,0x0A ,0x53 
,0x69 ,0x7A ,0x65 ,0x3D ,0x32 ,0x0D ,0x0A ,0x44 ,0x61 ,0x74 ,0x61 ,0x54 ,0x79 ,0x70 ,0x65 ,0x3D 
,0x53 ,0x54 ,0x52 ,0x49 ,0x4E ,0x47 ,0x0D ,0x0A ,0x44 ,0x65 ,0x66 ,0x61 ,0x75 ,0x6C ,0x74 ,0x3D 
,0x58 ,0x58 ,0x0D ,0x0A ,0x0D ,0x0A ,0x5B ,0x4F ,0x72 ,0x64 ,0x65 ,0x72 ,0x49 ,0x44 ,0x5D ,0x0D 
,0x0A ,0x53 ,0x74 ,0x61 ,0x72 ,0x74 ,0x41 ,0x74 ,0x3D ,0x32 ,0x30 ,0x0D ,0x0A ,0x53 ,0x69 ,0x7A 
,0x65 ,0x3D ,0x35 ,0x0D ,0x0A ,0x44 ,0x61 ,0x74 ,0x61 ,0x54 ,0x79 ,0x70 ,0x65 ,0x3D ,0x53 ,0x54 
,0x52 ,0x49 ,0x4E ,0x47 ,0x0D ,0x0A ,0x44 ,0x65 ,0x66 ,0x61 ,0x75 ,0x6C ,0x74 ,0x3D ,0x30 ,0x30 
,0x30 ,0x30 ,0x30 ,0x0D ,0x0A ,0x0D ,0x0A ,0x5B ,0x41 ,0x63 ,0x63 ,0x6F ,0x75 ,0x6E ,0x74 ,0x5D 
,0x0D ,0x0A ,0x53 ,0x74 ,0x61 ,0x72 ,0x74 ,0x41 ,0x74 ,0x3D ,0x32 ,0x35 ,0x0D ,0x0A ,0x53 ,0x69 
,0x7A ,0x65 ,0x3D ,0x37 ,0x0D ,0x0A ,0x44 ,0x61 ,0x74 ,0x61 ,0x54 ,0x79 ,0x70 ,0x65 ,0x3D ,0x49 
,0x4E ,0x54 ,0x0D ,0x0A ,0x44 ,0x65 ,0x66 ,0x61 ,0x75 ,0x6C ,0x74 ,0x3D ,0x0D ,0x0A ,0x0D ,0x0A 
,0x5B ,0x41 ,0x63 ,0x63 ,0x6F ,0x75 ,0x6E ,0x74 ,0x46 ,0x6C ,0x61 ,0x67 ,0x5D ,0x0D ,0x0A ,0x53 
,0x74 ,0x61 ,0x72 ,0x74 ,0x41 ,0x74 ,0x3D ,0x33 ,0x32 ,0x0D ,0x0A ,0x53 ,0x69 ,0x7A ,0x65 ,0x3D 
,0x31 ,0x0D ,0x0A ,0x44 ,0x61 ,0x74 ,0x61 ,0x54 ,0x79 ,0x70 ,0x65 ,0x3D ,0x53 ,0x54 ,0x52 ,0x49 
,0x4E ,0x47 ,0x0D ,0x0A ,0x44 ,0x65 ,0x66 ,0x61 ,0x75 ,0x6C ,0x74 ,0x3D ,0x0D ,0x0A ,0x0D ,0x0A 
,0x5B ,0x53 ,0x79 ,0x6D ,0x62 ,0x6F ,0x6C ,0x5D ,0x0D ,0x0A ,0x53 ,0x74 ,0x61 ,0x72 ,0x74 ,0x41 
,0x74 ,0x3D ,0x33 ,0x33 ,0x0D ,0x0A ,0x53 ,0x69 ,0x7A ,0x65 ,0x3D ,0x36 ,0x0D ,0x0A ,0x44 ,0x61 
,0x74 ,0x61 ,0x54 ,0x79 ,0x70 ,0x65 ,0x3D ,0x53 ,0x54 ,0x52 ,0x49 ,0x4E ,0x47 ,0x0D ,0x0A ,0x44 
,0x65 ,0x66 ,0x61 ,0x75 ,0x6C ,0x74 ,0x3D ,0x0D ,0x0A ,0x0D ,0x0A ,0x5B ,0x50 ,0x72 ,0x69 ,0x63 
,0x65 ,0x5D ,0x0D ,0x0A ,0x53 ,0x74 ,0x61 ,0x72 ,0x74 ,0x41 ,0x74 ,0x3D ,0x33 ,0x39 ,0x0D ,0x0A 
,0x53 ,0x69 ,0x7A ,0x65 ,0x3D ,0x36 ,0x0D ,0x0A ,0x44 ,0x61 ,0x74 ,0x61 ,0x54 ,0x79 ,0x70 ,0x65 
,0x3D ,0x49 ,0x4E ,0x54 ,0x0D ,0x0A ,0x44 ,0x65 ,0x66 ,0x61 ,0x75 ,0x6C ,0x74 ,0x3D ,0x0D ,0x0A 
,0x0D ,0x0A ,0x5B ,0x51 ,0x74 ,0x79 ,0x5D ,0x0D ,0x0A ,0x53 ,0x74 ,0x61 ,0x72 ,0x74 ,0x41 ,0x74 
,0x3D ,0x34 ,0x35 ,0x0D ,0x0A ,0x53 ,0x69 ,0x7A ,0x65 ,0x3D ,0x33 ,0x0D ,0x0A ,0x44 ,0x61 ,0x74 
,0x61 ,0x54 ,0x79 ,0x70 ,0x65 ,0x3D ,0x49 ,0x4E ,0x54 ,0x0D ,0x0A ,0x44 ,0x65 ,0x66 ,0x61 ,0x75 
,0x6C ,0x74 ,0x3D ,0x0D ,0x0A ,0x0D ,0x0A ,0x5B ,0x53 ,0x69 ,0x64 ,0x65 ,0x5D ,0x0D ,0x0A ,0x53 
,0x74 ,0x61 ,0x72 ,0x74 ,0x41 ,0x74 ,0x3D ,0x34 ,0x38 ,0x0D ,0x0A ,0x53 ,0x69 ,0x7A ,0x65 ,0x3D 
,0x31 ,0x0D ,0x0A ,0x44 ,0x61 ,0x74 ,0x61 ,0x54 ,0x79 ,0x70 ,0x65 ,0x3D ,0x53 ,0x54 ,0x52 ,0x49 
,0x4E ,0x47 ,0x0D ,0x0A ,0x44 ,0x65 ,0x66 ,0x61 ,0x75 ,0x6C ,0x74 ,0x3D ,0x0D ,0x0A ,0x0D ,0x0A 
,0x5B ,0x45 ,0x78 ,0x63 ,0x68 ,0x61 ,0x6E ,0x67 ,0x65 ,0x43 ,0x6F ,0x64 ,0x65 ,0x5D ,0x0D ,0x0A 
,0x53 ,0x74 ,0x61 ,0x72 ,0x74 ,0x41 ,0x74 ,0x3D ,0x34 ,0x39 ,0x0D ,0x0A ,0x53 ,0x69 ,0x7A ,0x65 
,0x3D ,0x31 ,0x0D ,0x0A ,0x44 ,0x61 ,0x74 ,0x61 ,0x54 ,0x79 ,0x70 ,0x65 ,0x3D ,0x53 ,0x54 ,0x52 
,0x49 ,0x4E ,0x47 ,0x0D ,0x0A ,0x44 ,0x65 ,0x66 ,0x61 ,0x75 ,0x6C ,0x74 ,0x3D ,0x30 ,0x0D ,0x0A 
,0x0D ,0x0A ,0x5B ,0x54 ,0x53 ,0x45 ,0x4F ,0x72 ,0x64 ,0x65 ,0x72 ,0x54 ,0x79 ,0x70 ,0x65 ,0x5D 
,0x0D ,0x0A ,0x53 ,0x74 ,0x61 ,0x72 ,0x74 ,0x41 ,0x74 ,0x3D ,0x35 ,0x30 ,0x0D ,0x0A ,0x53 ,0x69 
,0x7A ,0x65 ,0x3D ,0x31 ,0x0D ,0x0A ,0x44 ,0x61 ,0x74 ,0x61 ,0x54 ,0x79 ,0x70 ,0x65 ,0x3D ,0x53 
,0x54 ,0x52 ,0x49 ,0x4E ,0x47 ,0x0D ,0x0A ,0x44 ,0x65 ,0x66 ,0x61 ,0x75 ,0x6C ,0x74 ,0x3D ,0x30 
};

UInt8 RSC_OTC_T020[] = {
 0x00 ,0x00 ,0x04 ,0xE5 
,0x0D ,0x0A ,0x5B ,0x46 ,0x69 ,0x78 ,0x65 ,0x64 ,0x46 ,0x6F ,0x72 ,0x6D ,0x61 ,0x74 ,0x43 ,0x6F 
,0x6E ,0x66 ,0x69 ,0x67 ,0x5D ,0x0D ,0x0A ,0x4C ,0x69 ,0x6E ,0x65 ,0x4C ,0x65 ,0x6E ,0x67 ,0x74 
,0x68 ,0x3D ,0x36 ,0x39 ,0x0D ,0x0A ,0x0D ,0x0A ,0x5B ,0x53 ,0x75 ,0x62 ,0x53 ,0x79 ,0x73 ,0x74 
,0x65 ,0x6D ,0x5D ,0x0D ,0x0A ,0x53 ,0x74 ,0x61 ,0x72 ,0x74 ,0x41 ,0x74 ,0x3D ,0x30 ,0x0D ,0x0A 
,0x53 ,0x69 ,0x7A ,0x65 ,0x3D ,0x32 ,0x0D ,0x0A ,0x44 ,0x61 ,0x74 ,0x61 ,0x54 ,0x79 ,0x70 ,0x65 
,0x3D ,0x49 ,0x4E ,0x54 ,0x0D ,0x0A ,0x44 ,0x65 ,0x66 ,0x61 ,0x75 ,0x6C ,0x74 ,0x3D ,0x39 ,0x33 
,0x0D ,0x0A ,0x0D ,0x0A ,0x5B ,0x46 ,0x75 ,0x6E ,0x63 ,0x74 ,0x69 ,0x6F ,0x6E ,0x43 ,0x6F ,0x64 
,0x65 ,0x5D ,0x0D ,0x0A ,0x53 ,0x74 ,0x61 ,0x72 ,0x74 ,0x41 ,0x74 ,0x3D ,0x32 ,0x0D ,0x0A ,0x53 
,0x69 ,0x7A ,0x65 ,0x3D ,0x32 ,0x0D ,0x0A ,0x44 ,0x61 ,0x74 ,0x61 ,0x54 ,0x79 ,0x70 ,0x65 ,0x3D 
,0x49 ,0x4E ,0x54 ,0x0D ,0x0A ,0x44 ,0x65 ,0x66 ,0x61 ,0x75 ,0x6C ,0x74 ,0x3D ,0x0D ,0x0A ,0x0D 
,0x0A ,0x5B ,0x4D ,0x65 ,0x73 ,0x73 ,0x61 ,0x67 ,0x65 ,0x54 ,0x79 ,0x70 ,0x65 ,0x5D ,0x0D ,0x0A 
,0x53 ,0x74 ,0x61 ,0x72 ,0x74 ,0x41 ,0x74 ,0x3D ,0x34 ,0x0D ,0x0A ,0x53 ,0x69 ,0x7A ,0x65 ,0x3D 
,0x32 ,0x0D ,0x0A ,0x44 ,0x61 ,0x74 ,0x61 ,0x54 ,0x79 ,0x70 ,0x65 ,0x3D ,0x49 ,0x4E ,0x54 ,0x0D 
,0x0A ,0x44 ,0x65 ,0x66 ,0x61 ,0x75 ,0x6C ,0x74 ,0x3D ,0x30 ,0x31 ,0x0D ,0x0A ,0x0D ,0x0A ,0x5B 
,0x4D ,0x65 ,0x73 ,0x73 ,0x61 ,0x67 ,0x65 ,0x54 ,0x69 ,0x6D ,0x65 ,0x5D ,0x0D ,0x0A ,0x53 ,0x74 
,0x61 ,0x72 ,0x74 ,0x41 ,0x74 ,0x3D ,0x36 ,0x0D ,0x0A ,0x53 ,0x69 ,0x7A ,0x65 ,0x3D ,0x36 ,0x0D 
,0x0A ,0x44 ,0x61 ,0x74 ,0x61 ,0x54 ,0x79 ,0x70 ,0x65 ,0x3D ,0x49 ,0x4E ,0x54 ,0x0D ,0x0A ,0x44 
,0x65 ,0x66 ,0x61 ,0x75 ,0x6C ,0x74 ,0x3D ,0x0D ,0x0A ,0x0D ,0x0A ,0x5B ,0x53 ,0x74 ,0x61 ,0x74 
,0x75 ,0x73 ,0x43 ,0x6F ,0x64 ,0x65 ,0x5D ,0x0D ,0x0A ,0x53 ,0x74 ,0x61 ,0x72 ,0x74 ,0x41 ,0x74 
,0x3D ,0x31 ,0x32 ,0x0D ,0x0A ,0x53 ,0x69 ,0x7A ,0x65 ,0x3D ,0x32 ,0x0D ,0x0A ,0x44 ,0x61 ,0x74 
,0x61 ,0x54 ,0x79 ,0x70 ,0x65 ,0x3D ,0x49 ,0x4E ,0x54 ,0x0D ,0x0A ,0x44 ,0x65 ,0x66 ,0x61 ,0x75 
,0x6C ,0x74 ,0x3D ,0x30 ,0x30 ,0x0D ,0x0A ,0x0D ,0x0A ,0x5B ,0x42 ,0x72 ,0x6F ,0x6B ,0x65 ,0x72 
,0x49 ,0x44 ,0x5D ,0x0D ,0x0A ,0x53 ,0x74 ,0x61 ,0x72 ,0x74 ,0x41 ,0x74 ,0x3D ,0x31 ,0x34 ,0x0D 
,0x0A ,0x53 ,0x69 ,0x7A ,0x65 ,0x3D ,0x34 ,0x0D ,0x0A ,0x44 ,0x61 ,0x74 ,0x61 ,0x54 ,0x79 ,0x70 
,0x65 ,0x3D ,0x53 ,0x54 ,0x52 ,0x49 ,0x4E ,0x47 ,0x0D ,0x0A ,0x44 ,0x65 ,0x66 ,0x61 ,0x75 ,0x6C 
,0x74 ,0x3D ,0x37 ,0x30 ,0x30 ,0x30 ,0x0D ,0x0A ,0x0D ,0x0A ,0x5B ,0x50 ,0x56 ,0x43 ,0x49 ,0x44 
,0x5D ,0x0D ,0x0A ,0x53 ,0x74 ,0x61 ,0x72 ,0x74 ,0x41 ,0x74 ,0x3D ,0x31 ,0x38 ,0x0D ,0x0A ,0x53 
,0x69 ,0x7A ,0x65 ,0x3D ,0x32 ,0x0D ,0x0A ,0x44 ,0x61 ,0x74 ,0x61 ,0x54 ,0x79 ,0x70 ,0x65 ,0x3D 
,0x53 ,0x54 ,0x52 ,0x49 ,0x4E ,0x47 ,0x0D ,0x0A ,0x44 ,0x65 ,0x66 ,0x61 ,0x75 ,0x6C ,0x74 ,0x3D 
,0x58 ,0x58 ,0x0D ,0x0A ,0x0D ,0x0A ,0x5B ,0x4F ,0x72 ,0x64 ,0x65 ,0x72 ,0x49 ,0x44 ,0x5D ,0x0D 
,0x0A ,0x53 ,0x74 ,0x61 ,0x72 ,0x74 ,0x41 ,0x74 ,0x3D ,0x32 ,0x30 ,0x0D ,0x0A ,0x53 ,0x69 ,0x7A 
,0x65 ,0x3D ,0x35 ,0x0D ,0x0A ,0x44 ,0x61 ,0x74 ,0x61 ,0x54 ,0x79 ,0x70 ,0x65 ,0x3D ,0x53 ,0x54 
,0x52 ,0x49 ,0x4E ,0x47 ,0x0D ,0x0A ,0x44 ,0x65 ,0x66 ,0x61 ,0x75 ,0x6C ,0x74 ,0x3D ,0x30 ,0x30 
,0x30 ,0x30 ,0x30 ,0x0D ,0x0A ,0x0D ,0x0A ,0x5B ,0x41 ,0x63 ,0x63 ,0x6F ,0x75 ,0x6E ,0x74 ,0x5D 
,0x0D ,0x0A ,0x53 ,0x74 ,0x61 ,0x72 ,0x74 ,0x41 ,0x74 ,0x3D ,0x32 ,0x35 ,0x0D ,0x0A ,0x53 ,0x69 
,0x7A ,0x65 ,0x3D ,0x37 ,0x0D ,0x0A ,0x44 ,0x61 ,0x74 ,0x61 ,0x54 ,0x79 ,0x70 ,0x65 ,0x3D ,0x49 
,0x4E ,0x54 ,0x0D ,0x0A ,0x44 ,0x65 ,0x66 ,0x61 ,0x75 ,0x6C ,0x74 ,0x3D ,0x0D ,0x0A ,0x0D ,0x0A 
,0x5B ,0x41 ,0x63 ,0x63 ,0x6F ,0x75 ,0x6E ,0x74 ,0x46 ,0x6C ,0x61 ,0x67 ,0x5D ,0x0D ,0x0A ,0x53 
,0x74 ,0x61 ,0x72 ,0x74 ,0x41 ,0x74 ,0x3D ,0x33 ,0x32 ,0x0D ,0x0A ,0x53 ,0x69 ,0x7A ,0x65 ,0x3D 
,0x31 ,0x0D ,0x0A ,0x44 ,0x61 ,0x74 ,0x61 ,0x54 ,0x79 ,0x70 ,0x65 ,0x3D ,0x53 ,0x54 ,0x52 ,0x49 
,0x4E ,0x47 ,0x0D ,0x0A ,0x44 ,0x65 ,0x66 ,0x61 ,0x75 ,0x6C ,0x74 ,0x3D ,0x0D ,0x0A ,0x0D ,0x0A 
,0x5B ,0x53 ,0x79 ,0x6D ,0x62 ,0x6F ,0x6C ,0x5D ,0x0D ,0x0A ,0x53 ,0x74 ,0x61 ,0x72 ,0x74 ,0x41 
,0x74 ,0x3D ,0x33 ,0x33 ,0x0D ,0x0A ,0x53 ,0x69 ,0x7A ,0x65 ,0x3D ,0x36 ,0x0D ,0x0A ,0x44 ,0x61 
,0x74 ,0x61 ,0x54 ,0x79 ,0x70 ,0x65 ,0x3D ,0x53 ,0x54 ,0x52 ,0x49 ,0x4E ,0x47 ,0x0D ,0x0A ,0x44 
,0x65 ,0x66 ,0x61 ,0x75 ,0x6C ,0x74 ,0x3D ,0x0D ,0x0A ,0x0D ,0x0A ,0x5B ,0x50 ,0x72 ,0x69 ,0x63 
,0x65 ,0x5D ,0x0D ,0x0A ,0x53 ,0x74 ,0x61 ,0x72 ,0x74 ,0x41 ,0x74 ,0x3D ,0x33 ,0x39 ,0x0D ,0x0A 
,0x53 ,0x69 ,0x7A ,0x65 ,0x3D ,0x36 ,0x0D ,0x0A ,0x44 ,0x61 ,0x74 ,0x61 ,0x54 ,0x79 ,0x70 ,0x65 
,0x3D ,0x49 ,0x4E ,0x54 ,0x0D ,0x0A ,0x44 ,0x65 ,0x66 ,0x61 ,0x75 ,0x6C ,0x74 ,0x3D ,0x0D ,0x0A 
,0x0D ,0x0A ,0x5B ,0x51 ,0x74 ,0x79 ,0x5D ,0x0D ,0x0A ,0x53 ,0x74 ,0x61 ,0x72 ,0x74 ,0x41 ,0x74 
,0x3D ,0x34 ,0x35 ,0x0D ,0x0A ,0x53 ,0x69 ,0x7A ,0x65 ,0x3D ,0x33 ,0x0D ,0x0A ,0x44 ,0x61 ,0x74 
,0x61 ,0x54 ,0x79 ,0x70 ,0x65 ,0x3D ,0x49 ,0x4E ,0x54 ,0x0D ,0x0A ,0x44 ,0x65 ,0x66 ,0x61 ,0x75 
,0x6C ,0x74 ,0x3D ,0x0D ,0x0A ,0x0D ,0x0A ,0x5B ,0x53 ,0x69 ,0x64 ,0x65 ,0x5D ,0x0D ,0x0A ,0x53 
,0x74 ,0x61 ,0x72 ,0x74 ,0x41 ,0x74 ,0x3D ,0x34 ,0x38 ,0x0D ,0x0A ,0x53 ,0x69 ,0x7A ,0x65 ,0x3D 
,0x31 ,0x0D ,0x0A ,0x44 ,0x61 ,0x74 ,0x61 ,0x54 ,0x79 ,0x70 ,0x65 ,0x3D ,0x53 ,0x54 ,0x52 ,0x49 
,0x4E ,0x47 ,0x0D ,0x0A ,0x44 ,0x65 ,0x66 ,0x61 ,0x75 ,0x6C ,0x74 ,0x3D ,0x0D ,0x0A ,0x0D ,0x0A 
,0x5B ,0x45 ,0x78 ,0x63 ,0x68 ,0x61 ,0x6E ,0x67 ,0x65 ,0x43 ,0x6F ,0x64 ,0x65 ,0x5D ,0x0D ,0x0A 
,0x53 ,0x74 ,0x61 ,0x72 ,0x74 ,0x41 ,0x74 ,0x3D ,0x34 ,0x39 ,0x0D ,0x0A ,0x53 ,0x69 ,0x7A ,0x65 
,0x3D ,0x31 ,0x0D ,0x0A ,0x44 ,0x61 ,0x74 ,0x61 ,0x54 ,0x79 ,0x70 ,0x65 ,0x3D ,0x53 ,0x54 ,0x52 
,0x49 ,0x4E ,0x47 ,0x0D ,0x0A ,0x44 ,0x65 ,0x66 ,0x61 ,0x75 ,0x6C ,0x74 ,0x3D ,0x30 ,0x0D ,0x0A 
,0x0D ,0x0A ,0x5B ,0x54 ,0x53 ,0x45 ,0x4F ,0x72 ,0x64 ,0x65 ,0x72 ,0x54 ,0x79 ,0x70 ,0x65 ,0x5D 
,0x0D ,0x0A ,0x53 ,0x74 ,0x61 ,0x72 ,0x74 ,0x41 ,0x74 ,0x3D ,0x35 ,0x30 ,0x0D ,0x0A ,0x53 ,0x69 
,0x7A ,0x65 ,0x3D ,0x31 ,0x0D ,0x0A ,0x44 ,0x61 ,0x74 ,0x61 ,0x54 ,0x79 ,0x70 ,0x65 ,0x3D ,0x53 
,0x54 ,0x52 ,0x49 ,0x4E ,0x47 ,0x0D ,0x0A ,0x44 ,0x65 ,0x66 ,0x61 ,0x75 ,0x6C ,0x74 ,0x3D ,0x30 
,0x0D ,0x0A ,0x0D ,0x0A ,0x5B ,0x4F ,0x72 ,0x64 ,0x65 ,0x72 ,0x44 ,0x61 ,0x74 ,0x65 ,0x5D ,0x0D 
,0x0A ,0x53 ,0x74 ,0x61 ,0x72 ,0x74 ,0x41 ,0x74 ,0x3D ,0x35 ,0x31 ,0x0D ,0x0A ,0x53 ,0x69 ,0x7A 
,0x65 ,0x3D ,0x36 ,0x0D ,0x0A ,0x44 ,0x61 ,0x74 ,0x61 ,0x54 ,0x79 ,0x70 ,0x65 ,0x3D ,0x53 ,0x54 
,0x52 ,0x49 ,0x4E ,0x47 ,0x0D ,0x0A ,0x44 ,0x65 ,0x66 ,0x61 ,0x75 ,0x6C ,0x74 ,0x3D ,0x30 ,0x0D 
,0x0A ,0x0D ,0x0A ,0x5B ,0x4F ,0x72 ,0x64 ,0x65 ,0x72 ,0x54 ,0x69 ,0x6D ,0x65 ,0x5D ,0x0D ,0x0A 
,0x53 ,0x74 ,0x61 ,0x72 ,0x74 ,0x41 ,0x74 ,0x3D ,0x35 ,0x37 ,0x0D ,0x0A ,0x53 ,0x69 ,0x7A ,0x65 
,0x3D ,0x36 ,0x0D ,0x0A ,0x44 ,0x61 ,0x74 ,0x61 ,0x54 ,0x79 ,0x70 ,0x65 ,0x3D ,0x53 ,0x54 ,0x52 
,0x49 ,0x4E ,0x47 ,0x0D ,0x0A ,0x44 ,0x65 ,0x66 ,0x61 ,0x75 ,0x6C ,0x74 ,0x3D ,0x30 ,0x0D ,0x0A 
,0x0D ,0x0A ,0x5B ,0x42 ,0x65 ,0x66 ,0x6F ,0x72 ,0x65 ,0x51 ,0x74 ,0x79 ,0x5D ,0x0D ,0x0A ,0x53 
,0x74 ,0x61 ,0x72 ,0x74 ,0x41 ,0x74 ,0x3D ,0x36 ,0x33 ,0x0D ,0x0A ,0x53 ,0x69 ,0x7A ,0x65 ,0x3D 
,0x33 ,0x0D ,0x0A ,0x44 ,0x61 ,0x74 ,0x61 ,0x54 ,0x79 ,0x70 ,0x65 ,0x3D ,0x49 ,0x4E ,0x54 ,0x0D 
,0x0A ,0x44 ,0x65 ,0x66 ,0x61 ,0x75 ,0x6C ,0x74 ,0x3D ,0x0D ,0x0A ,0x0D ,0x0A ,0x5B ,0x41 ,0x66 
,0x74 ,0x65 ,0x72 ,0x51 ,0x74 ,0x79 ,0x5D ,0x0D ,0x0A ,0x53 ,0x74 ,0x61 ,0x72 ,0x74 ,0x41 ,0x74 
,0x3D ,0x36 ,0x36 ,0x0D ,0x0A ,0x53 ,0x69 ,0x7A ,0x65 ,0x3D ,0x33 ,0x0D ,0x0A ,0x44 ,0x61 ,0x74 
,0x61 ,0x54 ,0x79 ,0x70 ,0x65 ,0x3D ,0x49 ,0x4E ,0x54 ,0x0D ,0x0A ,0x44 ,0x65 ,0x66 ,0x61 ,0x75 
,0x6C ,0x74 ,0x3D ,0x0D ,0x0A 
};

UInt8 RSC_OTC_O020[] = {
 0x00 ,0x00 ,0x04 ,0xA2 
,0x0D ,0x0A ,0x5B ,0x46 ,0x69 ,0x78 ,0x65 ,0x64 ,0x46 ,0x6F ,0x72 ,0x6D ,0x61 ,0x74 ,0x43 ,0x6F 
,0x6E ,0x66 ,0x69 ,0x67 ,0x5D ,0x0D ,0x0A ,0x4C ,0x69 ,0x6E ,0x65 ,0x4C ,0x65 ,0x6E ,0x67 ,0x74 
,0x68 ,0x3D ,0x38 ,0x36 ,0x0D ,0x0A ,0x0D ,0x0A ,0x5B ,0x53 ,0x75 ,0x62 ,0x53 ,0x79 ,0x73 ,0x74 
,0x65 ,0x6D ,0x5D ,0x0D ,0x0A ,0x53 ,0x74 ,0x61 ,0x72 ,0x74 ,0x41 ,0x74 ,0x3D ,0x30 ,0x0D ,0x0A 
,0x53 ,0x69 ,0x7A ,0x65 ,0x3D ,0x32 ,0x0D ,0x0A ,0x44 ,0x61 ,0x74 ,0x61 ,0x54 ,0x79 ,0x70 ,0x65 
,0x3D ,0x49 ,0x4E ,0x54 ,0x0D ,0x0A ,0x44 ,0x65 ,0x66 ,0x61 ,0x75 ,0x6C ,0x74 ,0x3D ,0x39 ,0x34 
,0x0D ,0x0A ,0x0D ,0x0A ,0x5B ,0x46 ,0x75 ,0x6E ,0x63 ,0x74 ,0x69 ,0x6F ,0x6E ,0x43 ,0x6F ,0x64 
,0x65 ,0x5D ,0x0D ,0x0A ,0x53 ,0x74 ,0x61 ,0x72 ,0x74 ,0x41 ,0x74 ,0x3D ,0x32 ,0x0D ,0x0A ,0x53 
,0x69 ,0x7A ,0x65 ,0x3D ,0x32 ,0x0D ,0x0A ,0x44 ,0x61 ,0x74 ,0x61 ,0x54 ,0x79 ,0x70 ,0x65 ,0x3D 
,0x49 ,0x4E ,0x54 ,0x0D ,0x0A ,0x44 ,0x65 ,0x66 ,0x61 ,0x75 ,0x6C ,0x74 ,0x3D ,0x0D ,0x0A ,0x0D 
,0x0A ,0x5B ,0x4D ,0x65 ,0x73 ,0x73 ,0x61 ,0x67 ,0x65 ,0x54 ,0x79 ,0x70 ,0x65 ,0x5D ,0x0D ,0x0A 
,0x53 ,0x74 ,0x61 ,0x72 ,0x74 ,0x41 ,0x74 ,0x3D ,0x34 ,0x0D ,0x0A ,0x53 ,0x69 ,0x7A ,0x65 ,0x3D 
,0x32 ,0x0D ,0x0A ,0x44 ,0x61 ,0x74 ,0x61 ,0x54 ,0x79 ,0x70 ,0x65 ,0x3D ,0x49 ,0x4E ,0x54 ,0x0D 
,0x0A ,0x44 ,0x65 ,0x66 ,0x61 ,0x75 ,0x6C ,0x74 ,0x3D ,0x30 ,0x31 ,0x0D ,0x0A ,0x0D ,0x0A ,0x5B 
,0x4D ,0x65 ,0x73 ,0x73 ,0x61 ,0x67 ,0x65 ,0x54 ,0x69 ,0x6D ,0x65 ,0x5D ,0x0D ,0x0A ,0x53 ,0x74 
,0x61 ,0x72 ,0x74 ,0x41 ,0x74 ,0x3D ,0x36 ,0x0D ,0x0A ,0x53 ,0x69 ,0x7A ,0x65 ,0x3D ,0x36 ,0x0D 
,0x0A ,0x44 ,0x61 ,0x74 ,0x61 ,0x54 ,0x79 ,0x70 ,0x65 ,0x3D ,0x49 ,0x4E ,0x54 ,0x0D ,0x0A ,0x44 
,0x65 ,0x66 ,0x61 ,0x75 ,0x6C ,0x74 ,0x3D ,0x0D ,0x0A ,0x0D ,0x0A ,0x5B ,0x53 ,0x74 ,0x61 ,0x74 
,0x75 ,0x73 ,0x43 ,0x6F ,0x64 ,0x65 ,0x5D ,0x0D ,0x0A ,0x53 ,0x74 ,0x61 ,0x72 ,0x74 ,0x41 ,0x74 
,0x3D ,0x31 ,0x32 ,0x0D ,0x0A ,0x53 ,0x69 ,0x7A ,0x65 ,0x3D ,0x32 ,0x0D ,0x0A ,0x44 ,0x61 ,0x74 
,0x61 ,0x54 ,0x79 ,0x70 ,0x65 ,0x3D ,0x49 ,0x4E ,0x54 ,0x0D ,0x0A ,0x44 ,0x65 ,0x66 ,0x61 ,0x75 
,0x6C ,0x74 ,0x3D ,0x30 ,0x30 ,0x0D ,0x0A ,0x0D ,0x0A ,0x5B ,0x42 ,0x72 ,0x6F ,0x6B ,0x65 ,0x72 
,0x49 ,0x44 ,0x5D ,0x0D ,0x0A ,0x53 ,0x74 ,0x61 ,0x72 ,0x74 ,0x41 ,0x74 ,0x3D ,0x31 ,0x34 ,0x0D 
,0x0A ,0x53 ,0x69 ,0x7A ,0x65 ,0x3D ,0x34 ,0x0D ,0x0A ,0x44 ,0x61 ,0x74 ,0x61 ,0x54 ,0x79 ,0x70 
,0x65 ,0x3D ,0x53 ,0x54 ,0x52 ,0x49 ,0x4E ,0x47 ,0x0D ,0x0A ,0x44 ,0x65 ,0x66 ,0x61 ,0x75 ,0x6C 
,0x74 ,0x3D ,0x37 ,0x30 ,0x30 ,0x30 ,0x0D ,0x0A ,0x0D ,0x0A ,0x5B ,0x50 ,0x56 ,0x43 ,0x49 ,0x44 
,0x5D ,0x0D ,0x0A ,0x53 ,0x74 ,0x61 ,0x72 ,0x74 ,0x41 ,0x74 ,0x3D ,0x31 ,0x38 ,0x0D ,0x0A ,0x53 
,0x69 ,0x7A ,0x65 ,0x3D ,0x32 ,0x0D ,0x0A ,0x44 ,0x61 ,0x74 ,0x61 ,0x54 ,0x79 ,0x70 ,0x65 ,0x3D 
,0x53 ,0x54 ,0x52 ,0x49 ,0x4E ,0x47 ,0x0D ,0x0A ,0x44 ,0x65 ,0x66 ,0x61 ,0x75 ,0x6C ,0x74 ,0x3D 
,0x58 ,0x58 ,0x0D ,0x0A ,0x0D ,0x0A ,0x5B ,0x4F ,0x72 ,0x64 ,0x65 ,0x72 ,0x49 ,0x44 ,0x5D ,0x0D 
,0x0A ,0x53 ,0x74 ,0x61 ,0x72 ,0x74 ,0x41 ,0x74 ,0x3D ,0x32 ,0x30 ,0x0D ,0x0A ,0x53 ,0x69 ,0x7A 
,0x65 ,0x3D ,0x35 ,0x0D ,0x0A ,0x44 ,0x61 ,0x74 ,0x61 ,0x54 ,0x79 ,0x70 ,0x65 ,0x3D ,0x53 ,0x54 
,0x52 ,0x49 ,0x4E ,0x47 ,0x0D ,0x0A ,0x44 ,0x65 ,0x66 ,0x61 ,0x75 ,0x6C ,0x74 ,0x3D ,0x30 ,0x30 
,0x30 ,0x30 ,0x30 ,0x0D ,0x0A ,0x0D ,0x0A ,0x5B ,0x41 ,0x63 ,0x63 ,0x6F ,0x75 ,0x6E ,0x74 ,0x5D 
,0x0D ,0x0A ,0x53 ,0x74 ,0x61 ,0x72 ,0x74 ,0x41 ,0x74 ,0x3D ,0x32 ,0x35 ,0x0D ,0x0A ,0x53 ,0x69 
,0x7A ,0x65 ,0x3D ,0x37 ,0x0D ,0x0A ,0x44 ,0x61 ,0x74 ,0x61 ,0x54 ,0x79 ,0x70 ,0x65 ,0x3D ,0x49 
,0x4E ,0x54 ,0x0D ,0x0A ,0x44 ,0x65 ,0x66 ,0x61 ,0x75 ,0x6C ,0x74 ,0x3D ,0x0D ,0x0A ,0x0D ,0x0A 
,0x5B ,0x53 ,0x79 ,0x6D ,0x62 ,0x6F ,0x6C ,0x5D ,0x0D ,0x0A ,0x53 ,0x74 ,0x61 ,0x72 ,0x74 ,0x41 
,0x74 ,0x3D ,0x33 ,0x32 ,0x0D ,0x0A ,0x53 ,0x69 ,0x7A ,0x65 ,0x3D ,0x36 ,0x0D ,0x0A ,0x44 ,0x61 
,0x74 ,0x61 ,0x54 ,0x79 ,0x70 ,0x65 ,0x3D ,0x53 ,0x54 ,0x52 ,0x49 ,0x4E ,0x47 ,0x0D ,0x0A ,0x44 
,0x65 ,0x66 ,0x61 ,0x75 ,0x6C ,0x74 ,0x3D ,0x0D ,0x0A ,0x0D ,0x0A ,0x5B ,0x50 ,0x72 ,0x69 ,0x63 
,0x65 ,0x5D ,0x0D ,0x0A ,0x53 ,0x74 ,0x61 ,0x72 ,0x74 ,0x41 ,0x74 ,0x3D ,0x33 ,0x38 ,0x0D ,0x0A 
,0x53 ,0x69 ,0x7A ,0x65 ,0x3D ,0x36 ,0x0D ,0x0A ,0x44 ,0x61 ,0x74 ,0x61 ,0x54 ,0x79 ,0x70 ,0x65 
,0x3D ,0x49 ,0x4E ,0x54 ,0x0D ,0x0A ,0x44 ,0x65 ,0x66 ,0x61 ,0x75 ,0x6C ,0x74 ,0x3D ,0x0D ,0x0A 
,0x0D ,0x0A ,0x5B ,0x51 ,0x74 ,0x79 ,0x5D ,0x0D ,0x0A ,0x53 ,0x74 ,0x61 ,0x72 ,0x74 ,0x41 ,0x74 
,0x3D ,0x34 ,0x34 ,0x0D ,0x0A ,0x53 ,0x69 ,0x7A ,0x65 ,0x3D ,0x38 ,0x0D ,0x0A ,0x44 ,0x61 ,0x74 
,0x61 ,0x54 ,0x79 ,0x70 ,0x65 ,0x3D ,0x49 ,0x4E ,0x54 ,0x0D ,0x0A ,0x44 ,0x65 ,0x66 ,0x61 ,0x75 
,0x6C ,0x74 ,0x3D ,0x0D ,0x0A ,0x0D ,0x0A ,0x5B ,0x53 ,0x69 ,0x64 ,0x65 ,0x5D ,0x0D ,0x0A ,0x53 
,0x74 ,0x61 ,0x72 ,0x74 ,0x41 ,0x74 ,0x3D ,0x35 ,0x32 ,0x0D ,0x0A ,0x53 ,0x69 ,0x7A ,0x65 ,0x3D 
,0x31 ,0x0D ,0x0A ,0x44 ,0x61 ,0x74 ,0x61 ,0x54 ,0x79 ,0x70 ,0x65 ,0x3D ,0x53 ,0x54 ,0x52 ,0x49 
,0x4E ,0x47 ,0x0D ,0x0A ,0x44 ,0x65 ,0x66 ,0x61 ,0x75 ,0x6C ,0x74 ,0x3D ,0x0D ,0x0A ,0x0D ,0x0A 
,0x5B ,0x54 ,0x72 ,0x61 ,0x64 ,0x65 ,0x4B ,0x69 ,0x6E ,0x64 ,0x5D ,0x0D ,0x0A ,0x53 ,0x74 ,0x61 
,0x72 ,0x74 ,0x41 ,0x74 ,0x3D ,0x35 ,0x33 ,0x0D ,0x0A ,0x53 ,0x69 ,0x7A ,0x65 ,0x3D ,0x31 ,0x0D 
,0x0A ,0x44 ,0x61 ,0x74 ,0x61 ,0x54 ,0x79 ,0x70 ,0x65 ,0x3D ,0x53 ,0x54 ,0x52 ,0x49 ,0x4E ,0x47 
,0x0D ,0x0A ,0x44 ,0x65 ,0x66 ,0x61 ,0x75 ,0x6C ,0x74 ,0x3D ,0x30 ,0x0D ,0x0A ,0x0D ,0x0A ,0x5B 
,0x4F ,0x62 ,0x6A ,0x65 ,0x63 ,0x74 ,0x42 ,0x72 ,0x6F ,0x6B ,0x65 ,0x72 ,0x5D ,0x0D ,0x0A ,0x53 
,0x74 ,0x61 ,0x72 ,0x74 ,0x41 ,0x74 ,0x3D ,0x35 ,0x34 ,0x0D ,0x0A ,0x53 ,0x69 ,0x7A ,0x65 ,0x3D 
,0x34 ,0x0D ,0x0A ,0x44 ,0x61 ,0x74 ,0x61 ,0x54 ,0x79 ,0x70 ,0x65 ,0x3D ,0x53 ,0x54 ,0x52 ,0x49 
,0x4E ,0x47 ,0x0D ,0x0A ,0x44 ,0x65 ,0x66 ,0x61 ,0x75 ,0x6C ,0x74 ,0x3D ,0x30 ,0x0D ,0x0A ,0x0D 
,0x0A ,0x5B ,0x4F ,0x72 ,0x64 ,0x65 ,0x72 ,0x44 ,0x61 ,0x74 ,0x65 ,0x5D ,0x0D ,0x0A ,0x53 ,0x74 
,0x61 ,0x72 ,0x74 ,0x41 ,0x74 ,0x3D ,0x35 ,0x38 ,0x0D ,0x0A ,0x53 ,0x69 ,0x7A ,0x65 ,0x3D ,0x36 
,0x0D ,0x0A ,0x44 ,0x61 ,0x74 ,0x61 ,0x54 ,0x79 ,0x70 ,0x65 ,0x3D ,0x53 ,0x54 ,0x52 ,0x49 ,0x4E 
,0x47 ,0x0D ,0x0A ,0x44 ,0x65 ,0x66 ,0x61 ,0x75 ,0x6C ,0x74 ,0x3D ,0x30 ,0x0D ,0x0A ,0x0D ,0x0A 
,0x5B ,0x4F ,0x72 ,0x64 ,0x65 ,0x72 ,0x54 ,0x69 ,0x6D ,0x65 ,0x5D ,0x0D ,0x0A ,0x53 ,0x74 ,0x61 
,0x72 ,0x74 ,0x41 ,0x74 ,0x3D ,0x36 ,0x34 ,0x0D ,0x0A ,0x53 ,0x69 ,0x7A ,0x65 ,0x3D ,0x36 ,0x0D 
,0x0A ,0x44 ,0x61 ,0x74 ,0x61 ,0x54 ,0x79 ,0x70 ,0x65 ,0x3D ,0x53 ,0x54 ,0x52 ,0x49 ,0x4E ,0x47 
,0x0D ,0x0A ,0x44 ,0x65 ,0x66 ,0x61 ,0x75 ,0x6C ,0x74 ,0x3D ,0x30 ,0x0D ,0x0A ,0x0D ,0x0A ,0x5B 
,0x42 ,0x65 ,0x66 ,0x6F ,0x72 ,0x65 ,0x51 ,0x74 ,0x79 ,0x5D ,0x0D ,0x0A ,0x53 ,0x74 ,0x61 ,0x72 
,0x74 ,0x41 ,0x74 ,0x3D ,0x37 ,0x30 ,0x0D ,0x0A ,0x53 ,0x69 ,0x7A ,0x65 ,0x3D ,0x38 ,0x0D ,0x0A 
,0x44 ,0x61 ,0x74 ,0x61 ,0x54 ,0x79 ,0x70 ,0x65 ,0x3D ,0x49 ,0x4E ,0x54 ,0x0D ,0x0A ,0x44 ,0x65 
,0x66 ,0x61 ,0x75 ,0x6C ,0x74 ,0x3D ,0x0D ,0x0A ,0x0D ,0x0A ,0x5B ,0x41 ,0x66 ,0x74 ,0x65 ,0x72 
,0x51 ,0x74 ,0x79 ,0x5D ,0x0D ,0x0A ,0x53 ,0x74 ,0x61 ,0x72 ,0x74 ,0x41 ,0x74 ,0x3D ,0x37 ,0x38 
,0x0D ,0x0A ,0x53 ,0x69 ,0x7A ,0x65 ,0x3D ,0x38 ,0x0D ,0x0A ,0x44 ,0x61 ,0x74 ,0x61 ,0x54 ,0x79 
,0x70 ,0x65 ,0x3D ,0x49 ,0x4E ,0x54 ,0x0D ,0x0A ,0x44 ,0x65 ,0x66 ,0x61 ,0x75 ,0x6C ,0x74 ,0x3D 
,0x0D ,0x0A 
};

UInt8 RSC_OTC_P020[] = {
 0x00 ,0x00 ,0x04 ,0xE2 
,0x0D ,0x0A ,0x5B ,0x46 ,0x69 ,0x78 ,0x65 ,0x64 ,0x46 ,0x6F ,0x72 ,0x6D ,0x61 ,0x74 ,0x43 ,0x6F 
,0x6E ,0x66 ,0x69 ,0x67 ,0x5D ,0x0D ,0x0A ,0x4C ,0x69 ,0x6E ,0x65 ,0x4C ,0x65 ,0x6E ,0x67 ,0x74 
,0x68 ,0x3D ,0x36 ,0x39 ,0x0D ,0x0A ,0x0D ,0x0A ,0x5B ,0x53 ,0x75 ,0x62 ,0x53 ,0x79 ,0x73 ,0x74 
,0x65 ,0x6D ,0x5D ,0x0D ,0x0A ,0x53 ,0x74 ,0x61 ,0x72 ,0x74 ,0x41 ,0x74 ,0x3D ,0x30 ,0x0D ,0x0A 
,0x53 ,0x69 ,0x7A ,0x65 ,0x3D ,0x32 ,0x0D ,0x0A ,0x44 ,0x61 ,0x74 ,0x61 ,0x54 ,0x79 ,0x70 ,0x65 
,0x3D ,0x49 ,0x4E ,0x54 ,0x0D ,0x0A ,0x44 ,0x65 ,0x66 ,0x61 ,0x75 ,0x6C ,0x74 ,0x3D ,0x39 ,0x38 
,0x0D ,0x0A ,0x0D ,0x0A ,0x5B ,0x46 ,0x75 ,0x6E ,0x63 ,0x74 ,0x69 ,0x6F ,0x6E ,0x43 ,0x6F ,0x64 
,0x65 ,0x5D ,0x0D ,0x0A ,0x53 ,0x74 ,0x61 ,0x72 ,0x74 ,0x41 ,0x74 ,0x3D ,0x32 ,0x0D ,0x0A ,0x53 
,0x69 ,0x7A ,0x65 ,0x3D ,0x32 ,0x0D ,0x0A ,0x44 ,0x61 ,0x74 ,0x61 ,0x54 ,0x79 ,0x70 ,0x65 ,0x3D 
,0x49 ,0x4E ,0x54 ,0x0D ,0x0A ,0x44 ,0x65 ,0x66 ,0x61 ,0x75 ,0x6C ,0x74 ,0x3D ,0x0D ,0x0A ,0x0D 
,0x0A ,0x5B ,0x4D ,0x65 ,0x73 ,0x73 ,0x61 ,0x67 ,0x65 ,0x54 ,0x79 ,0x70 ,0x65 ,0x5D ,0x0D ,0x0A 
,0x53 ,0x74 ,0x61 ,0x72 ,0x74 ,0x41 ,0x74 ,0x3D ,0x34 ,0x0D ,0x0A ,0x53 ,0x69 ,0x7A ,0x65 ,0x3D 
,0x32 ,0x0D ,0x0A ,0x44 ,0x61 ,0x74 ,0x61 ,0x54 ,0x79 ,0x70 ,0x65 ,0x3D ,0x49 ,0x4E ,0x54 ,0x0D 
,0x0A ,0x44 ,0x65 ,0x66 ,0x61 ,0x75 ,0x6C ,0x74 ,0x3D ,0x30 ,0x31 ,0x0D ,0x0A ,0x0D ,0x0A ,0x5B 
,0x4D ,0x65 ,0x73 ,0x73 ,0x61 ,0x67 ,0x65 ,0x54 ,0x69 ,0x6D ,0x65 ,0x5D ,0x0D ,0x0A ,0x53 ,0x74 
,0x61 ,0x72 ,0x74 ,0x41 ,0x74 ,0x3D ,0x36 ,0x0D ,0x0A ,0x53 ,0x69 ,0x7A ,0x65 ,0x3D ,0x36 ,0x0D 
,0x0A ,0x44 ,0x61 ,0x74 ,0x61 ,0x54 ,0x79 ,0x70 ,0x65 ,0x3D ,0x49 ,0x4E ,0x54 ,0x0D ,0x0A ,0x44 
,0x65 ,0x66 ,0x61 ,0x75 ,0x6C ,0x74 ,0x3D ,0x0D ,0x0A ,0x0D ,0x0A ,0x5B ,0x53 ,0x74 ,0x61 ,0x74 
,0x75 ,0x73 ,0x43 ,0x6F ,0x64 ,0x65 ,0x5D ,0x0D ,0x0A ,0x53 ,0x74 ,0x61 ,0x72 ,0x74 ,0x41 ,0x74 
,0x3D ,0x31 ,0x32 ,0x0D ,0x0A ,0x53 ,0x69 ,0x7A ,0x65 ,0x3D ,0x32 ,0x0D ,0x0A ,0x44 ,0x61 ,0x74 
,0x61 ,0x54 ,0x79 ,0x70 ,0x65 ,0x3D ,0x49 ,0x4E ,0x54 ,0x0D ,0x0A ,0x44 ,0x65 ,0x66 ,0x61 ,0x75 
,0x6C ,0x74 ,0x3D ,0x30 ,0x30 ,0x0D ,0x0A ,0x0D ,0x0A ,0x5B ,0x42 ,0x72 ,0x6F ,0x6B ,0x65 ,0x72 
,0x49 ,0x44 ,0x5D ,0x0D ,0x0A ,0x53 ,0x74 ,0x61 ,0x72 ,0x74 ,0x41 ,0x74 ,0x3D ,0x31 ,0x34 ,0x0D 
,0x0A ,0x53 ,0x69 ,0x7A ,0x65 ,0x3D ,0x34 ,0x0D ,0x0A ,0x44 ,0x61 ,0x74 ,0x61 ,0x54 ,0x79 ,0x70 
,0x65 ,0x3D ,0x53 ,0x54 ,0x52 ,0x49 ,0x4E ,0x47 ,0x0D ,0x0A ,0x44 ,0x65 ,0x66 ,0x61 ,0x75 ,0x6C 
,0x74 ,0x3D ,0x37 ,0x30 ,0x30 ,0x30 ,0x0D ,0x0A ,0x0D ,0x0A ,0x5B ,0x50 ,0x56 ,0x43 ,0x49 ,0x44 
,0x5D ,0x0D ,0x0A ,0x53 ,0x74 ,0x61 ,0x72 ,0x74 ,0x41 ,0x74 ,0x3D ,0x31 ,0x38 ,0x0D ,0x0A ,0x53 
,0x69 ,0x7A ,0x65 ,0x3D ,0x32 ,0x0D ,0x0A ,0x44 ,0x61 ,0x74 ,0x61 ,0x54 ,0x79 ,0x70 ,0x65 ,0x3D 
,0x53 ,0x54 ,0x52 ,0x49 ,0x4E ,0x47 ,0x0D ,0x0A ,0x44 ,0x65 ,0x66 ,0x61 ,0x75 ,0x6C ,0x74 ,0x3D 
,0x58 ,0x58 ,0x0D ,0x0A ,0x0D ,0x0A ,0x5B ,0x4F ,0x72 ,0x64 ,0x65 ,0x72 ,0x49 ,0x44 ,0x5D ,0x0D 
,0x0A ,0x53 ,0x74 ,0x61 ,0x72 ,0x74 ,0x41 ,0x74 ,0x3D ,0x32 ,0x30 ,0x0D ,0x0A ,0x53 ,0x69 ,0x7A 
,0x65 ,0x3D ,0x35 ,0x0D ,0x0A ,0x44 ,0x61 ,0x74 ,0x61 ,0x54 ,0x79 ,0x70 ,0x65 ,0x3D ,0x53 ,0x54 
,0x52 ,0x49 ,0x4E ,0x47 ,0x0D ,0x0A ,0x44 ,0x65 ,0x66 ,0x61 ,0x75 ,0x6C ,0x74 ,0x3D ,0x30 ,0x30 
,0x30 ,0x30 ,0x30 ,0x0D ,0x0A ,0x0D ,0x0A ,0x5B ,0x41 ,0x63 ,0x63 ,0x6F ,0x75 ,0x6E ,0x74 ,0x5D 
,0x0D ,0x0A ,0x53 ,0x74 ,0x61 ,0x72 ,0x74 ,0x41 ,0x74 ,0x3D ,0x32 ,0x35 ,0x0D ,0x0A ,0x53 ,0x69 
,0x7A ,0x65 ,0x3D ,0x37 ,0x0D ,0x0A ,0x44 ,0x61 ,0x74 ,0x61 ,0x54 ,0x79 ,0x70 ,0x65 ,0x3D ,0x49 
,0x4E ,0x54 ,0x0D ,0x0A ,0x44 ,0x65 ,0x66 ,0x61 ,0x75 ,0x6C ,0x74 ,0x3D ,0x0D ,0x0A ,0x0D ,0x0A 
,0x5B ,0x41 ,0x63 ,0x63 ,0x6F ,0x75 ,0x6E ,0x74 ,0x46 ,0x6C ,0x61 ,0x67 ,0x5D ,0x0D ,0x0A ,0x53 
,0x74 ,0x61 ,0x72 ,0x74 ,0x41 ,0x74 ,0x3D ,0x33 ,0x32 ,0x0D ,0x0A ,0x53 ,0x69 ,0x7A ,0x65 ,0x3D 
,0x31 ,0x0D ,0x0A ,0x44 ,0x61 ,0x74 ,0x61 ,0x54 ,0x79 ,0x70 ,0x65 ,0x3D ,0x53 ,0x54 ,0x52 ,0x49 
,0x4E ,0x47 ,0x0D ,0x0A ,0x44 ,0x65 ,0x66 ,0x61 ,0x75 ,0x6C ,0x74 ,0x3D ,0x0D ,0x0A ,0x0D ,0x0A 
,0x5B ,0x53 ,0x79 ,0x6D ,0x62 ,0x6F ,0x6C ,0x5D ,0x0D ,0x0A ,0x53 ,0x74 ,0x61 ,0x72 ,0x74 ,0x41 
,0x74 ,0x3D ,0x33 ,0x33 ,0x0D ,0x0A ,0x53 ,0x69 ,0x7A ,0x65 ,0x3D ,0x36 ,0x0D ,0x0A ,0x44 ,0x61 
,0x74 ,0x61 ,0x54 ,0x79 ,0x70 ,0x65 ,0x3D ,0x53 ,0x54 ,0x52 ,0x49 ,0x4E ,0x47 ,0x0D ,0x0A ,0x44 
,0x65 ,0x66 ,0x61 ,0x75 ,0x6C ,0x74 ,0x3D ,0x0D ,0x0A ,0x0D ,0x0A ,0x5B ,0x50 ,0x72 ,0x69 ,0x63 
,0x65 ,0x5D ,0x0D ,0x0A ,0x53 ,0x74 ,0x61 ,0x72 ,0x74 ,0x41 ,0x74 ,0x3D ,0x33 ,0x39 ,0x0D ,0x0A 
,0x53 ,0x69 ,0x7A ,0x65 ,0x3D ,0x36 ,0x0D ,0x0A ,0x44 ,0x61 ,0x74 ,0x61 ,0x54 ,0x79 ,0x70 ,0x65 
,0x3D ,0x49 ,0x4E ,0x54 ,0x0D ,0x0A ,0x44 ,0x65 ,0x66 ,0x61 ,0x75 ,0x6C ,0x74 ,0x3D ,0x0D ,0x0A 
,0x0D ,0x0A ,0x5B ,0x51 ,0x74 ,0x79 ,0x5D ,0x0D ,0x0A ,0x53 ,0x74 ,0x61 ,0x72 ,0x74 ,0x41 ,0x74 
,0x3D ,0x34 ,0x35 ,0x0D ,0x0A ,0x53 ,0x69 ,0x7A ,0x65 ,0x3D ,0x33 ,0x0D ,0x0A ,0x44 ,0x61 ,0x74 
,0x61 ,0x54 ,0x79 ,0x70 ,0x65 ,0x3D ,0x49 ,0x4E ,0x54 ,0x0D ,0x0A ,0x44 ,0x65 ,0x66 ,0x61 ,0x75 
,0x6C ,0x74 ,0x3D ,0x0D ,0x0A ,0x0D ,0x0A ,0x5B ,0x53 ,0x69 ,0x64 ,0x65 ,0x5D ,0x0D ,0x0A ,0x53 
,0x74 ,0x61 ,0x72 ,0x74 ,0x41 ,0x74 ,0x3D ,0x34 ,0x38 ,0x0D ,0x0A ,0x53 ,0x69 ,0x7A ,0x65 ,0x3D 
,0x31 ,0x0D ,0x0A ,0x44 ,0x61 ,0x74 ,0x61 ,0x54 ,0x79 ,0x70 ,0x65 ,0x3D ,0x53 ,0x54 ,0x52 ,0x49 
,0x4E ,0x47 ,0x0D ,0x0A ,0x44 ,0x65 ,0x66 ,0x61 ,0x75 ,0x6C ,0x74 ,0x3D ,0x0D ,0x0A ,0x0D ,0x0A 
,0x5B ,0x45 ,0x78 ,0x63 ,0x68 ,0x61 ,0x6E ,0x67 ,0x65 ,0x43 ,0x6F ,0x64 ,0x65 ,0x5D ,0x0D ,0x0A 
,0x53 ,0x74 ,0x61 ,0x72 ,0x74 ,0x41 ,0x74 ,0x3D ,0x34 ,0x39 ,0x0D ,0x0A ,0x53 ,0x69 ,0x7A ,0x65 
,0x3D ,0x31 ,0x0D ,0x0A ,0x44 ,0x61 ,0x74 ,0x61 ,0x54 ,0x79 ,0x70 ,0x65 ,0x3D ,0x53 ,0x54 ,0x52 
,0x49 ,0x4E ,0x47 ,0x0D ,0x0A ,0x44 ,0x65 ,0x66 ,0x61 ,0x75 ,0x6C ,0x74 ,0x3D ,0x30 ,0x0D ,0x0A 
,0x0D ,0x0A ,0x5B ,0x4F ,0x72 ,0x64 ,0x65 ,0x72 ,0x54 ,0x79 ,0x70 ,0x65 ,0x5D ,0x0D ,0x0A ,0x53 
,0x74 ,0x61 ,0x72 ,0x74 ,0x41 ,0x74 ,0x3D ,0x35 ,0x30 ,0x0D ,0x0A ,0x53 ,0x69 ,0x7A ,0x65 ,0x3D 
,0x31 ,0x0D ,0x0A ,0x44 ,0x61 ,0x74 ,0x61 ,0x54 ,0x79 ,0x70 ,0x65 ,0x3D ,0x53 ,0x54 ,0x52 ,0x49 
,0x4E ,0x47 ,0x0D ,0x0A ,0x44 ,0x65 ,0x66 ,0x61 ,0x75 ,0x6C ,0x74 ,0x3D ,0x30 ,0x0D ,0x0A ,0x0D 
,0x0A ,0x5B ,0x4F ,0x72 ,0x64 ,0x65 ,0x72 ,0x44 ,0x61 ,0x74 ,0x65 ,0x5D ,0x0D ,0x0A ,0x53 ,0x74 
,0x61 ,0x72 ,0x74 ,0x41 ,0x74 ,0x3D ,0x35 ,0x31 ,0x0D ,0x0A ,0x53 ,0x69 ,0x7A ,0x65 ,0x3D ,0x36 
,0x0D ,0x0A ,0x44 ,0x61 ,0x74 ,0x61 ,0x54 ,0x79 ,0x70 ,0x65 ,0x3D ,0x53 ,0x54 ,0x52 ,0x49 ,0x4E 
,0x47 ,0x0D ,0x0A ,0x44 ,0x65 ,0x66 ,0x61 ,0x75 ,0x6C ,0x74 ,0x3D ,0x30 ,0x0D ,0x0A ,0x0D ,0x0A 
,0x5B ,0x4F ,0x72 ,0x64 ,0x65 ,0x72 ,0x54 ,0x69 ,0x6D ,0x65 ,0x5D ,0x0D ,0x0A ,0x53 ,0x74 ,0x61 
,0x72 ,0x74 ,0x41 ,0x74 ,0x3D ,0x35 ,0x37 ,0x0D ,0x0A ,0x53 ,0x69 ,0x7A ,0x65 ,0x3D ,0x36 ,0x0D 
,0x0A ,0x44 ,0x61 ,0x74 ,0x61 ,0x54 ,0x79 ,0x70 ,0x65 ,0x3D ,0x53 ,0x54 ,0x52 ,0x49 ,0x4E ,0x47 
,0x0D ,0x0A ,0x44 ,0x65 ,0x66 ,0x61 ,0x75 ,0x6C ,0x74 ,0x3D ,0x30 ,0x0D ,0x0A ,0x0D ,0x0A ,0x5B 
,0x42 ,0x65 ,0x66 ,0x6F ,0x72 ,0x65 ,0x51 ,0x74 ,0x79 ,0x5D ,0x0D ,0x0A ,0x53 ,0x74 ,0x61 ,0x72 
,0x74 ,0x41 ,0x74 ,0x3D ,0x36 ,0x33 ,0x0D ,0x0A ,0x53 ,0x69 ,0x7A ,0x65 ,0x3D ,0x33 ,0x0D ,0x0A 
,0x44 ,0x61 ,0x74 ,0x61 ,0x54 ,0x79 ,0x70 ,0x65 ,0x3D ,0x49 ,0x4E ,0x54 ,0x0D ,0x0A ,0x44 ,0x65 
,0x66 ,0x61 ,0x75 ,0x6C ,0x74 ,0x3D ,0x0D ,0x0A ,0x0D ,0x0A ,0x5B ,0x41 ,0x66 ,0x74 ,0x65 ,0x72 
,0x51 ,0x74 ,0x79 ,0x5D ,0x0D ,0x0A ,0x53 ,0x74 ,0x61 ,0x72 ,0x74 ,0x41 ,0x74 ,0x3D ,0x36 ,0x36 
,0x0D ,0x0A ,0x53 ,0x69 ,0x7A ,0x65 ,0x3D ,0x33 ,0x0D ,0x0A ,0x44 ,0x61 ,0x74 ,0x61 ,0x54 ,0x79 
,0x70 ,0x65 ,0x3D ,0x49 ,0x4E ,0x54 ,0x0D ,0x0A ,0x44 ,0x65 ,0x66 ,0x61 ,0x75 ,0x6C ,0x74 ,0x3D 
,0x0D ,0x0A 
};

UInt8 RSC_OTC_R030[] = {
 0x00 ,0x00 ,0x03 ,0x19 
,0x0D ,0x0A ,0x5B ,0x46 ,0x69 ,0x78 ,0x65 ,0x64 ,0x46 ,0x6F ,0x72 ,0x6D ,0x61 ,0x74 ,0x43 ,0x6F 
,0x6E ,0x66 ,0x69 ,0x67 ,0x5D ,0x0D ,0x0A ,0x4C ,0x69 ,0x6E ,0x65 ,0x4C ,0x65 ,0x6E ,0x67 ,0x74 
,0x68 ,0x3D ,0x36 ,0x32 ,0x0D ,0x0A ,0x0D ,0x0A ,0x5B ,0x53 ,0x79 ,0x6D ,0x62 ,0x6F ,0x6C ,0x5D 
,0x0D ,0x0A ,0x53 ,0x74 ,0x61 ,0x72 ,0x74 ,0x41 ,0x74 ,0x3D ,0x30 ,0x0D ,0x0A ,0x53 ,0x69 ,0x7A 
,0x65 ,0x3D ,0x36 ,0x0D ,0x0A ,0x44 ,0x61 ,0x74 ,0x61 ,0x54 ,0x79 ,0x70 ,0x65 ,0x3D ,0x53 ,0x54 
,0x52 ,0x49 ,0x4E ,0x47 ,0x0D ,0x0A ,0x44 ,0x65 ,0x66 ,0x61 ,0x75 ,0x6C ,0x74 ,0x3D ,0x0D ,0x0A 
,0x0D ,0x0A ,0x5B ,0x51 ,0x74 ,0x79 ,0x5D ,0x0D ,0x0A ,0x53 ,0x74 ,0x61 ,0x72 ,0x74 ,0x41 ,0x74 
,0x3D ,0x36 ,0x0D ,0x0A ,0x53 ,0x69 ,0x7A ,0x65 ,0x3D ,0x38 ,0x0D ,0x0A ,0x44 ,0x61 ,0x74 ,0x61 
,0x54 ,0x79 ,0x70 ,0x65 ,0x3D ,0x49 ,0x4E ,0x54 ,0x0D ,0x0A ,0x44 ,0x65 ,0x66 ,0x61 ,0x75 ,0x6C 
,0x74 ,0x3D ,0x0D ,0x0A ,0x0D ,0x0A ,0x5B ,0x50 ,0x72 ,0x69 ,0x63 ,0x65 ,0x5D ,0x0D ,0x0A ,0x53 
,0x74 ,0x61 ,0x72 ,0x74 ,0x41 ,0x74 ,0x3D ,0x31 ,0x34 ,0x0D ,0x0A ,0x53 ,0x69 ,0x7A ,0x65 ,0x3D 
,0x36 ,0x0D ,0x0A ,0x44 ,0x61 ,0x74 ,0x61 ,0x54 ,0x79 ,0x70 ,0x65 ,0x3D ,0x49 ,0x4E ,0x54 ,0x0D 
,0x0A ,0x44 ,0x65 ,0x66 ,0x61 ,0x75 ,0x6C ,0x74 ,0x3D ,0x0D ,0x0A ,0x0D ,0x0A ,0x5B ,0x50 ,0x72 
,0x6F ,0x63 ,0x65 ,0x73 ,0x73 ,0x54 ,0x69 ,0x6D ,0x65 ,0x5D ,0x0D ,0x0A ,0x53 ,0x74 ,0x61 ,0x72 
,0x74 ,0x41 ,0x74 ,0x3D ,0x32 ,0x30 ,0x0D ,0x0A ,0x53 ,0x69 ,0x7A ,0x65 ,0x3D ,0x38 ,0x0D ,0x0A 
,0x44 ,0x61 ,0x74 ,0x61 ,0x54 ,0x79 ,0x70 ,0x65 ,0x3D ,0x53 ,0x54 ,0x52 ,0x49 ,0x4E ,0x47 ,0x0D 
,0x0A ,0x44 ,0x65 ,0x66 ,0x61 ,0x75 ,0x6C ,0x74 ,0x3D ,0x0D ,0x0A ,0x0D ,0x0A ,0x0D ,0x0A ,0x5B 
,0x45 ,0x58 ,0x43 ,0x44 ,0x5D ,0x0D ,0x0A ,0x53 ,0x74 ,0x61 ,0x72 ,0x74 ,0x41 ,0x74 ,0x3D ,0x32 
,0x38 ,0x0D ,0x0A ,0x53 ,0x69 ,0x7A ,0x65 ,0x3D ,0x31 ,0x0D ,0x0A ,0x44 ,0x61 ,0x74 ,0x61 ,0x54 
,0x79 ,0x70 ,0x65 ,0x3D ,0x53 ,0x54 ,0x52 ,0x49 ,0x4E ,0x47 ,0x0D ,0x0A ,0x44 ,0x65 ,0x66 ,0x61 
,0x75 ,0x6C ,0x74 ,0x3D ,0x0D ,0x0A ,0x0D ,0x0A ,0x5B ,0x53 ,0x69 ,0x64 ,0x65 ,0x5D ,0x0D ,0x0A 
,0x53 ,0x74 ,0x61 ,0x72 ,0x74 ,0x41 ,0x74 ,0x3D ,0x32 ,0x39 ,0x0D ,0x0A ,0x53 ,0x69 ,0x7A ,0x65 
,0x3D ,0x31 ,0x0D ,0x0A ,0x44 ,0x61 ,0x74 ,0x61 ,0x54 ,0x79 ,0x70 ,0x65 ,0x3D ,0x53 ,0x54 ,0x52 
,0x49 ,0x4E ,0x47 ,0x0D ,0x0A ,0x44 ,0x65 ,0x66 ,0x61 ,0x75 ,0x6C ,0x74 ,0x3D ,0x0D ,0x0A ,0x0D 
,0x0A ,0x5B ,0x4F ,0x72 ,0x64 ,0x65 ,0x72 ,0x49 ,0x44 ,0x5D ,0x0D ,0x0A ,0x53 ,0x74 ,0x61 ,0x72 
,0x74 ,0x41 ,0x74 ,0x3D ,0x33 ,0x30 ,0x0D ,0x0A ,0x53 ,0x69 ,0x7A ,0x65 ,0x3D ,0x35 ,0x0D ,0x0A 
,0x44 ,0x61 ,0x74 ,0x61 ,0x54 ,0x79 ,0x70 ,0x65 ,0x3D ,0x53 ,0x54 ,0x52 ,0x49 ,0x4E ,0x47 ,0x0D 
,0x0A ,0x44 ,0x65 ,0x66 ,0x61 ,0x75 ,0x6C ,0x74 ,0x3D ,0x0D ,0x0A ,0x0D ,0x0A ,0x5B ,0x41 ,0x63 
,0x63 ,0x6F ,0x75 ,0x6E ,0x74 ,0x5D ,0x0D ,0x0A ,0x53 ,0x74 ,0x61 ,0x72 ,0x74 ,0x41 ,0x74 ,0x3D 
,0x33 ,0x35 ,0x0D ,0x0A ,0x53 ,0x69 ,0x7A ,0x65 ,0x3D ,0x37 ,0x0D ,0x0A ,0x44 ,0x61 ,0x74 ,0x61 
,0x54 ,0x79 ,0x70 ,0x65 ,0x3D ,0x49 ,0x4E ,0x54 ,0x0D ,0x0A ,0x44 ,0x65 ,0x66 ,0x61 ,0x75 ,0x6C 
,0x74 ,0x3D ,0x0D ,0x0A ,0x0D ,0x0A ,0x5B ,0x54 ,0x53 ,0x45 ,0x4F ,0x72 ,0x64 ,0x65 ,0x72 ,0x54 
,0x79 ,0x70 ,0x65 ,0x5D ,0x0D ,0x0A ,0x53 ,0x74 ,0x61 ,0x72 ,0x74 ,0x41 ,0x74 ,0x3D ,0x34 ,0x32 
,0x0D ,0x0A ,0x53 ,0x69 ,0x7A ,0x65 ,0x3D ,0x31 ,0x0D ,0x0A ,0x44 ,0x61 ,0x74 ,0x61 ,0x54 ,0x79 
,0x70 ,0x65 ,0x3D ,0x53 ,0x54 ,0x52 ,0x49 ,0x4E ,0x47 ,0x0D ,0x0A ,0x44 ,0x65 ,0x66 ,0x61 ,0x75 
,0x6C ,0x74 ,0x3D ,0x0D ,0x0A ,0x0D ,0x0A ,0x5B ,0x53 ,0x65 ,0x71 ,0x5D ,0x0D ,0x0A ,0x53 ,0x74 
,0x61 ,0x72 ,0x74 ,0x41 ,0x74 ,0x3D ,0x34 ,0x33 ,0x0D ,0x0A ,0x53 ,0x69 ,0x7A ,0x65 ,0x3D ,0x36 
,0x0D ,0x0A ,0x44 ,0x61 ,0x74 ,0x61 ,0x54 ,0x79 ,0x70 ,0x65 ,0x3D ,0x49 ,0x4E ,0x54 ,0x0D ,0x0A 
,0x44 ,0x65 ,0x66 ,0x61 ,0x75 ,0x6C ,0x74 ,0x3D ,0x0D ,0x0A ,0x0D ,0x0A ,0x5B ,0x42 ,0x72 ,0x6F 
,0x6B ,0x65 ,0x72 ,0x49 ,0x44 ,0x5D ,0x0D ,0x0A ,0x53 ,0x74 ,0x61 ,0x72 ,0x74 ,0x41 ,0x74 ,0x3D 
,0x34 ,0x39 ,0x0D ,0x0A ,0x53 ,0x69 ,0x7A ,0x65 ,0x3D ,0x34 ,0x0D ,0x0A ,0x44 ,0x61 ,0x74 ,0x61 
,0x54 ,0x79 ,0x70 ,0x65 ,0x3D ,0x53 ,0x54 ,0x52 ,0x49 ,0x4E ,0x47 ,0x0D ,0x0A ,0x44 ,0x65 ,0x66 
,0x61 ,0x75 ,0x6C ,0x74 ,0x3D ,0x37 ,0x30 ,0x30 ,0x30 ,0x0D ,0x0A ,0x0D ,0x0A ,0x5B ,0x52 ,0x65 
,0x63 ,0x4E ,0x6F ,0x5D ,0x0D ,0x0A ,0x53 ,0x74 ,0x61 ,0x72 ,0x74 ,0x41 ,0x74 ,0x3D ,0x35 ,0x33 
,0x0D ,0x0A ,0x53 ,0x69 ,0x7A ,0x65 ,0x3D ,0x38 ,0x0D ,0x0A ,0x44 ,0x61 ,0x74 ,0x61 ,0x54 ,0x79 
,0x70 ,0x65 ,0x3D ,0x49 ,0x4E ,0x54 ,0x0D ,0x0A ,0x44 ,0x65 ,0x66 ,0x61 ,0x75 ,0x6C ,0x74 ,0x3D 
,0x0D ,0x0A ,0x0D ,0x0A ,0x5B ,0x4D ,0x61 ,0x72 ,0x6B ,0x5D ,0x0D ,0x0A ,0x53 ,0x74 ,0x61 ,0x72 
,0x74 ,0x41 ,0x74 ,0x3D ,0x36 ,0x31 ,0x0D ,0x0A ,0x53 ,0x69 ,0x7A ,0x65 ,0x3D ,0x31 ,0x0D ,0x0A 
,0x44 ,0x61 ,0x74 ,0x61 ,0x54 ,0x79 ,0x70 ,0x65 ,0x3D ,0x53 ,0x54 ,0x52 ,0x49 ,0x4E ,0x47 ,0x0D 
,0x0A ,0x44 ,0x65 ,0x66 ,0x61 ,0x75 ,0x6C ,0x74 ,0x3D 
};

UInt8 RSC_TSE_A010[] = {
 0x00 ,0x00 ,0x03 ,0xE8 
,0x5B ,0x46 ,0x69 ,0x78 ,0x65 ,0x64 ,0x46 ,0x6F ,0x72 ,0x6D ,0x61 ,0x74 ,0x43 ,0x6F ,0x6E ,0x66 
,0x69 ,0x67 ,0x5D ,0x0D ,0x0A ,0x4C ,0x69 ,0x6E ,0x65 ,0x4C ,0x65 ,0x6E ,0x67 ,0x74 ,0x68 ,0x3D 
,0x35 ,0x36 ,0x0D ,0x0A ,0x0D ,0x0A ,0x5B ,0x53 ,0x75 ,0x62 ,0x53 ,0x79 ,0x73 ,0x74 ,0x65 ,0x6D 
,0x5D ,0x0D ,0x0A ,0x53 ,0x74 ,0x61 ,0x72 ,0x74 ,0x41 ,0x74 ,0x3D ,0x30 ,0x0D ,0x0A ,0x53 ,0x69 
,0x7A ,0x65 ,0x3D ,0x32 ,0x0D ,0x0A ,0x44 ,0x61 ,0x74 ,0x61 ,0x54 ,0x79 ,0x70 ,0x65 ,0x3D ,0x49 
,0x4E ,0x54 ,0x0D ,0x0A ,0x44 ,0x65 ,0x66 ,0x61 ,0x75 ,0x6C ,0x74 ,0x3D ,0x37 ,0x30 ,0x0D ,0x0A 
,0x0D ,0x0A ,0x5B ,0x46 ,0x75 ,0x6E ,0x63 ,0x74 ,0x69 ,0x6F ,0x6E ,0x43 ,0x6F ,0x64 ,0x65 ,0x5D 
,0x0D ,0x0A ,0x53 ,0x74 ,0x61 ,0x72 ,0x74 ,0x41 ,0x74 ,0x3D ,0x32 ,0x0D ,0x0A ,0x53 ,0x69 ,0x7A 
,0x65 ,0x3D ,0x32 ,0x0D ,0x0A ,0x44 ,0x61 ,0x74 ,0x61 ,0x54 ,0x79 ,0x70 ,0x65 ,0x3D ,0x49 ,0x4E 
,0x54 ,0x0D ,0x0A ,0x44 ,0x65 ,0x66 ,0x61 ,0x75 ,0x6C ,0x74 ,0x3D ,0x0D ,0x0A ,0x0D ,0x0A ,0x5B 
,0x4D ,0x65 ,0x73 ,0x73 ,0x61 ,0x67 ,0x65 ,0x54 ,0x79 ,0x70 ,0x65 ,0x5D ,0x0D ,0x0A ,0x53 ,0x74 
,0x61 ,0x72 ,0x74 ,0x41 ,0x74 ,0x3D ,0x34 ,0x0D ,0x0A ,0x53 ,0x69 ,0x7A ,0x65 ,0x3D ,0x32 ,0x0D 
,0x0A ,0x44 ,0x61 ,0x74 ,0x61 ,0x54 ,0x79 ,0x70 ,0x65 ,0x3D ,0x49 ,0x4E ,0x54 ,0x0D ,0x0A ,0x44 
,0x65 ,0x66 ,0x61 ,0x75 ,0x6C ,0x74 ,0x3D ,0x30 ,0x30 ,0x0D ,0x0A ,0x0D ,0x0A ,0x5B ,0x4D ,0x65 
,0x73 ,0x73 ,0x61 ,0x67 ,0x65 ,0x54 ,0x69 ,0x6D ,0x65 ,0x5D ,0x0D ,0x0A ,0x53 ,0x74 ,0x61 ,0x72 
,0x74 ,0x41 ,0x74 ,0x3D ,0x36 ,0x0D ,0x0A ,0x53 ,0x69 ,0x7A ,0x65 ,0x3D ,0x36 ,0x0D ,0x0A ,0x44 
,0x61 ,0x74 ,0x61 ,0x54 ,0x79 ,0x70 ,0x65 ,0x3D ,0x49 ,0x4E ,0x54 ,0x0D ,0x0A ,0x44 ,0x65 ,0x66 
,0x61 ,0x75 ,0x6C ,0x74 ,0x3D ,0x0D ,0x0A ,0x0D ,0x0A ,0x5B ,0x53 ,0x74 ,0x61 ,0x74 ,0x75 ,0x73 
,0x43 ,0x6F ,0x64 ,0x65 ,0x5D ,0x0D ,0x0A ,0x53 ,0x74 ,0x61 ,0x72 ,0x74 ,0x41 ,0x74 ,0x3D ,0x31 
,0x32 ,0x0D ,0x0A ,0x53 ,0x69 ,0x7A ,0x65 ,0x3D ,0x32 ,0x0D ,0x0A ,0x44 ,0x61 ,0x74 ,0x61 ,0x54 
,0x79 ,0x70 ,0x65 ,0x3D ,0x49 ,0x4E ,0x54 ,0x0D ,0x0A ,0x44 ,0x65 ,0x66 ,0x61 ,0x75 ,0x6C ,0x74 
,0x3D ,0x30 ,0x30 ,0x0D ,0x0A ,0x0D ,0x0A ,0x5B ,0x42 ,0x72 ,0x6F ,0x6B ,0x65 ,0x72 ,0x49 ,0x44 
,0x5D ,0x0D ,0x0A ,0x53 ,0x74 ,0x61 ,0x72 ,0x74 ,0x41 ,0x74 ,0x3D ,0x31 ,0x34 ,0x0D ,0x0A ,0x53 
,0x69 ,0x7A ,0x65 ,0x3D ,0x34 ,0x0D ,0x0A ,0x44 ,0x61 ,0x74 ,0x61 ,0x54 ,0x79 ,0x70 ,0x65 ,0x3D 
,0x53 ,0x54 ,0x52 ,0x49 ,0x4E ,0x47 ,0x0D ,0x0A ,0x44 ,0x65 ,0x66 ,0x61 ,0x75 ,0x6C ,0x74 ,0x3D 
,0x0D ,0x0A ,0x09 ,0x5B ,0x42 ,0x52 ,0x4F ,0x4B ,0x45 ,0x52 ,0x2D ,0x4E ,0x4F ,0x5D ,0x0D ,0x0A 
,0x09 ,0x53 ,0x74 ,0x61 ,0x72 ,0x74 ,0x41 ,0x74 ,0x3D ,0x31 ,0x34 ,0x0D ,0x0A ,0x09 ,0x53 ,0x69 
,0x7A ,0x65 ,0x3D ,0x33 ,0x0D ,0x0A ,0x09 ,0x44 ,0x61 ,0x74 ,0x61 ,0x54 ,0x79 ,0x70 ,0x65 ,0x3D 
,0x49 ,0x4E ,0x54 ,0x0D ,0x0A ,0x09 ,0x44 ,0x65 ,0x66 ,0x61 ,0x75 ,0x6C ,0x74 ,0x3D ,0x0D ,0x0A 
,0x09 ,0x0D ,0x0A ,0x09 ,0x5B ,0x42 ,0x52 ,0x41 ,0x4E ,0x43 ,0x48 ,0x2D ,0x4E ,0x4F ,0x5D ,0x0D 
,0x0A ,0x09 ,0x53 ,0x74 ,0x61 ,0x72 ,0x74 ,0x41 ,0x74 ,0x3D ,0x31 ,0x37 ,0x0D ,0x0A ,0x09 ,0x53 
,0x69 ,0x7A ,0x65 ,0x3D ,0x31 ,0x0D ,0x0A ,0x09 ,0x44 ,0x61 ,0x74 ,0x61 ,0x54 ,0x79 ,0x70 ,0x65 
,0x3D ,0x53 ,0x54 ,0x52 ,0x49 ,0x4E ,0x47 ,0x0D ,0x0A ,0x09 ,0x44 ,0x65 ,0x66 ,0x61 ,0x75 ,0x6C 
,0x74 ,0x3D ,0x0D ,0x0A ,0x0D ,0x0A ,0x5B ,0x50 ,0x56 ,0x43 ,0x49 ,0x44 ,0x5D ,0x0D ,0x0A ,0x53 
,0x74 ,0x61 ,0x72 ,0x74 ,0x41 ,0x74 ,0x3D ,0x31 ,0x38 ,0x0D ,0x0A ,0x53 ,0x69 ,0x7A ,0x65 ,0x3D 
,0x32 ,0x0D ,0x0A ,0x44 ,0x61 ,0x74 ,0x61 ,0x54 ,0x79 ,0x70 ,0x65 ,0x3D ,0x53 ,0x54 ,0x52 ,0x49 
,0x4E ,0x47 ,0x0D ,0x0A ,0x44 ,0x65 ,0x66 ,0x61 ,0x75 ,0x6C ,0x74 ,0x3D ,0x0D ,0x0A ,0x0D ,0x0A 
,0x5B ,0x4F ,0x72 ,0x64 ,0x65 ,0x72 ,0x49 ,0x44 ,0x5D ,0x0D ,0x0A ,0x53 ,0x74 ,0x61 ,0x72 ,0x74 
,0x41 ,0x74 ,0x3D ,0x32 ,0x30 ,0x0D ,0x0A ,0x53 ,0x69 ,0x7A ,0x65 ,0x3D ,0x35 ,0x0D ,0x0A ,0x44 
,0x61 ,0x74 ,0x61 ,0x54 ,0x79 ,0x70 ,0x65 ,0x3D ,0x53 ,0x54 ,0x52 ,0x49 ,0x4E ,0x47 ,0x0D ,0x0A 
,0x44 ,0x65 ,0x66 ,0x61 ,0x75 ,0x6C ,0x74 ,0x3D ,0x0D ,0x0A ,0x09 ,0x5B ,0x54 ,0x45 ,0x52 ,0x4D 
,0x2D ,0x49 ,0x44 ,0x5D ,0x0D ,0x0A ,0x09 ,0x53 ,0x74 ,0x61 ,0x72 ,0x74 ,0x41 ,0x74 ,0x3D ,0x32 
,0x30 ,0x0D ,0x0A ,0x09 ,0x53 ,0x69 ,0x7A ,0x65 ,0x3D ,0x31 ,0x0D ,0x0A ,0x09 ,0x44 ,0x61 ,0x74 
,0x61 ,0x54 ,0x79 ,0x70 ,0x65 ,0x3D ,0x53 ,0x54 ,0x52 ,0x49 ,0x4E ,0x47 ,0x0D ,0x0A ,0x09 ,0x44 
,0x65 ,0x66 ,0x61 ,0x75 ,0x6C ,0x74 ,0x3D ,0x0D ,0x0A ,0x09 ,0x0D ,0x0A ,0x09 ,0x5B ,0x53 ,0x45 
,0x51 ,0x2D ,0x4E ,0x4F ,0x5D ,0x0D ,0x0A ,0x09 ,0x53 ,0x74 ,0x61 ,0x72 ,0x74 ,0x41 ,0x74 ,0x3D 
,0x32 ,0x31 ,0x0D ,0x0A ,0x09 ,0x53 ,0x69 ,0x7A ,0x65 ,0x3D ,0x34 ,0x0D ,0x0A ,0x09 ,0x44 ,0x61 
,0x74 ,0x61 ,0x54 ,0x79 ,0x70 ,0x65 ,0x3D ,0x49 ,0x4E ,0x54 ,0x0D ,0x0A ,0x09 ,0x44 ,0x65 ,0x66 
,0x61 ,0x75 ,0x6C ,0x74 ,0x3D ,0x0D ,0x0A ,0x0D ,0x0A ,0x5B ,0x41 ,0x63 ,0x63 ,0x6F ,0x75 ,0x6E 
,0x74 ,0x5D ,0x0D ,0x0A ,0x53 ,0x74 ,0x61 ,0x72 ,0x74 ,0x41 ,0x74 ,0x3D ,0x32 ,0x35 ,0x0D ,0x0A 
,0x53 ,0x69 ,0x7A ,0x65 ,0x3D ,0x37 ,0x0D ,0x0A ,0x44 ,0x61 ,0x74 ,0x61 ,0x54 ,0x79 ,0x70 ,0x65 
,0x3D ,0x49 ,0x4E ,0x54 ,0x0D ,0x0A ,0x44 ,0x65 ,0x66 ,0x61 ,0x75 ,0x6C ,0x74 ,0x3D ,0x0D ,0x0A 
,0x0D ,0x0A ,0x5B ,0x53 ,0x79 ,0x6D ,0x62 ,0x6F ,0x6C ,0x5D ,0x0D ,0x0A ,0x53 ,0x74 ,0x61 ,0x72 
,0x74 ,0x41 ,0x74 ,0x3D ,0x33 ,0x32 ,0x0D ,0x0A ,0x53 ,0x69 ,0x7A ,0x65 ,0x3D ,0x36 ,0x0D ,0x0A 
,0x44 ,0x61 ,0x74 ,0x61 ,0x54 ,0x79 ,0x70 ,0x65 ,0x3D ,0x53 ,0x54 ,0x52 ,0x49 ,0x4E ,0x47 ,0x0D 
,0x0A ,0x44 ,0x65 ,0x66 ,0x61 ,0x75 ,0x6C ,0x74 ,0x3D ,0x0D ,0x0A ,0x0D ,0x0A ,0x5B ,0x50 ,0x72 
,0x69 ,0x63 ,0x65 ,0x5D ,0x0D ,0x0A ,0x53 ,0x74 ,0x61 ,0x72 ,0x74 ,0x41 ,0x74 ,0x3D ,0x33 ,0x38 
,0x0D ,0x0A ,0x53 ,0x69 ,0x7A ,0x65 ,0x3D ,0x36 ,0x0D ,0x0A ,0x44 ,0x61 ,0x74 ,0x61 ,0x54 ,0x79 
,0x70 ,0x65 ,0x3D ,0x49 ,0x4E ,0x54 ,0x0D ,0x0A ,0x44 ,0x65 ,0x66 ,0x61 ,0x75 ,0x6C ,0x74 ,0x3D 
,0x0D ,0x0A ,0x0D ,0x0A ,0x5B ,0x51 ,0x74 ,0x79 ,0x5D ,0x0D ,0x0A ,0x53 ,0x74 ,0x61 ,0x72 ,0x74 
,0x41 ,0x74 ,0x3D ,0x34 ,0x34 ,0x0D ,0x0A ,0x53 ,0x69 ,0x7A ,0x65 ,0x3D ,0x31 ,0x32 ,0x0D ,0x0A 
,0x44 ,0x61 ,0x74 ,0x61 ,0x54 ,0x79 ,0x70 ,0x65 ,0x3D ,0x49 ,0x4E ,0x54 ,0x0D ,0x0A ,0x44 ,0x65 
,0x66 ,0x61 ,0x75 ,0x6C ,0x74 ,0x3D ,0x0D ,0x0A 
};

UInt8 RSC_TSE_A020[] = {
 0x00 ,0x00 ,0x05 ,0x5F 
,0x5B ,0x46 ,0x69 ,0x78 ,0x65 ,0x64 ,0x46 ,0x6F ,0x72 ,0x6D ,0x61 ,0x74 ,0x43 ,0x6F ,0x6E ,0x66 
,0x69 ,0x67 ,0x5D ,0x0D ,0x0A ,0x4C ,0x69 ,0x6E ,0x65 ,0x4C ,0x65 ,0x6E ,0x67 ,0x74 ,0x68 ,0x3D 
,0x31 ,0x30 ,0x34 ,0x0D ,0x0A ,0x0D ,0x0A ,0x5B ,0x53 ,0x75 ,0x62 ,0x53 ,0x79 ,0x73 ,0x74 ,0x65 
,0x6D ,0x5D ,0x0D ,0x0A ,0x53 ,0x74 ,0x61 ,0x72 ,0x74 ,0x41 ,0x74 ,0x3D ,0x30 ,0x0D ,0x0A ,0x53 
,0x69 ,0x7A ,0x65 ,0x3D ,0x32 ,0x0D ,0x0A ,0x44 ,0x61 ,0x74 ,0x61 ,0x54 ,0x79 ,0x70 ,0x65 ,0x3D 
,0x49 ,0x4E ,0x54 ,0x0D ,0x0A ,0x44 ,0x65 ,0x66 ,0x61 ,0x75 ,0x6C ,0x74 ,0x3D ,0x37 ,0x30 ,0x0D 
,0x0A ,0x0D ,0x0A ,0x5B ,0x46 ,0x75 ,0x6E ,0x63 ,0x74 ,0x69 ,0x6F ,0x6E ,0x43 ,0x6F ,0x64 ,0x65 
,0x5D ,0x0D ,0x0A ,0x53 ,0x74 ,0x61 ,0x72 ,0x74 ,0x41 ,0x74 ,0x3D ,0x32 ,0x0D ,0x0A ,0x53 ,0x69 
,0x7A ,0x65 ,0x3D ,0x32 ,0x0D ,0x0A ,0x44 ,0x61 ,0x74 ,0x61 ,0x54 ,0x79 ,0x70 ,0x65 ,0x3D ,0x49 
,0x4E ,0x54 ,0x0D ,0x0A ,0x44 ,0x65 ,0x66 ,0x61 ,0x75 ,0x6C ,0x74 ,0x3D ,0x0D ,0x0A ,0x0D ,0x0A 
,0x5B ,0x4D ,0x65 ,0x73 ,0x73 ,0x61 ,0x67 ,0x65 ,0x54 ,0x79 ,0x70 ,0x65 ,0x5D ,0x0D ,0x0A ,0x53 
,0x74 ,0x61 ,0x72 ,0x74 ,0x41 ,0x74 ,0x3D ,0x34 ,0x0D ,0x0A ,0x53 ,0x69 ,0x7A ,0x65 ,0x3D ,0x32 
,0x0D ,0x0A ,0x44 ,0x61 ,0x74 ,0x61 ,0x54 ,0x79 ,0x70 ,0x65 ,0x3D ,0x49 ,0x4E ,0x54 ,0x0D ,0x0A 
,0x44 ,0x65 ,0x66 ,0x61 ,0x75 ,0x6C ,0x74 ,0x3D ,0x30 ,0x31 ,0x0D ,0x0A ,0x0D ,0x0A ,0x5B ,0x4D 
,0x65 ,0x73 ,0x73 ,0x61 ,0x67 ,0x65 ,0x54 ,0x69 ,0x6D ,0x65 ,0x5D ,0x0D ,0x0A ,0x53 ,0x74 ,0x61 
,0x72 ,0x74 ,0x41 ,0x74 ,0x3D ,0x36 ,0x0D ,0x0A ,0x53 ,0x69 ,0x7A ,0x65 ,0x3D ,0x36 ,0x0D ,0x0A 
,0x44 ,0x61 ,0x74 ,0x61 ,0x54 ,0x79 ,0x70 ,0x65 ,0x3D ,0x49 ,0x4E ,0x54 ,0x0D ,0x0A ,0x44 ,0x65 
,0x66 ,0x61 ,0x75 ,0x6C ,0x74 ,0x3D ,0x0D ,0x0A ,0x0D ,0x0A ,0x5B ,0x53 ,0x74 ,0x61 ,0x74 ,0x75 
,0x73 ,0x43 ,0x6F ,0x64 ,0x65 ,0x5D ,0x0D ,0x0A ,0x53 ,0x74 ,0x61 ,0x72 ,0x74 ,0x41 ,0x74 ,0x3D 
,0x31 ,0x32 ,0x0D ,0x0A ,0x53 ,0x69 ,0x7A ,0x65 ,0x3D ,0x32 ,0x0D ,0x0A ,0x44 ,0x61 ,0x74 ,0x61 
,0x54 ,0x79 ,0x70 ,0x65 ,0x3D ,0x49 ,0x4E ,0x54 ,0x0D ,0x0A ,0x44 ,0x65 ,0x66 ,0x61 ,0x75 ,0x6C 
,0x74 ,0x3D ,0x30 ,0x30 ,0x0D ,0x0A ,0x0D ,0x0A ,0x5B ,0x42 ,0x72 ,0x6F ,0x6B ,0x65 ,0x72 ,0x49 
,0x44 ,0x5D ,0x0D ,0x0A ,0x53 ,0x74 ,0x61 ,0x72 ,0x74 ,0x41 ,0x74 ,0x3D ,0x31 ,0x34 ,0x0D ,0x0A 
,0x53 ,0x69 ,0x7A ,0x65 ,0x3D ,0x34 ,0x0D ,0x0A ,0x44 ,0x61 ,0x74 ,0x61 ,0x54 ,0x79 ,0x70 ,0x65 
,0x3D ,0x53 ,0x54 ,0x52 ,0x49 ,0x4E ,0x47 ,0x0D ,0x0A ,0x44 ,0x65 ,0x66 ,0x61 ,0x75 ,0x6C ,0x74 
,0x3D ,0x0D ,0x0A ,0x09 ,0x5B ,0x42 ,0x52 ,0x4F ,0x4B ,0x45 ,0x52 ,0x2D ,0x4E ,0x4F ,0x5D ,0x0D 
,0x0A ,0x09 ,0x53 ,0x74 ,0x61 ,0x72 ,0x74 ,0x41 ,0x74 ,0x3D ,0x31 ,0x34 ,0x0D ,0x0A ,0x09 ,0x53 
,0x69 ,0x7A ,0x65 ,0x3D ,0x33 ,0x0D ,0x0A ,0x09 ,0x44 ,0x61 ,0x74 ,0x61 ,0x54 ,0x79 ,0x70 ,0x65 
,0x3D ,0x49 ,0x4E ,0x54 ,0x0D ,0x0A ,0x09 ,0x44 ,0x65 ,0x66 ,0x61 ,0x75 ,0x6C ,0x74 ,0x3D ,0x0D 
,0x0A ,0x09 ,0x0D ,0x0A ,0x09 ,0x5B ,0x42 ,0x52 ,0x41 ,0x4E ,0x43 ,0x48 ,0x2D ,0x4E ,0x4F ,0x5D 
,0x0D ,0x0A ,0x09 ,0x53 ,0x74 ,0x61 ,0x72 ,0x74 ,0x41 ,0x74 ,0x3D ,0x31 ,0x37 ,0x0D ,0x0A ,0x09 
,0x53 ,0x69 ,0x7A ,0x65 ,0x3D ,0x31 ,0x0D ,0x0A ,0x09 ,0x44 ,0x61 ,0x74 ,0x61 ,0x54 ,0x79 ,0x70 
,0x65 ,0x3D ,0x53 ,0x54 ,0x52 ,0x49 ,0x4E ,0x47 ,0x0D ,0x0A ,0x09 ,0x44 ,0x65 ,0x66 ,0x61 ,0x75 
,0x6C ,0x74 ,0x3D ,0x0D ,0x0A ,0x0D ,0x0A ,0x5B ,0x50 ,0x56 ,0x43 ,0x49 ,0x44 ,0x5D ,0x0D ,0x0A 
,0x53 ,0x74 ,0x61 ,0x72 ,0x74 ,0x41 ,0x74 ,0x3D ,0x31 ,0x38 ,0x0D ,0x0A ,0x53 ,0x69 ,0x7A ,0x65 
,0x3D ,0x32 ,0x0D ,0x0A ,0x44 ,0x61 ,0x74 ,0x61 ,0x54 ,0x79 ,0x70 ,0x65 ,0x3D ,0x53 ,0x54 ,0x52 
,0x49 ,0x4E ,0x47 ,0x0D ,0x0A ,0x44 ,0x65 ,0x66 ,0x61 ,0x75 ,0x6C ,0x74 ,0x3D ,0x0D ,0x0A ,0x0D 
,0x0A ,0x5B ,0x4F ,0x72 ,0x64 ,0x65 ,0x72 ,0x49 ,0x44 ,0x5D ,0x0D ,0x0A ,0x53 ,0x74 ,0x61 ,0x72 
,0x74 ,0x41 ,0x74 ,0x3D ,0x32 ,0x30 ,0x0D ,0x0A ,0x53 ,0x69 ,0x7A ,0x65 ,0x3D ,0x35 ,0x0D ,0x0A 
,0x44 ,0x61 ,0x74 ,0x61 ,0x54 ,0x79 ,0x70 ,0x65 ,0x3D ,0x53 ,0x54 ,0x52 ,0x49 ,0x4E ,0x47 ,0x0D 
,0x0A ,0x44 ,0x65 ,0x66 ,0x61 ,0x75 ,0x6C ,0x74 ,0x3D ,0x0D ,0x0A ,0x09 ,0x5B ,0x54 ,0x45 ,0x52 
,0x4D ,0x2D ,0x49 ,0x44 ,0x5D ,0x0D ,0x0A ,0x09 ,0x53 ,0x74 ,0x61 ,0x72 ,0x74 ,0x41 ,0x74 ,0x3D 
,0x32 ,0x30 ,0x0D ,0x0A ,0x09 ,0x53 ,0x69 ,0x7A ,0x65 ,0x3D ,0x31 ,0x0D ,0x0A ,0x09 ,0x44 ,0x61 
,0x74 ,0x61 ,0x54 ,0x79 ,0x70 ,0x65 ,0x3D ,0x53 ,0x54 ,0x52 ,0x49 ,0x4E ,0x47 ,0x0D ,0x0A ,0x09 
,0x44 ,0x65 ,0x66 ,0x61 ,0x75 ,0x6C ,0x74 ,0x3D ,0x0D ,0x0A ,0x09 ,0x0D ,0x0A ,0x09 ,0x5B ,0x53 
,0x45 ,0x51 ,0x2D ,0x4E ,0x4F ,0x5D ,0x0D ,0x0A ,0x09 ,0x53 ,0x74 ,0x61 ,0x72 ,0x74 ,0x41 ,0x74 
,0x3D ,0x32 ,0x31 ,0x0D ,0x0A ,0x09 ,0x53 ,0x69 ,0x7A ,0x65 ,0x3D ,0x34 ,0x0D ,0x0A ,0x09 ,0x44 
,0x61 ,0x74 ,0x61 ,0x54 ,0x79 ,0x70 ,0x65 ,0x3D ,0x49 ,0x4E ,0x54 ,0x0D ,0x0A ,0x09 ,0x44 ,0x65 
,0x66 ,0x61 ,0x75 ,0x6C ,0x74 ,0x3D ,0x0D ,0x0A ,0x0D ,0x0A ,0x5B ,0x41 ,0x63 ,0x63 ,0x6F ,0x75 
,0x6E ,0x74 ,0x5D ,0x0D ,0x0A ,0x53 ,0x74 ,0x61 ,0x72 ,0x74 ,0x41 ,0x74 ,0x3D ,0x32 ,0x35 ,0x0D 
,0x0A ,0x53 ,0x69 ,0x7A ,0x65 ,0x3D ,0x37 ,0x0D ,0x0A ,0x44 ,0x61 ,0x74 ,0x61 ,0x54 ,0x79 ,0x70 
,0x65 ,0x3D ,0x49 ,0x4E ,0x54 ,0x0D ,0x0A ,0x44 ,0x65 ,0x66 ,0x61 ,0x75 ,0x6C ,0x74 ,0x3D ,0x0D 
,0x0A ,0x0D ,0x0A ,0x5B ,0x53 ,0x79 ,0x6D ,0x62 ,0x6F ,0x6C ,0x5D ,0x0D ,0x0A ,0x53 ,0x74 ,0x61 
,0x72 ,0x74 ,0x41 ,0x74 ,0x3D ,0x33 ,0x32 ,0x0D ,0x0A ,0x53 ,0x69 ,0x7A ,0x65 ,0x3D ,0x36 ,0x0D 
,0x0A ,0x44 ,0x61 ,0x74 ,0x61 ,0x54 ,0x79 ,0x70 ,0x65 ,0x3D ,0x53 ,0x54 ,0x52 ,0x49 ,0x4E ,0x47 
,0x0D ,0x0A ,0x44 ,0x65 ,0x66 ,0x61 ,0x75 ,0x6C ,0x74 ,0x3D ,0x0D ,0x0A ,0x0D ,0x0A ,0x5B ,0x50 
,0x72 ,0x69 ,0x63 ,0x65 ,0x5D ,0x0D ,0x0A ,0x53 ,0x74 ,0x61 ,0x72 ,0x74 ,0x41 ,0x74 ,0x3D ,0x33 
,0x38 ,0x0D ,0x0A ,0x53 ,0x69 ,0x7A ,0x65 ,0x3D ,0x36 ,0x0D ,0x0A ,0x44 ,0x61 ,0x74 ,0x61 ,0x54 
,0x79 ,0x70 ,0x65 ,0x3D ,0x49 ,0x4E ,0x54 ,0x0D ,0x0A ,0x44 ,0x65 ,0x66 ,0x61 ,0x75 ,0x6C ,0x74 
,0x3D ,0x0D ,0x0A ,0x0D ,0x0A ,0x5B ,0x51 ,0x74 ,0x79 ,0x5D ,0x0D ,0x0A ,0x53 ,0x74 ,0x61 ,0x72 
,0x74 ,0x41 ,0x74 ,0x3D ,0x34 ,0x34 ,0x0D ,0x0A ,0x53 ,0x69 ,0x7A ,0x65 ,0x3D ,0x31 ,0x32 ,0x0D 
,0x0A ,0x44 ,0x61 ,0x74 ,0x61 ,0x54 ,0x79 ,0x70 ,0x65 ,0x3D ,0x49 ,0x4E ,0x54 ,0x0D ,0x0A ,0x44 
,0x65 ,0x66 ,0x61 ,0x75 ,0x6C ,0x74 ,0x3D ,0x0D ,0x0A ,0x0D ,0x0A ,0x5B ,0x4F ,0x52 ,0x44 ,0x45 
,0x52 ,0x2D ,0x44 ,0x41 ,0x54 ,0x45 ,0x5D ,0x0D ,0x0A ,0x53 ,0x74 ,0x61 ,0x72 ,0x74 ,0x41 ,0x74 
,0x3D ,0x35 ,0x36 ,0x0D ,0x0A ,0x53 ,0x69 ,0x7A ,0x65 ,0x3D ,0x36 ,0x0D ,0x0A ,0x44 ,0x61 ,0x74 
,0x61 ,0x54 ,0x79 ,0x70 ,0x65 ,0x3D ,0x49 ,0x4E ,0x54 ,0x0D ,0x0A ,0x44 ,0x65 ,0x66 ,0x61 ,0x75 
,0x6C ,0x74 ,0x3D ,0x0D ,0x0A ,0x0D ,0x0A ,0x5B ,0x4F ,0x52 ,0x44 ,0x45 ,0x52 ,0x2D ,0x54 ,0x49 
,0x4D ,0x45 ,0x5D ,0x0D ,0x0A ,0x53 ,0x74 ,0x61 ,0x72 ,0x74 ,0x41 ,0x74 ,0x3D ,0x36 ,0x32 ,0x0D 
,0x0A ,0x53 ,0x69 ,0x7A ,0x65 ,0x3D ,0x36 ,0x0D ,0x0A ,0x44 ,0x61 ,0x74 ,0x61 ,0x54 ,0x79 ,0x70 
,0x65 ,0x3D ,0x49 ,0x4E ,0x54 ,0x0D ,0x0A ,0x44 ,0x65 ,0x66 ,0x61 ,0x75 ,0x6C ,0x74 ,0x3D ,0x0D 
,0x0A ,0x0D ,0x0A ,0x5B ,0x42 ,0x45 ,0x46 ,0x4F ,0x52 ,0x45 ,0x2D ,0x51 ,0x55 ,0x41 ,0x4E ,0x54 
,0x49 ,0x54 ,0x59 ,0x5D ,0x0D ,0x0A ,0x53 ,0x74 ,0x61 ,0x72 ,0x74 ,0x41 ,0x74 ,0x3D ,0x36 ,0x38 
,0x0D ,0x0A ,0x53 ,0x69 ,0x7A ,0x65 ,0x3D ,0x31 ,0x32 ,0x0D ,0x0A ,0x44 ,0x61 ,0x74 ,0x61 ,0x54 
,0x79 ,0x70 ,0x65 ,0x3D ,0x49 ,0x4E ,0x54 ,0x0D ,0x0A ,0x44 ,0x65 ,0x66 ,0x61 ,0x75 ,0x6C ,0x74 
,0x3D ,0x0D ,0x0A ,0x0D ,0x0A ,0x5B ,0x41 ,0x46 ,0x54 ,0x45 ,0x52 ,0x2D ,0x51 ,0x55 ,0x41 ,0x4E 
,0x54 ,0x49 ,0x54 ,0x59 ,0x5D ,0x0D ,0x0A ,0x53 ,0x74 ,0x61 ,0x72 ,0x74 ,0x41 ,0x74 ,0x3D ,0x38 
,0x30 ,0x0D ,0x0A ,0x53 ,0x69 ,0x7A ,0x65 ,0x3D ,0x31 ,0x32 ,0x0D ,0x0A ,0x44 ,0x61 ,0x74 ,0x61 
,0x54 ,0x79 ,0x70 ,0x65 ,0x3D ,0x49 ,0x4E ,0x54 ,0x0D ,0x0A ,0x44 ,0x65 ,0x66 ,0x61 ,0x75 ,0x6C 
,0x74 ,0x3D ,0x0D ,0x0A ,0x0D ,0x0A ,0x5B ,0x42 ,0x45 ,0x46 ,0x4F ,0x52 ,0x45 ,0x2D ,0x50 ,0x52 
,0x49 ,0x43 ,0x45 ,0x5D ,0x0D ,0x0A ,0x53 ,0x74 ,0x61 ,0x72 ,0x74 ,0x41 ,0x74 ,0x3D ,0x39 ,0x32 
,0x0D ,0x0A ,0x53 ,0x69 ,0x7A ,0x65 ,0x3D ,0x36 ,0x0D ,0x0A ,0x44 ,0x61 ,0x74 ,0x61 ,0x54 ,0x79 
,0x70 ,0x65 ,0x3D ,0x49 ,0x4E ,0x54 ,0x0D ,0x0A ,0x44 ,0x65 ,0x66 ,0x61 ,0x75 ,0x6C ,0x74 ,0x3D 
,0x0D ,0x0A ,0x0D ,0x0A ,0x5B ,0x41 ,0x46 ,0x54 ,0x45 ,0x52 ,0x2D ,0x50 ,0x52 ,0x49 ,0x43 ,0x45 
,0x5D ,0x0D ,0x0A ,0x53 ,0x74 ,0x61 ,0x72 ,0x74 ,0x41 ,0x74 ,0x3D ,0x39 ,0x38 ,0x0D ,0x0A ,0x53 
,0x69 ,0x7A ,0x65 ,0x3D ,0x36 ,0x0D ,0x0A ,0x44 ,0x61 ,0x74 ,0x61 ,0x54 ,0x79 ,0x70 ,0x65 ,0x3D 
,0x49 ,0x4E ,0x54 ,0x0D ,0x0A ,0x44 ,0x65 ,0x66 ,0x61 ,0x75 ,0x6C ,0x74 ,0x3D ,0x0D ,0x0A 
};

UInt8 RSC_TSE_V010[] = {
 0x00 ,0x00 ,0x04 ,0x20 
,0x5B ,0x46 ,0x69 ,0x78 ,0x65 ,0x64 ,0x46 ,0x6F ,0x72 ,0x6D ,0x61 ,0x74 ,0x43 ,0x6F ,0x6E ,0x66 
,0x69 ,0x67 ,0x5D ,0x0D ,0x0A ,0x4C ,0x69 ,0x6E ,0x65 ,0x4C ,0x65 ,0x6E ,0x67 ,0x74 ,0x68 ,0x3D 
,0x35 ,0x31 ,0x0D ,0x0A ,0x0D ,0x0A ,0x5B ,0x53 ,0x75 ,0x62 ,0x53 ,0x79 ,0x73 ,0x74 ,0x65 ,0x6D 
,0x5D ,0x0D ,0x0A ,0x53 ,0x74 ,0x61 ,0x72 ,0x74 ,0x41 ,0x74 ,0x3D ,0x30 ,0x0D ,0x0A ,0x53 ,0x69 
,0x7A ,0x65 ,0x3D ,0x32 ,0x0D ,0x0A ,0x44 ,0x61 ,0x74 ,0x61 ,0x54 ,0x79 ,0x70 ,0x65 ,0x3D ,0x49 
,0x4E ,0x54 ,0x0D ,0x0A ,0x44 ,0x65 ,0x66 ,0x61 ,0x75 ,0x6C ,0x74 ,0x3D ,0x33 ,0x31 ,0x0D ,0x0A 
,0x0D ,0x0A ,0x5B ,0x46 ,0x75 ,0x6E ,0x63 ,0x74 ,0x69 ,0x6F ,0x6E ,0x43 ,0x6F ,0x64 ,0x65 ,0x5D 
,0x0D ,0x0A ,0x53 ,0x74 ,0x61 ,0x72 ,0x74 ,0x41 ,0x74 ,0x3D ,0x32 ,0x0D ,0x0A ,0x53 ,0x69 ,0x7A 
,0x65 ,0x3D ,0x32 ,0x0D ,0x0A ,0x44 ,0x61 ,0x74 ,0x61 ,0x54 ,0x79 ,0x70 ,0x65 ,0x3D ,0x49 ,0x4E 
,0x54 ,0x0D ,0x0A ,0x44 ,0x65 ,0x66 ,0x61 ,0x75 ,0x6C ,0x74 ,0x3D ,0x0D ,0x0A ,0x0D ,0x0A ,0x5B 
,0x4D ,0x65 ,0x73 ,0x73 ,0x61 ,0x67 ,0x65 ,0x54 ,0x79 ,0x70 ,0x65 ,0x5D ,0x0D ,0x0A ,0x53 ,0x74 
,0x61 ,0x72 ,0x74 ,0x41 ,0x74 ,0x3D ,0x34 ,0x0D ,0x0A ,0x53 ,0x69 ,0x7A ,0x65 ,0x3D ,0x32 ,0x0D 
,0x0A ,0x44 ,0x61 ,0x74 ,0x61 ,0x54 ,0x79 ,0x70 ,0x65 ,0x3D ,0x49 ,0x4E ,0x54 ,0x0D ,0x0A ,0x44 
,0x65 ,0x66 ,0x61 ,0x75 ,0x6C ,0x74 ,0x3D ,0x30 ,0x30 ,0x0D ,0x0A ,0x0D ,0x0A ,0x5B ,0x4D ,0x65 
,0x73 ,0x73 ,0x61 ,0x67 ,0x65 ,0x54 ,0x69 ,0x6D ,0x65 ,0x5D ,0x0D ,0x0A ,0x53 ,0x74 ,0x61 ,0x72 
,0x74 ,0x41 ,0x74 ,0x3D ,0x36 ,0x0D ,0x0A ,0x53 ,0x69 ,0x7A ,0x65 ,0x3D ,0x36 ,0x0D ,0x0A ,0x44 
,0x61 ,0x74 ,0x61 ,0x54 ,0x79 ,0x70 ,0x65 ,0x3D ,0x49 ,0x4E ,0x54 ,0x0D ,0x0A ,0x44 ,0x65 ,0x66 
,0x61 ,0x75 ,0x6C ,0x74 ,0x3D ,0x0D ,0x0A ,0x0D ,0x0A ,0x5B ,0x53 ,0x74 ,0x61 ,0x74 ,0x75 ,0x73 
,0x43 ,0x6F ,0x64 ,0x65 ,0x5D ,0x0D ,0x0A ,0x53 ,0x74 ,0x61 ,0x72 ,0x74 ,0x41 ,0x74 ,0x3D ,0x31 
,0x32 ,0x0D ,0x0A ,0x53 ,0x69 ,0x7A ,0x65 ,0x3D ,0x32 ,0x0D ,0x0A ,0x44 ,0x61 ,0x74 ,0x61 ,0x54 
,0x79 ,0x70 ,0x65 ,0x3D ,0x49 ,0x4E ,0x54 ,0x0D ,0x0A ,0x44 ,0x65 ,0x66 ,0x61 ,0x75 ,0x6C ,0x74 
,0x3D ,0x30 ,0x30 ,0x0D ,0x0A ,0x0D ,0x0A ,0x5B ,0x42 ,0x72 ,0x6F ,0x6B ,0x65 ,0x72 ,0x49 ,0x44 
,0x5D ,0x0D ,0x0A ,0x53 ,0x74 ,0x61 ,0x72 ,0x74 ,0x41 ,0x74 ,0x3D ,0x31 ,0x34 ,0x0D ,0x0A ,0x53 
,0x69 ,0x7A ,0x65 ,0x3D ,0x34 ,0x0D ,0x0A ,0x44 ,0x61 ,0x74 ,0x61 ,0x54 ,0x79 ,0x70 ,0x65 ,0x3D 
,0x53 ,0x54 ,0x52 ,0x49 ,0x4E ,0x47 ,0x0D ,0x0A ,0x44 ,0x65 ,0x66 ,0x61 ,0x75 ,0x6C ,0x74 ,0x3D 
,0x0D ,0x0A ,0x09 ,0x5B ,0x42 ,0x52 ,0x4F ,0x4B ,0x45 ,0x52 ,0x2D ,0x4E ,0x4F ,0x5D ,0x0D ,0x0A 
,0x09 ,0x53 ,0x74 ,0x61 ,0x72 ,0x74 ,0x41 ,0x74 ,0x3D ,0x31 ,0x34 ,0x0D ,0x0A ,0x09 ,0x53 ,0x69 
,0x7A ,0x65 ,0x3D ,0x33 ,0x0D ,0x0A ,0x09 ,0x44 ,0x61 ,0x74 ,0x61 ,0x54 ,0x79 ,0x70 ,0x65 ,0x3D 
,0x49 ,0x4E ,0x54 ,0x0D ,0x0A ,0x09 ,0x44 ,0x65 ,0x66 ,0x61 ,0x75 ,0x6C ,0x74 ,0x3D ,0x0D ,0x0A 
,0x09 ,0x0D ,0x0A ,0x09 ,0x5B ,0x42 ,0x52 ,0x41 ,0x4E ,0x43 ,0x48 ,0x2D ,0x4E ,0x4F ,0x5D ,0x0D 
,0x0A ,0x09 ,0x53 ,0x74 ,0x61 ,0x72 ,0x74 ,0x41 ,0x74 ,0x3D ,0x31 ,0x37 ,0x0D ,0x0A ,0x09 ,0x53 
,0x69 ,0x7A ,0x65 ,0x3D ,0x31 ,0x0D ,0x0A ,0x09 ,0x44 ,0x61 ,0x74 ,0x61 ,0x54 ,0x79 ,0x70 ,0x65 
,0x3D ,0x53 ,0x54 ,0x52 ,0x49 ,0x4E ,0x47 ,0x0D ,0x0A ,0x09 ,0x44 ,0x65 ,0x66 ,0x61 ,0x75 ,0x6C 
,0x74 ,0x3D ,0x0D ,0x0A ,0x0D ,0x0A ,0x5B ,0x50 ,0x56 ,0x43 ,0x49 ,0x44 ,0x5D ,0x0D ,0x0A ,0x53 
,0x74 ,0x61 ,0x72 ,0x74 ,0x41 ,0x74 ,0x3D ,0x31 ,0x38 ,0x0D ,0x0A ,0x53 ,0x69 ,0x7A ,0x65 ,0x3D 
,0x32 ,0x0D ,0x0A ,0x44 ,0x61 ,0x74 ,0x61 ,0x54 ,0x79 ,0x70 ,0x65 ,0x3D ,0x53 ,0x54 ,0x52 ,0x49 
,0x4E ,0x47 ,0x0D ,0x0A ,0x44 ,0x65 ,0x66 ,0x61 ,0x75 ,0x6C ,0x74 ,0x3D ,0x0D ,0x0A ,0x0D ,0x0A 
,0x5B ,0x4F ,0x72 ,0x64 ,0x65 ,0x72 ,0x49 ,0x44 ,0x5D ,0x0D ,0x0A ,0x53 ,0x74 ,0x61 ,0x72 ,0x74 
,0x41 ,0x74 ,0x3D ,0x32 ,0x30 ,0x0D ,0x0A ,0x53 ,0x69 ,0x7A ,0x65 ,0x3D ,0x35 ,0x0D ,0x0A ,0x44 
,0x61 ,0x74 ,0x61 ,0x54 ,0x79 ,0x70 ,0x65 ,0x3D ,0x53 ,0x54 ,0x52 ,0x49 ,0x4E ,0x47 ,0x0D ,0x0A 
,0x44 ,0x65 ,0x66 ,0x61 ,0x75 ,0x6C ,0x74 ,0x3D ,0x0D ,0x0A ,0x09 ,0x5B ,0x54 ,0x45 ,0x52 ,0x4D 
,0x2D ,0x49 ,0x44 ,0x5D ,0x0D ,0x0A ,0x09 ,0x53 ,0x74 ,0x61 ,0x72 ,0x74 ,0x41 ,0x74 ,0x3D ,0x32 
,0x30 ,0x0D ,0x0A ,0x09 ,0x53 ,0x69 ,0x7A ,0x65 ,0x3D ,0x31 ,0x0D ,0x0A ,0x09 ,0x44 ,0x61 ,0x74 
,0x61 ,0x54 ,0x79 ,0x70 ,0x65 ,0x3D ,0x53 ,0x54 ,0x52 ,0x49 ,0x4E ,0x47 ,0x0D ,0x0A ,0x09 ,0x44 
,0x65 ,0x66 ,0x61 ,0x75 ,0x6C ,0x74 ,0x3D ,0x0D ,0x0A ,0x09 ,0x0D ,0x0A ,0x09 ,0x5B ,0x53 ,0x45 
,0x51 ,0x2D ,0x4E ,0x4F ,0x5D ,0x0D ,0x0A ,0x09 ,0x53 ,0x74 ,0x61 ,0x72 ,0x74 ,0x41 ,0x74 ,0x3D 
,0x32 ,0x31 ,0x0D ,0x0A ,0x09 ,0x53 ,0x69 ,0x7A ,0x65 ,0x3D ,0x34 ,0x0D ,0x0A ,0x09 ,0x44 ,0x61 
,0x74 ,0x61 ,0x54 ,0x79 ,0x70 ,0x65 ,0x3D ,0x49 ,0x4E ,0x54 ,0x0D ,0x0A ,0x09 ,0x44 ,0x65 ,0x66 
,0x61 ,0x75 ,0x6C ,0x74 ,0x3D ,0x0D ,0x0A ,0x0D ,0x0A ,0x5B ,0x41 ,0x63 ,0x63 ,0x6F ,0x75 ,0x6E 
,0x74 ,0x5D ,0x0D ,0x0A ,0x53 ,0x74 ,0x61 ,0x72 ,0x74 ,0x41 ,0x74 ,0x3D ,0x32 ,0x35 ,0x0D ,0x0A 
,0x53 ,0x69 ,0x7A ,0x65 ,0x3D ,0x37 ,0x0D ,0x0A ,0x44 ,0x61 ,0x74 ,0x61 ,0x54 ,0x79 ,0x70 ,0x65 
,0x3D ,0x49 ,0x4E ,0x54 ,0x0D ,0x0A ,0x44 ,0x65 ,0x66 ,0x61 ,0x75 ,0x6C ,0x74 ,0x3D ,0x0D ,0x0A 
,0x0D ,0x0A ,0x5B ,0x53 ,0x79 ,0x6D ,0x62 ,0x6F ,0x6C ,0x5D ,0x0D ,0x0A ,0x53 ,0x74 ,0x61 ,0x72 
,0x74 ,0x41 ,0x74 ,0x3D ,0x33 ,0x32 ,0x0D ,0x0A ,0x53 ,0x69 ,0x7A ,0x65 ,0x3D ,0x36 ,0x0D ,0x0A 
,0x44 ,0x61 ,0x74 ,0x61 ,0x54 ,0x79 ,0x70 ,0x65 ,0x3D ,0x53 ,0x54 ,0x52 ,0x49 ,0x4E ,0x47 ,0x0D 
,0x0A ,0x44 ,0x65 ,0x66 ,0x61 ,0x75 ,0x6C ,0x74 ,0x3D ,0x0D ,0x0A ,0x0D ,0x0A ,0x5B ,0x50 ,0x72 
,0x69 ,0x63 ,0x65 ,0x5D ,0x0D ,0x0A ,0x53 ,0x74 ,0x61 ,0x72 ,0x74 ,0x41 ,0x74 ,0x3D ,0x33 ,0x38 
,0x0D ,0x0A ,0x53 ,0x69 ,0x7A ,0x65 ,0x3D ,0x37 ,0x0D ,0x0A ,0x44 ,0x61 ,0x74 ,0x61 ,0x54 ,0x79 
,0x70 ,0x65 ,0x3D ,0x49 ,0x4E ,0x54 ,0x0D ,0x0A ,0x44 ,0x65 ,0x66 ,0x61 ,0x75 ,0x6C ,0x74 ,0x3D 
,0x0D ,0x0A ,0x0D ,0x0A ,0x5B ,0x51 ,0x74 ,0x79 ,0x5D ,0x0D ,0x0A ,0x53 ,0x74 ,0x61 ,0x72 ,0x74 
,0x41 ,0x74 ,0x3D ,0x34 ,0x34 ,0x0D ,0x0A ,0x53 ,0x69 ,0x7A ,0x65 ,0x3D ,0x36 ,0x0D ,0x0A ,0x44 
,0x61 ,0x74 ,0x61 ,0x54 ,0x79 ,0x70 ,0x65 ,0x3D ,0x49 ,0x4E ,0x54 ,0x0D ,0x0A ,0x44 ,0x65 ,0x66 
,0x61 ,0x75 ,0x6C ,0x74 ,0x3D ,0x0D ,0x0A ,0x0D ,0x0A ,0x5B ,0x4B ,0x45 ,0x45 ,0x50 ,0x5D ,0x0D 
,0x0A ,0x53 ,0x74 ,0x61 ,0x72 ,0x74 ,0x41 ,0x74 ,0x3D ,0x35 ,0x30 ,0x0D ,0x0A ,0x53 ,0x69 ,0x7A 
,0x65 ,0x3D ,0x31 ,0x0D ,0x0A ,0x44 ,0x61 ,0x74 ,0x61 ,0x54 ,0x79 ,0x70 ,0x65 ,0x3D ,0x53 ,0x54 
,0x52 ,0x49 ,0x4E ,0x47 ,0x0D ,0x0A ,0x44 ,0x65 ,0x66 ,0x61 ,0x75 ,0x6C ,0x74 ,0x3D ,0x0D ,0x0A 
};

UInt8 RSC_TSE_V020[] = {
 0x00 ,0x00 ,0x05 ,0x16 
,0x5B ,0x46 ,0x69 ,0x78 ,0x65 ,0x64 ,0x46 ,0x6F ,0x72 ,0x6D ,0x61 ,0x74 ,0x43 ,0x6F ,0x6E ,0x66 
,0x69 ,0x67 ,0x5D ,0x0D ,0x0A ,0x4C ,0x69 ,0x6E ,0x65 ,0x4C ,0x65 ,0x6E ,0x67 ,0x74 ,0x68 ,0x3D 
,0x37 ,0x36 ,0x0D ,0x0A ,0x0D ,0x0A ,0x5B ,0x53 ,0x75 ,0x62 ,0x53 ,0x79 ,0x73 ,0x74 ,0x65 ,0x6D 
,0x5D ,0x0D ,0x0A ,0x53 ,0x74 ,0x61 ,0x72 ,0x74 ,0x41 ,0x74 ,0x3D ,0x30 ,0x0D ,0x0A ,0x53 ,0x69 
,0x7A ,0x65 ,0x3D ,0x32 ,0x0D ,0x0A ,0x44 ,0x61 ,0x74 ,0x61 ,0x54 ,0x79 ,0x70 ,0x65 ,0x3D ,0x49 
,0x4E ,0x54 ,0x0D ,0x0A ,0x44 ,0x65 ,0x66 ,0x61 ,0x75 ,0x6C ,0x74 ,0x3D ,0x33 ,0x31 ,0x0D ,0x0A 
,0x0D ,0x0A ,0x5B ,0x46 ,0x75 ,0x6E ,0x63 ,0x74 ,0x69 ,0x6F ,0x6E ,0x43 ,0x6F ,0x64 ,0x65 ,0x5D 
,0x0D ,0x0A ,0x53 ,0x74 ,0x61 ,0x72 ,0x74 ,0x41 ,0x74 ,0x3D ,0x32 ,0x0D ,0x0A ,0x53 ,0x69 ,0x7A 
,0x65 ,0x3D ,0x32 ,0x0D ,0x0A ,0x44 ,0x61 ,0x74 ,0x61 ,0x54 ,0x79 ,0x70 ,0x65 ,0x3D ,0x49 ,0x4E 
,0x54 ,0x0D ,0x0A ,0x44 ,0x65 ,0x66 ,0x61 ,0x75 ,0x6C ,0x74 ,0x3D ,0x0D ,0x0A ,0x0D ,0x0A ,0x5B 
,0x4D ,0x65 ,0x73 ,0x73 ,0x61 ,0x67 ,0x65 ,0x54 ,0x79 ,0x70 ,0x65 ,0x5D ,0x0D ,0x0A ,0x53 ,0x74 
,0x61 ,0x72 ,0x74 ,0x41 ,0x74 ,0x3D ,0x34 ,0x0D ,0x0A ,0x53 ,0x69 ,0x7A ,0x65 ,0x3D ,0x32 ,0x0D 
,0x0A ,0x44 ,0x61 ,0x74 ,0x61 ,0x54 ,0x79 ,0x70 ,0x65 ,0x3D ,0x49 ,0x4E ,0x54 ,0x0D ,0x0A ,0x44 
,0x65 ,0x66 ,0x61 ,0x75 ,0x6C ,0x74 ,0x3D ,0x30 ,0x31 ,0x0D ,0x0A ,0x0D ,0x0A ,0x5B ,0x4D ,0x65 
,0x73 ,0x73 ,0x61 ,0x67 ,0x65 ,0x54 ,0x69 ,0x6D ,0x65 ,0x5D ,0x0D ,0x0A ,0x53 ,0x74 ,0x61 ,0x72 
,0x74 ,0x41 ,0x74 ,0x3D ,0x36 ,0x0D ,0x0A ,0x53 ,0x69 ,0x7A ,0x65 ,0x3D ,0x36 ,0x0D ,0x0A ,0x44 
,0x61 ,0x74 ,0x61 ,0x54 ,0x79 ,0x70 ,0x65 ,0x3D ,0x49 ,0x4E ,0x54 ,0x0D ,0x0A ,0x44 ,0x65 ,0x66 
,0x61 ,0x75 ,0x6C ,0x74 ,0x3D ,0x0D ,0x0A ,0x0D ,0x0A ,0x5B ,0x53 ,0x74 ,0x61 ,0x74 ,0x75 ,0x73 
,0x43 ,0x6F ,0x64 ,0x65 ,0x5D ,0x0D ,0x0A ,0x53 ,0x74 ,0x61 ,0x72 ,0x74 ,0x41 ,0x74 ,0x3D ,0x31 
,0x32 ,0x0D ,0x0A ,0x53 ,0x69 ,0x7A ,0x65 ,0x3D ,0x32 ,0x0D ,0x0A ,0x44 ,0x61 ,0x74 ,0x61 ,0x54 
,0x79 ,0x70 ,0x65 ,0x3D ,0x49 ,0x4E ,0x54 ,0x0D ,0x0A ,0x44 ,0x65 ,0x66 ,0x61 ,0x75 ,0x6C ,0x74 
,0x3D ,0x30 ,0x30 ,0x0D ,0x0A ,0x0D ,0x0A ,0x5B ,0x42 ,0x72 ,0x6F ,0x6B ,0x65 ,0x72 ,0x49 ,0x44 
,0x5D ,0x0D ,0x0A ,0x53 ,0x74 ,0x61 ,0x72 ,0x74 ,0x41 ,0x74 ,0x3D ,0x31 ,0x34 ,0x0D ,0x0A ,0x53 
,0x69 ,0x7A ,0x65 ,0x3D ,0x34 ,0x0D ,0x0A ,0x44 ,0x61 ,0x74 ,0x61 ,0x54 ,0x79 ,0x70 ,0x65 ,0x3D 
,0x53 ,0x54 ,0x52 ,0x49 ,0x4E ,0x47 ,0x0D ,0x0A ,0x44 ,0x65 ,0x66 ,0x61 ,0x75 ,0x6C ,0x74 ,0x3D 
,0x0D ,0x0A ,0x09 ,0x5B ,0x42 ,0x52 ,0x4F ,0x4B ,0x45 ,0x52 ,0x2D ,0x4E ,0x4F ,0x5D ,0x0D ,0x0A 
,0x09 ,0x53 ,0x74 ,0x61 ,0x72 ,0x74 ,0x41 ,0x74 ,0x3D ,0x31 ,0x34 ,0x0D ,0x0A ,0x09 ,0x53 ,0x69 
,0x7A ,0x65 ,0x3D ,0x33 ,0x0D ,0x0A ,0x09 ,0x44 ,0x61 ,0x74 ,0x61 ,0x54 ,0x79 ,0x70 ,0x65 ,0x3D 
,0x49 ,0x4E ,0x54 ,0x0D ,0x0A ,0x09 ,0x44 ,0x65 ,0x66 ,0x61 ,0x75 ,0x6C ,0x74 ,0x3D ,0x0D ,0x0A 
,0x09 ,0x0D ,0x0A ,0x09 ,0x5B ,0x42 ,0x52 ,0x41 ,0x4E ,0x43 ,0x48 ,0x2D ,0x4E ,0x4F ,0x5D ,0x0D 
,0x0A ,0x09 ,0x53 ,0x74 ,0x61 ,0x72 ,0x74 ,0x41 ,0x74 ,0x3D ,0x31 ,0x37 ,0x0D ,0x0A ,0x09 ,0x53 
,0x69 ,0x7A ,0x65 ,0x3D ,0x31 ,0x0D ,0x0A ,0x09 ,0x44 ,0x61 ,0x74 ,0x61 ,0x54 ,0x79 ,0x70 ,0x65 
,0x3D ,0x53 ,0x54 ,0x52 ,0x49 ,0x4E ,0x47 ,0x0D ,0x0A ,0x09 ,0x44 ,0x65 ,0x66 ,0x61 ,0x75 ,0x6C 
,0x74 ,0x3D ,0x0D ,0x0A ,0x0D ,0x0A ,0x5B ,0x50 ,0x56 ,0x43 ,0x49 ,0x44 ,0x5D ,0x0D ,0x0A ,0x53 
,0x74 ,0x61 ,0x72 ,0x74 ,0x41 ,0x74 ,0x3D ,0x31 ,0x38 ,0x0D ,0x0A ,0x53 ,0x69 ,0x7A ,0x65 ,0x3D 
,0x32 ,0x0D ,0x0A ,0x44 ,0x61 ,0x74 ,0x61 ,0x54 ,0x79 ,0x70 ,0x65 ,0x3D ,0x53 ,0x54 ,0x52 ,0x49 
,0x4E ,0x47 ,0x0D ,0x0A ,0x44 ,0x65 ,0x66 ,0x61 ,0x75 ,0x6C ,0x74 ,0x3D ,0x0D ,0x0A ,0x0D ,0x0A 
,0x5B ,0x4F ,0x72 ,0x64 ,0x65 ,0x72 ,0x49 ,0x44 ,0x5D ,0x0D ,0x0A ,0x53 ,0x74 ,0x61 ,0x72 ,0x74 
,0x41 ,0x74 ,0x3D ,0x32 ,0x30 ,0x0D ,0x0A ,0x53 ,0x69 ,0x7A ,0x65 ,0x3D ,0x35 ,0x0D ,0x0A ,0x44 
,0x61 ,0x74 ,0x61 ,0x54 ,0x79 ,0x70 ,0x65 ,0x3D ,0x53 ,0x54 ,0x52 ,0x49 ,0x4E ,0x47 ,0x0D ,0x0A 
,0x44 ,0x65 ,0x66 ,0x61 ,0x75 ,0x6C ,0x74 ,0x3D ,0x0D ,0x0A ,0x09 ,0x5B ,0x54 ,0x45 ,0x52 ,0x4D 
,0x2D ,0x49 ,0x44 ,0x5D ,0x0D ,0x0A ,0x09 ,0x53 ,0x74 ,0x61 ,0x72 ,0x74 ,0x41 ,0x74 ,0x3D ,0x32 
,0x30 ,0x0D ,0x0A ,0x09 ,0x53 ,0x69 ,0x7A ,0x65 ,0x3D ,0x31 ,0x0D ,0x0A ,0x09 ,0x44 ,0x61 ,0x74 
,0x61 ,0x54 ,0x79 ,0x70 ,0x65 ,0x3D ,0x53 ,0x54 ,0x52 ,0x49 ,0x4E ,0x47 ,0x0D ,0x0A ,0x09 ,0x44 
,0x65 ,0x66 ,0x61 ,0x75 ,0x6C ,0x74 ,0x3D ,0x0D ,0x0A ,0x09 ,0x0D ,0x0A ,0x09 ,0x5B ,0x53 ,0x45 
,0x51 ,0x2D ,0x4E ,0x4F ,0x5D ,0x0D ,0x0A ,0x09 ,0x53 ,0x74 ,0x61 ,0x72 ,0x74 ,0x41 ,0x74 ,0x3D 
,0x32 ,0x31 ,0x0D ,0x0A ,0x09 ,0x53 ,0x69 ,0x7A ,0x65 ,0x3D ,0x34 ,0x0D ,0x0A ,0x09 ,0x44 ,0x61 
,0x74 ,0x61 ,0x54 ,0x79 ,0x70 ,0x65 ,0x3D ,0x49 ,0x4E ,0x54 ,0x0D ,0x0A ,0x09 ,0x44 ,0x65 ,0x66 
,0x61 ,0x75 ,0x6C ,0x74 ,0x3D ,0x0D ,0x0A ,0x0D ,0x0A ,0x5B ,0x41 ,0x63 ,0x63 ,0x6F ,0x75 ,0x6E 
,0x74 ,0x5D ,0x0D ,0x0A ,0x53 ,0x74 ,0x61 ,0x72 ,0x74 ,0x41 ,0x74 ,0x3D ,0x32 ,0x35 ,0x0D ,0x0A 
,0x53 ,0x69 ,0x7A ,0x65 ,0x3D ,0x37 ,0x0D ,0x0A ,0x44 ,0x61 ,0x74 ,0x61 ,0x54 ,0x79 ,0x70 ,0x65 
,0x3D ,0x49 ,0x4E ,0x54 ,0x0D ,0x0A ,0x44 ,0x65 ,0x66 ,0x61 ,0x75 ,0x6C ,0x74 ,0x3D ,0x0D ,0x0A 
,0x0D ,0x0A ,0x5B ,0x53 ,0x79 ,0x6D ,0x62 ,0x6F ,0x6C ,0x5D ,0x0D ,0x0A ,0x53 ,0x74 ,0x61 ,0x72 
,0x74 ,0x41 ,0x74 ,0x3D ,0x33 ,0x32 ,0x0D ,0x0A ,0x53 ,0x69 ,0x7A ,0x65 ,0x3D ,0x36 ,0x0D ,0x0A 
,0x44 ,0x61 ,0x74 ,0x61 ,0x54 ,0x79 ,0x70 ,0x65 ,0x3D ,0x53 ,0x54 ,0x52 ,0x49 ,0x4E ,0x47 ,0x0D 
,0x0A ,0x44 ,0x65 ,0x66 ,0x61 ,0x75 ,0x6C ,0x74 ,0x3D ,0x0D ,0x0A ,0x0D ,0x0A ,0x5B ,0x50 ,0x72 
,0x69 ,0x63 ,0x65 ,0x5D ,0x0D ,0x0A ,0x53 ,0x74 ,0x61 ,0x72 ,0x74 ,0x41 ,0x74 ,0x3D ,0x33 ,0x38 
,0x0D ,0x0A ,0x53 ,0x69 ,0x7A ,0x65 ,0x3D ,0x37 ,0x0D ,0x0A ,0x44 ,0x61 ,0x74 ,0x61 ,0x54 ,0x79 
,0x70 ,0x65 ,0x3D ,0x49 ,0x4E ,0x54 ,0x0D ,0x0A ,0x44 ,0x65 ,0x66 ,0x61 ,0x75 ,0x6C ,0x74 ,0x3D 
,0x0D ,0x0A ,0x0D ,0x0A ,0x5B ,0x51 ,0x74 ,0x79 ,0x5D ,0x0D ,0x0A ,0x53 ,0x74 ,0x61 ,0x72 ,0x74 
,0x41 ,0x74 ,0x3D ,0x34 ,0x35 ,0x0D ,0x0A ,0x53 ,0x69 ,0x7A ,0x65 ,0x3D ,0x36 ,0x0D ,0x0A ,0x44 
,0x61 ,0x74 ,0x61 ,0x54 ,0x79 ,0x70 ,0x65 ,0x3D ,0x49 ,0x4E ,0x54 ,0x0D ,0x0A ,0x44 ,0x65 ,0x66 
,0x61 ,0x75 ,0x6C ,0x74 ,0x3D ,0x0D ,0x0A ,0x0D ,0x0A ,0x5B ,0x4B ,0x45 ,0x45 ,0x50 ,0x5D ,0x0D 
,0x0A ,0x53 ,0x74 ,0x61 ,0x72 ,0x74 ,0x41 ,0x74 ,0x3D ,0x35 ,0x31 ,0x0D ,0x0A ,0x53 ,0x69 ,0x7A 
,0x65 ,0x3D ,0x31 ,0x0D ,0x0A ,0x44 ,0x61 ,0x74 ,0x61 ,0x54 ,0x79 ,0x70 ,0x65 ,0x3D ,0x49 ,0x4E 
,0x54 ,0x0D ,0x0A ,0x44 ,0x65 ,0x66 ,0x61 ,0x75 ,0x6C ,0x74 ,0x3D ,0x0D ,0x0A ,0x0D ,0x0A ,0x5B 
,0x4F ,0x52 ,0x44 ,0x45 ,0x52 ,0x2D ,0x44 ,0x41 ,0x54 ,0x45 ,0x5D ,0x0D ,0x0A ,0x53 ,0x74 ,0x61 
,0x72 ,0x74 ,0x41 ,0x74 ,0x3D ,0x35 ,0x32 ,0x0D ,0x0A ,0x53 ,0x69 ,0x7A ,0x65 ,0x3D ,0x36 ,0x0D 
,0x0A ,0x44 ,0x61 ,0x74 ,0x61 ,0x54 ,0x79 ,0x70 ,0x65 ,0x3D ,0x49 ,0x4E ,0x54 ,0x0D ,0x0A ,0x44 
,0x65 ,0x66 ,0x61 ,0x75 ,0x6C ,0x74 ,0x3D ,0x0D ,0x0A ,0x0D ,0x0A ,0x5B ,0x4F ,0x52 ,0x44 ,0x45 
,0x52 ,0x2D ,0x54 ,0x49 ,0x4D ,0x45 ,0x5D ,0x0D ,0x0A ,0x53 ,0x74 ,0x61 ,0x72 ,0x74 ,0x41 ,0x74 
,0x3D ,0x35 ,0x38 ,0x0D ,0x0A ,0x53 ,0x69 ,0x7A ,0x65 ,0x3D ,0x36 ,0x0D ,0x0A ,0x44 ,0x61 ,0x74 
,0x61 ,0x54 ,0x79 ,0x70 ,0x65 ,0x3D ,0x49 ,0x4E ,0x54 ,0x0D ,0x0A ,0x44 ,0x65 ,0x66 ,0x61 ,0x75 
,0x6C ,0x74 ,0x3D ,0x0D ,0x0A ,0x0D ,0x0A ,0x5B ,0x42 ,0x45 ,0x46 ,0x4F ,0x52 ,0x45 ,0x2D ,0x51 
,0x55 ,0x41 ,0x4E ,0x54 ,0x49 ,0x54 ,0x59 ,0x5D ,0x0D ,0x0A ,0x53 ,0x74 ,0x61 ,0x72 ,0x74 ,0x41 
,0x74 ,0x3D ,0x36 ,0x34 ,0x0D ,0x0A ,0x53 ,0x69 ,0x7A ,0x65 ,0x3D ,0x36 ,0x0D ,0x0A ,0x44 ,0x61 
,0x74 ,0x61 ,0x54 ,0x79 ,0x70 ,0x65 ,0x3D ,0x49 ,0x4E ,0x54 ,0x0D ,0x0A ,0x44 ,0x65 ,0x66 ,0x61 
,0x75 ,0x6C ,0x74 ,0x3D ,0x0D ,0x0A ,0x0D ,0x0A ,0x5B ,0x41 ,0x46 ,0x54 ,0x45 ,0x52 ,0x2D ,0x51 
,0x55 ,0x41 ,0x4E ,0x54 ,0x49 ,0x54 ,0x59 ,0x5D ,0x0D ,0x0A ,0x53 ,0x74 ,0x61 ,0x72 ,0x74 ,0x41 
,0x74 ,0x3D ,0x37 ,0x30 ,0x0D ,0x0A ,0x53 ,0x69 ,0x7A ,0x65 ,0x3D ,0x36 ,0x0D ,0x0A ,0x44 ,0x61 
,0x74 ,0x61 ,0x54 ,0x79 ,0x70 ,0x65 ,0x3D ,0x49 ,0x4E ,0x54 ,0x0D ,0x0A ,0x44 ,0x65 ,0x66 ,0x61 
,0x75 ,0x6C ,0x74 ,0x3D ,0x0D ,0x0A 
};

UInt8 RSC_TSE_E010[] = {
 0x00 ,0x00 ,0x04 ,0x24 
,0x5B ,0x46 ,0x69 ,0x78 ,0x65 ,0x64 ,0x46 ,0x6F ,0x72 ,0x6D ,0x61 ,0x74 ,0x43 ,0x6F ,0x6E ,0x66 
,0x69 ,0x67 ,0x5D ,0x0D ,0x0A ,0x4C ,0x69 ,0x6E ,0x65 ,0x4C ,0x65 ,0x6E ,0x67 ,0x74 ,0x68 ,0x3D 
,0x35 ,0x38 ,0x0D ,0x0A ,0x0D ,0x0A ,0x5B ,0x53 ,0x75 ,0x62 ,0x53 ,0x79 ,0x73 ,0x74 ,0x65 ,0x6D 
,0x5D ,0x0D ,0x0A ,0x53 ,0x74 ,0x61 ,0x72 ,0x74 ,0x41 ,0x74 ,0x3D ,0x30 ,0x0D ,0x0A ,0x53 ,0x69 
,0x7A ,0x65 ,0x3D ,0x32 ,0x0D ,0x0A ,0x44 ,0x61 ,0x74 ,0x61 ,0x54 ,0x79 ,0x70 ,0x65 ,0x3D ,0x49 
,0x4E ,0x54 ,0x0D ,0x0A ,0x44 ,0x65 ,0x66 ,0x61 ,0x75 ,0x6C ,0x74 ,0x3D ,0x34 ,0x31 ,0x0D ,0x0A 
,0x0D ,0x0A ,0x5B ,0x46 ,0x75 ,0x6E ,0x63 ,0x74 ,0x69 ,0x6F ,0x6E ,0x43 ,0x6F ,0x64 ,0x65 ,0x5D 
,0x0D ,0x0A ,0x53 ,0x74 ,0x61 ,0x72 ,0x74 ,0x41 ,0x74 ,0x3D ,0x32 ,0x0D ,0x0A ,0x53 ,0x69 ,0x7A 
,0x65 ,0x3D ,0x32 ,0x0D ,0x0A ,0x44 ,0x61 ,0x74 ,0x61 ,0x54 ,0x79 ,0x70 ,0x65 ,0x3D ,0x49 ,0x4E 
,0x54 ,0x0D ,0x0A ,0x44 ,0x65 ,0x66 ,0x61 ,0x75 ,0x6C ,0x74 ,0x3D ,0x0D ,0x0A ,0x0D ,0x0A ,0x5B 
,0x4D ,0x65 ,0x73 ,0x73 ,0x61 ,0x67 ,0x65 ,0x54 ,0x79 ,0x70 ,0x65 ,0x5D ,0x0D ,0x0A ,0x53 ,0x74 
,0x61 ,0x72 ,0x74 ,0x41 ,0x74 ,0x3D ,0x34 ,0x0D ,0x0A ,0x53 ,0x69 ,0x7A ,0x65 ,0x3D ,0x32 ,0x0D 
,0x0A ,0x44 ,0x61 ,0x74 ,0x61 ,0x54 ,0x79 ,0x70 ,0x65 ,0x3D ,0x49 ,0x4E ,0x54 ,0x0D ,0x0A ,0x44 
,0x65 ,0x66 ,0x61 ,0x75 ,0x6C ,0x74 ,0x3D ,0x30 ,0x30 ,0x0D ,0x0A ,0x0D ,0x0A ,0x5B ,0x4D ,0x65 
,0x73 ,0x73 ,0x61 ,0x67 ,0x65 ,0x54 ,0x69 ,0x6D ,0x65 ,0x5D ,0x0D ,0x0A ,0x53 ,0x74 ,0x61 ,0x72 
,0x74 ,0x41 ,0x74 ,0x3D ,0x36 ,0x0D ,0x0A ,0x53 ,0x69 ,0x7A ,0x65 ,0x3D ,0x36 ,0x0D ,0x0A ,0x44 
,0x61 ,0x74 ,0x61 ,0x54 ,0x79 ,0x70 ,0x65 ,0x3D ,0x49 ,0x4E ,0x54 ,0x0D ,0x0A ,0x44 ,0x65 ,0x66 
,0x61 ,0x75 ,0x6C ,0x74 ,0x3D ,0x0D ,0x0A ,0x0D ,0x0A ,0x5B ,0x53 ,0x74 ,0x61 ,0x74 ,0x75 ,0x73 
,0x43 ,0x6F ,0x64 ,0x65 ,0x5D ,0x0D ,0x0A ,0x53 ,0x74 ,0x61 ,0x72 ,0x74 ,0x41 ,0x74 ,0x3D ,0x31 
,0x32 ,0x0D ,0x0A ,0x53 ,0x69 ,0x7A ,0x65 ,0x3D ,0x32 ,0x0D ,0x0A ,0x44 ,0x61 ,0x74 ,0x61 ,0x54 
,0x79 ,0x70 ,0x65 ,0x3D ,0x49 ,0x4E ,0x54 ,0x0D ,0x0A ,0x44 ,0x65 ,0x66 ,0x61 ,0x75 ,0x6C ,0x74 
,0x3D ,0x30 ,0x30 ,0x0D ,0x0A ,0x0D ,0x0A ,0x5B ,0x42 ,0x72 ,0x6F ,0x6B ,0x65 ,0x72 ,0x49 ,0x44 
,0x5D ,0x0D ,0x0A ,0x53 ,0x74 ,0x61 ,0x72 ,0x74 ,0x41 ,0x74 ,0x3D ,0x31 ,0x34 ,0x0D ,0x0A ,0x53 
,0x69 ,0x7A ,0x65 ,0x3D ,0x34 ,0x0D ,0x0A ,0x44 ,0x61 ,0x74 ,0x61 ,0x54 ,0x79 ,0x70 ,0x65 ,0x3D 
,0x53 ,0x54 ,0x52 ,0x49 ,0x4E ,0x47 ,0x0D ,0x0A ,0x44 ,0x65 ,0x66 ,0x61 ,0x75 ,0x6C ,0x74 ,0x3D 
,0x0D ,0x0A ,0x09 ,0x5B ,0x42 ,0x52 ,0x4F ,0x4B ,0x45 ,0x52 ,0x2D ,0x4E ,0x4F ,0x5D ,0x0D ,0x0A 
,0x09 ,0x53 ,0x74 ,0x61 ,0x72 ,0x74 ,0x41 ,0x74 ,0x3D ,0x31 ,0x34 ,0x0D ,0x0A ,0x09 ,0x53 ,0x69 
,0x7A ,0x65 ,0x3D ,0x33 ,0x0D ,0x0A ,0x09 ,0x44 ,0x61 ,0x74 ,0x61 ,0x54 ,0x79 ,0x70 ,0x65 ,0x3D 
,0x49 ,0x4E ,0x54 ,0x0D ,0x0A ,0x09 ,0x44 ,0x65 ,0x66 ,0x61 ,0x75 ,0x6C ,0x74 ,0x3D ,0x0D ,0x0A 
,0x09 ,0x0D ,0x0A ,0x09 ,0x5B ,0x42 ,0x52 ,0x41 ,0x4E ,0x43 ,0x48 ,0x2D ,0x4E ,0x4F ,0x5D ,0x0D 
,0x0A ,0x09 ,0x53 ,0x74 ,0x61 ,0x72 ,0x74 ,0x41 ,0x74 ,0x3D ,0x31 ,0x37 ,0x0D ,0x0A ,0x09 ,0x53 
,0x69 ,0x7A ,0x65 ,0x3D ,0x31 ,0x0D ,0x0A ,0x09 ,0x44 ,0x61 ,0x74 ,0x61 ,0x54 ,0x79 ,0x70 ,0x65 
,0x3D ,0x53 ,0x54 ,0x52 ,0x49 ,0x4E ,0x47 ,0x0D ,0x0A ,0x09 ,0x44 ,0x65 ,0x66 ,0x61 ,0x75 ,0x6C 
,0x74 ,0x3D ,0x0D ,0x0A ,0x0D ,0x0A ,0x5B ,0x50 ,0x56 ,0x43 ,0x49 ,0x44 ,0x5D ,0x0D ,0x0A ,0x53 
,0x74 ,0x61 ,0x72 ,0x74 ,0x41 ,0x74 ,0x3D ,0x31 ,0x38 ,0x0D ,0x0A ,0x53 ,0x69 ,0x7A ,0x65 ,0x3D 
,0x32 ,0x0D ,0x0A ,0x44 ,0x61 ,0x74 ,0x61 ,0x54 ,0x79 ,0x70 ,0x65 ,0x3D ,0x53 ,0x54 ,0x52 ,0x49 
,0x4E ,0x47 ,0x0D ,0x0A ,0x44 ,0x65 ,0x66 ,0x61 ,0x75 ,0x6C ,0x74 ,0x3D ,0x0D ,0x0A ,0x0D ,0x0A 
,0x5B ,0x4F ,0x72 ,0x64 ,0x65 ,0x72 ,0x49 ,0x44 ,0x5D ,0x0D ,0x0A ,0x53 ,0x74 ,0x61 ,0x72 ,0x74 
,0x41 ,0x74 ,0x3D ,0x32 ,0x30 ,0x0D ,0x0A ,0x53 ,0x69 ,0x7A ,0x65 ,0x3D ,0x35 ,0x0D ,0x0A ,0x44 
,0x61 ,0x74 ,0x61 ,0x54 ,0x79 ,0x70 ,0x65 ,0x3D ,0x53 ,0x54 ,0x52 ,0x49 ,0x4E ,0x47 ,0x0D ,0x0A 
,0x44 ,0x65 ,0x66 ,0x61 ,0x75 ,0x6C ,0x74 ,0x3D ,0x0D ,0x0A ,0x09 ,0x5B ,0x54 ,0x45 ,0x52 ,0x4D 
,0x2D ,0x49 ,0x44 ,0x5D ,0x0D ,0x0A ,0x09 ,0x53 ,0x74 ,0x61 ,0x72 ,0x74 ,0x41 ,0x74 ,0x3D ,0x32 
,0x30 ,0x0D ,0x0A ,0x09 ,0x53 ,0x69 ,0x7A ,0x65 ,0x3D ,0x31 ,0x0D ,0x0A ,0x09 ,0x44 ,0x61 ,0x74 
,0x61 ,0x54 ,0x79 ,0x70 ,0x65 ,0x3D ,0x53 ,0x54 ,0x52 ,0x49 ,0x4E ,0x47 ,0x0D ,0x0A ,0x09 ,0x44 
,0x65 ,0x66 ,0x61 ,0x75 ,0x6C ,0x74 ,0x3D ,0x0D ,0x0A ,0x09 ,0x0D ,0x0A ,0x09 ,0x5B ,0x53 ,0x45 
,0x51 ,0x2D ,0x4E ,0x4F ,0x5D ,0x0D ,0x0A ,0x09 ,0x53 ,0x74 ,0x61 ,0x72 ,0x74 ,0x41 ,0x74 ,0x3D 
,0x32 ,0x31 ,0x0D ,0x0A ,0x09 ,0x53 ,0x69 ,0x7A ,0x65 ,0x3D ,0x34 ,0x0D ,0x0A ,0x09 ,0x44 ,0x61 
,0x74 ,0x61 ,0x54 ,0x79 ,0x70 ,0x65 ,0x3D ,0x49 ,0x4E ,0x54 ,0x0D ,0x0A ,0x09 ,0x44 ,0x65 ,0x66 
,0x61 ,0x75 ,0x6C ,0x74 ,0x3D ,0x0D ,0x0A ,0x0D ,0x0A ,0x5B ,0x41 ,0x63 ,0x63 ,0x6F ,0x75 ,0x6E 
,0x74 ,0x5D ,0x0D ,0x0A ,0x53 ,0x74 ,0x61 ,0x72 ,0x74 ,0x41 ,0x74 ,0x3D ,0x32 ,0x35 ,0x0D ,0x0A 
,0x53 ,0x69 ,0x7A ,0x65 ,0x3D ,0x37 ,0x0D ,0x0A ,0x44 ,0x61 ,0x74 ,0x61 ,0x54 ,0x79 ,0x70 ,0x65 
,0x3D ,0x49 ,0x4E ,0x54 ,0x0D ,0x0A ,0x44 ,0x65 ,0x66 ,0x61 ,0x75 ,0x6C ,0x74 ,0x3D ,0x0D ,0x0A 
,0x0D ,0x0A ,0x5B ,0x53 ,0x79 ,0x6D ,0x62 ,0x6F ,0x6C ,0x5D ,0x0D ,0x0A ,0x53 ,0x74 ,0x61 ,0x72 
,0x74 ,0x41 ,0x74 ,0x3D ,0x33 ,0x32 ,0x0D ,0x0A ,0x53 ,0x69 ,0x7A ,0x65 ,0x3D ,0x36 ,0x0D ,0x0A 
,0x44 ,0x61 ,0x74 ,0x61 ,0x54 ,0x79 ,0x70 ,0x65 ,0x3D ,0x53 ,0x54 ,0x52 ,0x49 ,0x4E ,0x47 ,0x0D 
,0x0A ,0x44 ,0x65 ,0x66 ,0x61 ,0x75 ,0x6C ,0x74 ,0x3D ,0x0D ,0x0A ,0x0D ,0x0A ,0x5B ,0x53 ,0x54 
,0x4B ,0x2D ,0x53 ,0x45 ,0x51 ,0x2D ,0x4E ,0x4F ,0x5D ,0x0D ,0x0A ,0x53 ,0x74 ,0x61 ,0x72 ,0x74 
,0x41 ,0x74 ,0x3D ,0x33 ,0x38 ,0x0D ,0x0A ,0x53 ,0x69 ,0x7A ,0x65 ,0x3D ,0x32 ,0x0D ,0x0A ,0x44 
,0x61 ,0x74 ,0x61 ,0x54 ,0x79 ,0x70 ,0x65 ,0x3D ,0x49 ,0x4E ,0x54 ,0x0D ,0x0A ,0x44 ,0x65 ,0x66 
,0x61 ,0x75 ,0x6C ,0x74 ,0x3D ,0x0D ,0x0A ,0x0D ,0x0A ,0x5B ,0x50 ,0x72 ,0x69 ,0x63 ,0x65 ,0x5D 
,0x0D ,0x0A ,0x53 ,0x74 ,0x61 ,0x72 ,0x74 ,0x41 ,0x74 ,0x3D ,0x34 ,0x30 ,0x0D ,0x0A ,0x53 ,0x69 
,0x7A ,0x65 ,0x3D ,0x36 ,0x0D ,0x0A ,0x44 ,0x61 ,0x74 ,0x61 ,0x54 ,0x79 ,0x70 ,0x65 ,0x3D ,0x49 
,0x4E ,0x54 ,0x0D ,0x0A ,0x44 ,0x65 ,0x66 ,0x61 ,0x75 ,0x6C ,0x74 ,0x3D ,0x0D ,0x0A ,0x0D ,0x0A 
,0x5B ,0x51 ,0x74 ,0x79 ,0x5D ,0x0D ,0x0A ,0x53 ,0x74 ,0x61 ,0x72 ,0x74 ,0x41 ,0x74 ,0x3D ,0x34 
,0x36 ,0x0D ,0x0A ,0x53 ,0x69 ,0x7A ,0x65 ,0x3D ,0x31 ,0x32 ,0x0D ,0x0A ,0x44 ,0x61 ,0x74 ,0x61 
,0x54 ,0x79 ,0x70 ,0x65 ,0x3D ,0x49 ,0x4E ,0x54 ,0x0D ,0x0A ,0x44 ,0x65 ,0x66 ,0x61 ,0x75 ,0x6C 
,0x74 ,0x3D ,0x0D ,0x0A 
};

UInt8 RSC_TSE_E020[] = {
 0x00 ,0x00 ,0x05 ,0x9E 
,0x5B ,0x46 ,0x69 ,0x78 ,0x65 ,0x64 ,0x46 ,0x6F ,0x72 ,0x6D ,0x61 ,0x74 ,0x43 ,0x6F ,0x6E ,0x66 
,0x69 ,0x67 ,0x5D ,0x0D ,0x0A ,0x4C ,0x69 ,0x6E ,0x65 ,0x4C ,0x65 ,0x6E ,0x67 ,0x74 ,0x68 ,0x3D 
,0x31 ,0x30 ,0x36 ,0x0D ,0x0A ,0x0D ,0x0A ,0x5B ,0x53 ,0x75 ,0x62 ,0x53 ,0x79 ,0x73 ,0x74 ,0x65 
,0x6D ,0x5D ,0x0D ,0x0A ,0x53 ,0x74 ,0x61 ,0x72 ,0x74 ,0x41 ,0x74 ,0x3D ,0x30 ,0x0D ,0x0A ,0x53 
,0x69 ,0x7A ,0x65 ,0x3D ,0x32 ,0x0D ,0x0A ,0x44 ,0x61 ,0x74 ,0x61 ,0x54 ,0x79 ,0x70 ,0x65 ,0x3D 
,0x49 ,0x4E ,0x54 ,0x0D ,0x0A ,0x44 ,0x65 ,0x66 ,0x61 ,0x75 ,0x6C ,0x74 ,0x3D ,0x34 ,0x31 ,0x0D 
,0x0A ,0x0D ,0x0A ,0x5B ,0x46 ,0x75 ,0x6E ,0x63 ,0x74 ,0x69 ,0x6F ,0x6E ,0x43 ,0x6F ,0x64 ,0x65 
,0x5D ,0x0D ,0x0A ,0x53 ,0x74 ,0x61 ,0x72 ,0x74 ,0x41 ,0x74 ,0x3D ,0x32 ,0x0D ,0x0A ,0x53 ,0x69 
,0x7A ,0x65 ,0x3D ,0x32 ,0x0D ,0x0A ,0x44 ,0x61 ,0x74 ,0x61 ,0x54 ,0x79 ,0x70 ,0x65 ,0x3D ,0x49 
,0x4E ,0x54 ,0x0D ,0x0A ,0x44 ,0x65 ,0x66 ,0x61 ,0x75 ,0x6C ,0x74 ,0x3D ,0x0D ,0x0A ,0x0D ,0x0A 
,0x5B ,0x4D ,0x65 ,0x73 ,0x73 ,0x61 ,0x67 ,0x65 ,0x54 ,0x79 ,0x70 ,0x65 ,0x5D ,0x0D ,0x0A ,0x53 
,0x74 ,0x61 ,0x72 ,0x74 ,0x41 ,0x74 ,0x3D ,0x34 ,0x0D ,0x0A ,0x53 ,0x69 ,0x7A ,0x65 ,0x3D ,0x32 
,0x0D ,0x0A ,0x44 ,0x61 ,0x74 ,0x61 ,0x54 ,0x79 ,0x70 ,0x65 ,0x3D ,0x49 ,0x4E ,0x54 ,0x0D ,0x0A 
,0x44 ,0x65 ,0x66 ,0x61 ,0x75 ,0x6C ,0x74 ,0x3D ,0x30 ,0x31 ,0x0D ,0x0A ,0x0D ,0x0A ,0x5B ,0x4D 
,0x65 ,0x73 ,0x73 ,0x61 ,0x67 ,0x65 ,0x54 ,0x69 ,0x6D ,0x65 ,0x5D ,0x0D ,0x0A ,0x53 ,0x74 ,0x61 
,0x72 ,0x74 ,0x41 ,0x74 ,0x3D ,0x36 ,0x0D ,0x0A ,0x53 ,0x69 ,0x7A ,0x65 ,0x3D ,0x36 ,0x0D ,0x0A 
,0x44 ,0x61 ,0x74 ,0x61 ,0x54 ,0x79 ,0x70 ,0x65 ,0x3D ,0x49 ,0x4E ,0x54 ,0x0D ,0x0A ,0x44 ,0x65 
,0x66 ,0x61 ,0x75 ,0x6C ,0x74 ,0x3D ,0x0D ,0x0A ,0x0D ,0x0A ,0x5B ,0x53 ,0x74 ,0x61 ,0x74 ,0x75 
,0x73 ,0x43 ,0x6F ,0x64 ,0x65 ,0x5D ,0x0D ,0x0A ,0x53 ,0x74 ,0x61 ,0x72 ,0x74 ,0x41 ,0x74 ,0x3D 
,0x31 ,0x32 ,0x0D ,0x0A ,0x53 ,0x69 ,0x7A ,0x65 ,0x3D ,0x32 ,0x0D ,0x0A ,0x44 ,0x61 ,0x74 ,0x61 
,0x54 ,0x79 ,0x70 ,0x65 ,0x3D ,0x49 ,0x4E ,0x54 ,0x0D ,0x0A ,0x44 ,0x65 ,0x66 ,0x61 ,0x75 ,0x6C 
,0x74 ,0x3D ,0x30 ,0x30 ,0x0D ,0x0A ,0x0D ,0x0A ,0x5B ,0x42 ,0x72 ,0x6F ,0x6B ,0x65 ,0x72 ,0x49 
,0x44 ,0x5D ,0x0D ,0x0A ,0x53 ,0x74 ,0x61 ,0x72 ,0x74 ,0x41 ,0x74 ,0x3D ,0x31 ,0x34 ,0x0D ,0x0A 
,0x53 ,0x69 ,0x7A ,0x65 ,0x3D ,0x34 ,0x0D ,0x0A ,0x44 ,0x61 ,0x74 ,0x61 ,0x54 ,0x79 ,0x70 ,0x65 
,0x3D ,0x53 ,0x54 ,0x52 ,0x49 ,0x4E ,0x47 ,0x0D ,0x0A ,0x44 ,0x65 ,0x66 ,0x61 ,0x75 ,0x6C ,0x74 
,0x3D ,0x0D ,0x0A ,0x09 ,0x5B ,0x42 ,0x52 ,0x4F ,0x4B ,0x45 ,0x52 ,0x2D ,0x4E ,0x4F ,0x5D ,0x0D 
,0x0A ,0x09 ,0x53 ,0x74 ,0x61 ,0x72 ,0x74 ,0x41 ,0x74 ,0x3D ,0x31 ,0x34 ,0x0D ,0x0A ,0x09 ,0x53 
,0x69 ,0x7A ,0x65 ,0x3D ,0x33 ,0x0D ,0x0A ,0x09 ,0x44 ,0x61 ,0x74 ,0x61 ,0x54 ,0x79 ,0x70 ,0x65 
,0x3D ,0x49 ,0x4E ,0x54 ,0x0D ,0x0A ,0x09 ,0x44 ,0x65 ,0x66 ,0x61 ,0x75 ,0x6C ,0x74 ,0x3D ,0x0D 
,0x0A ,0x09 ,0x0D ,0x0A ,0x09 ,0x5B ,0x42 ,0x52 ,0x41 ,0x4E ,0x43 ,0x48 ,0x2D ,0x4E ,0x4F ,0x5D 
,0x0D ,0x0A ,0x09 ,0x53 ,0x74 ,0x61 ,0x72 ,0x74 ,0x41 ,0x74 ,0x3D ,0x31 ,0x37 ,0x0D ,0x0A ,0x09 
,0x53 ,0x69 ,0x7A ,0x65 ,0x3D ,0x31 ,0x0D ,0x0A ,0x09 ,0x44 ,0x61 ,0x74 ,0x61 ,0x54 ,0x79 ,0x70 
,0x65 ,0x3D ,0x53 ,0x54 ,0x52 ,0x49 ,0x4E ,0x47 ,0x0D ,0x0A ,0x09 ,0x44 ,0x65 ,0x66 ,0x61 ,0x75 
,0x6C ,0x74 ,0x3D ,0x0D ,0x0A ,0x0D ,0x0A ,0x5B ,0x50 ,0x56 ,0x43 ,0x49 ,0x44 ,0x5D ,0x0D ,0x0A 
,0x53 ,0x74 ,0x61 ,0x72 ,0x74 ,0x41 ,0x74 ,0x3D ,0x31 ,0x38 ,0x0D ,0x0A ,0x53 ,0x69 ,0x7A ,0x65 
,0x3D ,0x32 ,0x0D ,0x0A ,0x44 ,0x61 ,0x74 ,0x61 ,0x54 ,0x79 ,0x70 ,0x65 ,0x3D ,0x53 ,0x54 ,0x52 
,0x49 ,0x4E ,0x47 ,0x0D ,0x0A ,0x44 ,0x65 ,0x66 ,0x61 ,0x75 ,0x6C ,0x74 ,0x3D ,0x0D ,0x0A ,0x0D 
,0x0A ,0x5B ,0x4F ,0x72 ,0x64 ,0x65 ,0x72 ,0x49 ,0x44 ,0x5D ,0x0D ,0x0A ,0x53 ,0x74 ,0x61 ,0x72 
,0x74 ,0x41 ,0x74 ,0x3D ,0x32 ,0x30 ,0x0D ,0x0A ,0x53 ,0x69 ,0x7A ,0x65 ,0x3D ,0x35 ,0x0D ,0x0A 
,0x44 ,0x61 ,0x74 ,0x61 ,0x54 ,0x79 ,0x70 ,0x65 ,0x3D ,0x53 ,0x54 ,0x52 ,0x49 ,0x4E ,0x47 ,0x0D 
,0x0A ,0x44 ,0x65 ,0x66 ,0x61 ,0x75 ,0x6C ,0x74 ,0x3D ,0x0D ,0x0A ,0x09 ,0x5B ,0x54 ,0x45 ,0x52 
,0x4D ,0x2D ,0x49 ,0x44 ,0x5D ,0x0D ,0x0A ,0x09 ,0x53 ,0x74 ,0x61 ,0x72 ,0x74 ,0x41 ,0x74 ,0x3D 
,0x32 ,0x30 ,0x0D ,0x0A ,0x09 ,0x53 ,0x69 ,0x7A ,0x65 ,0x3D ,0x31 ,0x0D ,0x0A ,0x09 ,0x44 ,0x61 
,0x74 ,0x61 ,0x54 ,0x79 ,0x70 ,0x65 ,0x3D ,0x53 ,0x54 ,0x52 ,0x49 ,0x4E ,0x47 ,0x0D ,0x0A ,0x09 
,0x44 ,0x65 ,0x66 ,0x61 ,0x75 ,0x6C ,0x74 ,0x3D ,0x0D ,0x0A ,0x09 ,0x0D ,0x0A ,0x09 ,0x5B ,0x53 
,0x45 ,0x51 ,0x2D ,0x4E ,0x4F ,0x5D ,0x0D ,0x0A ,0x09 ,0x53 ,0x74 ,0x61 ,0x72 ,0x74 ,0x41 ,0x74 
,0x3D ,0x32 ,0x31 ,0x0D ,0x0A ,0x09 ,0x53 ,0x69 ,0x7A ,0x65 ,0x3D ,0x34 ,0x0D ,0x0A ,0x09 ,0x44 
,0x61 ,0x74 ,0x61 ,0x54 ,0x79 ,0x70 ,0x65 ,0x3D ,0x49 ,0x4E ,0x54 ,0x0D ,0x0A ,0x09 ,0x44 ,0x65 
,0x66 ,0x61 ,0x75 ,0x6C ,0x74 ,0x3D ,0x0D ,0x0A ,0x0D ,0x0A ,0x5B ,0x41 ,0x63 ,0x63 ,0x6F ,0x75 
,0x6E ,0x74 ,0x5D ,0x0D ,0x0A ,0x53 ,0x74 ,0x61 ,0x72 ,0x74 ,0x41 ,0x74 ,0x3D ,0x32 ,0x35 ,0x0D 
,0x0A ,0x53 ,0x69 ,0x7A ,0x65 ,0x3D ,0x37 ,0x0D ,0x0A ,0x44 ,0x61 ,0x74 ,0x61 ,0x54 ,0x79 ,0x70 
,0x65 ,0x3D ,0x49 ,0x4E ,0x54 ,0x0D ,0x0A ,0x44 ,0x65 ,0x66 ,0x61 ,0x75 ,0x6C ,0x74 ,0x3D ,0x0D 
,0x0A ,0x0D ,0x0A ,0x5B ,0x53 ,0x79 ,0x6D ,0x62 ,0x6F ,0x6C ,0x5D ,0x0D ,0x0A ,0x53 ,0x74 ,0x61 
,0x72 ,0x74 ,0x41 ,0x74 ,0x3D ,0x33 ,0x32 ,0x0D ,0x0A ,0x53 ,0x69 ,0x7A ,0x65 ,0x3D ,0x36 ,0x0D 
,0x0A ,0x44 ,0x61 ,0x74 ,0x61 ,0x54 ,0x79 ,0x70 ,0x65 ,0x3D ,0x53 ,0x54 ,0x52 ,0x49 ,0x4E ,0x47 
,0x0D ,0x0A ,0x44 ,0x65 ,0x66 ,0x61 ,0x75 ,0x6C ,0x74 ,0x3D ,0x0D ,0x0A ,0x0D ,0x0A ,0x5B ,0x53 
,0x54 ,0x4B ,0x2D ,0x53 ,0x45 ,0x51 ,0x2D ,0x4E ,0x4F ,0x5D ,0x0D ,0x0A ,0x53 ,0x74 ,0x61 ,0x72 
,0x74 ,0x41 ,0x74 ,0x3D ,0x33 ,0x38 ,0x0D ,0x0A ,0x53 ,0x69 ,0x7A ,0x65 ,0x3D ,0x32 ,0x0D ,0x0A 
,0x44 ,0x61 ,0x74 ,0x61 ,0x54 ,0x79 ,0x70 ,0x65 ,0x3D ,0x49 ,0x4E ,0x54 ,0x0D ,0x0A ,0x44 ,0x65 
,0x66 ,0x61 ,0x75 ,0x6C ,0x74 ,0x3D ,0x0D ,0x0A ,0x0D ,0x0A ,0x5B ,0x50 ,0x72 ,0x69 ,0x63 ,0x65 
,0x5D ,0x0D ,0x0A ,0x53 ,0x74 ,0x61 ,0x72 ,0x74 ,0x41 ,0x74 ,0x3D ,0x34 ,0x30 ,0x0D ,0x0A ,0x53 
,0x69 ,0x7A ,0x65 ,0x3D ,0x36 ,0x0D ,0x0A ,0x44 ,0x61 ,0x74 ,0x61 ,0x54 ,0x79 ,0x70 ,0x65 ,0x3D 
,0x49 ,0x4E ,0x54 ,0x0D ,0x0A ,0x44 ,0x65 ,0x66 ,0x61 ,0x75 ,0x6C ,0x74 ,0x3D ,0x0D ,0x0A ,0x0D 
,0x0A ,0x5B ,0x51 ,0x74 ,0x79 ,0x5D ,0x0D ,0x0A ,0x53 ,0x74 ,0x61 ,0x72 ,0x74 ,0x41 ,0x74 ,0x3D 
,0x34 ,0x36 ,0x0D ,0x0A ,0x53 ,0x69 ,0x7A ,0x65 ,0x3D ,0x31 ,0x32 ,0x0D ,0x0A ,0x44 ,0x61 ,0x74 
,0x61 ,0x54 ,0x79 ,0x70 ,0x65 ,0x3D ,0x49 ,0x4E ,0x54 ,0x0D ,0x0A ,0x44 ,0x65 ,0x66 ,0x61 ,0x75 
,0x6C ,0x74 ,0x3D ,0x0D ,0x0A ,0x0D ,0x0A ,0x5B ,0x4F ,0x52 ,0x44 ,0x45 ,0x52 ,0x2D ,0x44 ,0x41 
,0x54 ,0x45 ,0x5D ,0x0D ,0x0A ,0x53 ,0x74 ,0x61 ,0x72 ,0x74 ,0x41 ,0x74 ,0x3D ,0x35 ,0x38 ,0x0D 
,0x0A ,0x53 ,0x69 ,0x7A ,0x65 ,0x3D ,0x36 ,0x0D ,0x0A ,0x44 ,0x61 ,0x74 ,0x61 ,0x54 ,0x79 ,0x70 
,0x65 ,0x3D ,0x49 ,0x4E ,0x54 ,0x0D ,0x0A ,0x44 ,0x65 ,0x66 ,0x61 ,0x75 ,0x6C ,0x74 ,0x3D ,0x0D 
,0x0A ,0x0D ,0x0A ,0x5B ,0x4F ,0x52 ,0x44 ,0x45 ,0x52 ,0x2D ,0x54 ,0x49 ,0x4D ,0x45 ,0x5D ,0x0D 
,0x0A ,0x53 ,0x74 ,0x61 ,0x72 ,0x74 ,0x41 ,0x74 ,0x3D ,0x36 ,0x34 ,0x0D ,0x0A ,0x53 ,0x69 ,0x7A 
,0x65 ,0x3D ,0x36 ,0x0D ,0x0A ,0x44 ,0x61 ,0x74 ,0x61 ,0x54 ,0x79 ,0x70 ,0x65 ,0x3D ,0x49 ,0x4E 
,0x54 ,0x0D ,0x0A ,0x44 ,0x65 ,0x66 ,0x61 ,0x75 ,0x6C ,0x74 ,0x3D ,0x0D ,0x0A ,0x0D ,0x0A ,0x5B 
,0x42 ,0x45 ,0x46 ,0x4F ,0x52 ,0x45 ,0x2D ,0x51 ,0x55 ,0x41 ,0x4E ,0x54 ,0x49 ,0x54 ,0x59 ,0x5D 
,0x0D ,0x0A ,0x53 ,0x74 ,0x61 ,0x72 ,0x74 ,0x41 ,0x74 ,0x3D ,0x37 ,0x30 ,0x0D ,0x0A ,0x53 ,0x69 
,0x7A ,0x65 ,0x3D ,0x31 ,0x32 ,0x0D ,0x0A ,0x44 ,0x61 ,0x74 ,0x61 ,0x54 ,0x79 ,0x70 ,0x65 ,0x3D 
,0x49 ,0x4E ,0x54 ,0x0D ,0x0A ,0x44 ,0x65 ,0x66 ,0x61 ,0x75 ,0x6C ,0x74 ,0x3D ,0x0D ,0x0A ,0x0D 
,0x0A ,0x5B ,0x41 ,0x46 ,0x54 ,0x45 ,0x52 ,0x2D ,0x51 ,0x55 ,0x41 ,0x4E ,0x54 ,0x49 ,0x54 ,0x59 
,0x5D ,0x0D ,0x0A ,0x53 ,0x74 ,0x61 ,0x72 ,0x74 ,0x41 ,0x74 ,0x3D ,0x38 ,0x32 ,0x0D ,0x0A ,0x53 
,0x69 ,0x7A ,0x65 ,0x3D ,0x31 ,0x32 ,0x0D ,0x0A ,0x44 ,0x61 ,0x74 ,0x61 ,0x54 ,0x79 ,0x70 ,0x65 
,0x3D ,0x49 ,0x4E ,0x54 ,0x0D ,0x0A ,0x44 ,0x65 ,0x66 ,0x61 ,0x75 ,0x6C ,0x74 ,0x3D ,0x0D ,0x0A 
,0x0D ,0x0A ,0x5B ,0x42 ,0x45 ,0x46 ,0x4F ,0x52 ,0x45 ,0x2D ,0x50 ,0x52 ,0x49 ,0x43 ,0x45 ,0x5D 
,0x0D ,0x0A ,0x53 ,0x74 ,0x61 ,0x72 ,0x74 ,0x41 ,0x74 ,0x3D ,0x39 ,0x34 ,0x0D ,0x0A ,0x53 ,0x69 
,0x7A ,0x65 ,0x3D ,0x36 ,0x0D ,0x0A ,0x44 ,0x61 ,0x74 ,0x61 ,0x54 ,0x79 ,0x70 ,0x65 ,0x3D ,0x49 
,0x4E ,0x54 ,0x0D ,0x0A ,0x44 ,0x65 ,0x66 ,0x61 ,0x75 ,0x6C ,0x74 ,0x3D ,0x0D ,0x0A ,0x0D ,0x0A 
,0x5B ,0x41 ,0x46 ,0x54 ,0x45 ,0x52 ,0x2D ,0x50 ,0x52 ,0x49 ,0x43 ,0x45 ,0x5D ,0x0D ,0x0A ,0x53 
,0x74 ,0x61 ,0x72 ,0x74 ,0x41 ,0x74 ,0x3D ,0x31 ,0x30 ,0x30 ,0x0D ,0x0A ,0x53 ,0x69 ,0x7A ,0x65 
,0x3D ,0x36 ,0x0D ,0x0A ,0x44 ,0x61 ,0x74 ,0x61 ,0x54 ,0x79 ,0x70 ,0x65 ,0x3D ,0x49 ,0x4E ,0x54 
,0x0D ,0x0A ,0x44 ,0x65 ,0x66 ,0x61 ,0x75 ,0x6C ,0x74 ,0x3D ,0x0D ,0x0A ,0x0D ,0x0A 
};

UInt8 RSC_OTC_V010[] = {
 0x00 ,0x00 ,0x04 ,0x20 
,0x5B ,0x46 ,0x69 ,0x78 ,0x65 ,0x64 ,0x46 ,0x6F ,0x72 ,0x6D ,0x61 ,0x74 ,0x43 ,0x6F ,0x6E ,0x66 
,0x69 ,0x67 ,0x5D ,0x0D ,0x0A ,0x4C ,0x69 ,0x6E ,0x65 ,0x4C ,0x65 ,0x6E ,0x67 ,0x74 ,0x68 ,0x3D 
,0x35 ,0x31 ,0x0D ,0x0A ,0x0D ,0x0A ,0x5B ,0x53 ,0x75 ,0x62 ,0x53 ,0x79 ,0x73 ,0x74 ,0x65 ,0x6D 
,0x5D ,0x0D ,0x0A ,0x53 ,0x74 ,0x61 ,0x72 ,0x74 ,0x41 ,0x74 ,0x3D ,0x30 ,0x0D ,0x0A ,0x53 ,0x69 
,0x7A ,0x65 ,0x3D ,0x32 ,0x0D ,0x0A ,0x44 ,0x61 ,0x74 ,0x61 ,0x54 ,0x79 ,0x70 ,0x65 ,0x3D ,0x49 
,0x4E ,0x54 ,0x0D ,0x0A ,0x44 ,0x65 ,0x66 ,0x61 ,0x75 ,0x6C ,0x74 ,0x3D ,0x39 ,0x30 ,0x0D ,0x0A 
,0x0D ,0x0A ,0x5B ,0x46 ,0x75 ,0x6E ,0x63 ,0x74 ,0x69 ,0x6F ,0x6E ,0x43 ,0x6F ,0x64 ,0x65 ,0x5D 
,0x0D ,0x0A ,0x53 ,0x74 ,0x61 ,0x72 ,0x74 ,0x41 ,0x74 ,0x3D ,0x32 ,0x0D ,0x0A ,0x53 ,0x69 ,0x7A 
,0x65 ,0x3D ,0x32 ,0x0D ,0x0A ,0x44 ,0x61 ,0x74 ,0x61 ,0x54 ,0x79 ,0x70 ,0x65 ,0x3D ,0x49 ,0x4E 
,0x54 ,0x0D ,0x0A ,0x44 ,0x65 ,0x66 ,0x61 ,0x75 ,0x6C ,0x74 ,0x3D ,0x0D ,0x0A ,0x0D ,0x0A ,0x5B 
,0x4D ,0x65 ,0x73 ,0x73 ,0x61 ,0x67 ,0x65 ,0x54 ,0x79 ,0x70 ,0x65 ,0x5D ,0x0D ,0x0A ,0x53 ,0x74 
,0x61 ,0x72 ,0x74 ,0x41 ,0x74 ,0x3D ,0x34 ,0x0D ,0x0A ,0x53 ,0x69 ,0x7A ,0x65 ,0x3D ,0x32 ,0x0D 
,0x0A ,0x44 ,0x61 ,0x74 ,0x61 ,0x54 ,0x79 ,0x70 ,0x65 ,0x3D ,0x49 ,0x4E ,0x54 ,0x0D ,0x0A ,0x44 
,0x65 ,0x66 ,0x61 ,0x75 ,0x6C ,0x74 ,0x3D ,0x30 ,0x30 ,0x0D ,0x0A ,0x0D ,0x0A ,0x5B ,0x4D ,0x65 
,0x73 ,0x73 ,0x61 ,0x67 ,0x65 ,0x54 ,0x69 ,0x6D ,0x65 ,0x5D ,0x0D ,0x0A ,0x53 ,0x74 ,0x61 ,0x72 
,0x74 ,0x41 ,0x74 ,0x3D ,0x36 ,0x0D ,0x0A ,0x53 ,0x69 ,0x7A ,0x65 ,0x3D ,0x36 ,0x0D ,0x0A ,0x44 
,0x61 ,0x74 ,0x61 ,0x54 ,0x79 ,0x70 ,0x65 ,0x3D ,0x49 ,0x4E ,0x54 ,0x0D ,0x0A ,0x44 ,0x65 ,0x66 
,0x61 ,0x75 ,0x6C ,0x74 ,0x3D ,0x0D ,0x0A ,0x0D ,0x0A ,0x5B ,0x53 ,0x74 ,0x61 ,0x74 ,0x75 ,0x73 
,0x43 ,0x6F ,0x64 ,0x65 ,0x5D ,0x0D ,0x0A ,0x53 ,0x74 ,0x61 ,0x72 ,0x74 ,0x41 ,0x74 ,0x3D ,0x31 
,0x32 ,0x0D ,0x0A ,0x53 ,0x69 ,0x7A ,0x65 ,0x3D ,0x32 ,0x0D ,0x0A ,0x44 ,0x61 ,0x74 ,0x61 ,0x54 
,0x79 ,0x70 ,0x65 ,0x3D ,0x49 ,0x4E ,0x54 ,0x0D ,0x0A ,0x44 ,0x65 ,0x66 ,0x61 ,0x75 ,0x6C ,0x74 
,0x3D ,0x30 ,0x30 ,0x0D ,0x0A ,0x0D ,0x0A ,0x5B ,0x42 ,0x72 ,0x6F ,0x6B ,0x65 ,0x72 ,0x49 ,0x44 
,0x5D ,0x0D ,0x0A ,0x53 ,0x74 ,0x61 ,0x72 ,0x74 ,0x41 ,0x74 ,0x3D ,0x31 ,0x34 ,0x0D ,0x0A ,0x53 
,0x69 ,0x7A ,0x65 ,0x3D ,0x34 ,0x0D ,0x0A ,0x44 ,0x61 ,0x74 ,0x61 ,0x54 ,0x79 ,0x70 ,0x65 ,0x3D 
,0x53 ,0x54 ,0x52 ,0x49 ,0x4E ,0x47 ,0x0D ,0x0A ,0x44 ,0x65 ,0x66 ,0x61 ,0x75 ,0x6C ,0x74 ,0x3D 
,0x0D ,0x0A ,0x09 ,0x5B ,0x42 ,0x52 ,0x4F ,0x4B ,0x45 ,0x52 ,0x2D ,0x4E ,0x4F ,0x5D ,0x0D ,0x0A 
,0x09 ,0x53 ,0x74 ,0x61 ,0x72 ,0x74 ,0x41 ,0x74 ,0x3D ,0x31 ,0x34 ,0x0D ,0x0A ,0x09 ,0x53 ,0x69 
,0x7A ,0x65 ,0x3D ,0x33 ,0x0D ,0x0A ,0x09 ,0x44 ,0x61 ,0x74 ,0x61 ,0x54 ,0x79 ,0x70 ,0x65 ,0x3D 
,0x49 ,0x4E ,0x54 ,0x0D ,0x0A ,0x09 ,0x44 ,0x65 ,0x66 ,0x61 ,0x75 ,0x6C ,0x74 ,0x3D ,0x0D ,0x0A 
,0x09 ,0x0D ,0x0A ,0x09 ,0x5B ,0x42 ,0x52 ,0x41 ,0x4E ,0x43 ,0x48 ,0x2D ,0x4E ,0x4F ,0x5D ,0x0D 
,0x0A ,0x09 ,0x53 ,0x74 ,0x61 ,0x72 ,0x74 ,0x41 ,0x74 ,0x3D ,0x31 ,0x37 ,0x0D ,0x0A ,0x09 ,0x53 
,0x69 ,0x7A ,0x65 ,0x3D ,0x31 ,0x0D ,0x0A ,0x09 ,0x44 ,0x61 ,0x74 ,0x61 ,0x54 ,0x79 ,0x70 ,0x65 
,0x3D ,0x53 ,0x54 ,0x52 ,0x49 ,0x4E ,0x47 ,0x0D ,0x0A ,0x09 ,0x44 ,0x65 ,0x66 ,0x61 ,0x75 ,0x6C 
,0x74 ,0x3D ,0x0D ,0x0A ,0x0D ,0x0A ,0x5B ,0x50 ,0x56 ,0x43 ,0x49 ,0x44 ,0x5D ,0x0D ,0x0A ,0x53 
,0x74 ,0x61 ,0x72 ,0x74 ,0x41 ,0x74 ,0x3D ,0x31 ,0x38 ,0x0D ,0x0A ,0x53 ,0x69 ,0x7A ,0x65 ,0x3D 
,0x32 ,0x0D ,0x0A ,0x44 ,0x61 ,0x74 ,0x61 ,0x54 ,0x79 ,0x70 ,0x65 ,0x3D ,0x53 ,0x54 ,0x52 ,0x49 
,0x4E ,0x47 ,0x0D ,0x0A ,0x44 ,0x65 ,0x66 ,0x61 ,0x75 ,0x6C ,0x74 ,0x3D ,0x0D ,0x0A ,0x0D ,0x0A 
,0x5B ,0x4F ,0x72 ,0x64 ,0x65 ,0x72 ,0x49 ,0x44 ,0x5D ,0x0D ,0x0A ,0x53 ,0x74 ,0x61 ,0x72 ,0x74 
,0x41 ,0x74 ,0x3D ,0x32 ,0x30 ,0x0D ,0x0A ,0x53 ,0x69 ,0x7A ,0x65 ,0x3D ,0x35 ,0x0D ,0x0A ,0x44 
,0x61 ,0x74 ,0x61 ,0x54 ,0x79 ,0x70 ,0x65 ,0x3D ,0x53 ,0x54 ,0x52 ,0x49 ,0x4E ,0x47 ,0x0D ,0x0A 
,0x44 ,0x65 ,0x66 ,0x61 ,0x75 ,0x6C ,0x74 ,0x3D ,0x0D ,0x0A ,0x09 ,0x5B ,0x54 ,0x45 ,0x52 ,0x4D 
,0x2D ,0x49 ,0x44 ,0x5D ,0x0D ,0x0A ,0x09 ,0x53 ,0x74 ,0x61 ,0x72 ,0x74 ,0x41 ,0x74 ,0x3D ,0x32 
,0x30 ,0x0D ,0x0A ,0x09 ,0x53 ,0x69 ,0x7A ,0x65 ,0x3D ,0x31 ,0x0D ,0x0A ,0x09 ,0x44 ,0x61 ,0x74 
,0x61 ,0x54 ,0x79 ,0x70 ,0x65 ,0x3D ,0x53 ,0x54 ,0x52 ,0x49 ,0x4E ,0x47 ,0x0D ,0x0A ,0x09 ,0x44 
,0x65 ,0x66 ,0x61 ,0x75 ,0x6C ,0x74 ,0x3D ,0x0D ,0x0A ,0x09 ,0x0D ,0x0A ,0x09 ,0x5B ,0x53 ,0x45 
,0x51 ,0x2D ,0x4E ,0x4F ,0x5D ,0x0D ,0x0A ,0x09 ,0x53 ,0x74 ,0x61 ,0x72 ,0x74 ,0x41 ,0x74 ,0x3D 
,0x32 ,0x31 ,0x0D ,0x0A ,0x09 ,0x53 ,0x69 ,0x7A ,0x65 ,0x3D ,0x34 ,0x0D ,0x0A ,0x09 ,0x44 ,0x61 
,0x74 ,0x61 ,0x54 ,0x79 ,0x70 ,0x65 ,0x3D ,0x49 ,0x4E ,0x54 ,0x0D ,0x0A ,0x09 ,0x44 ,0x65 ,0x66 
,0x61 ,0x75 ,0x6C ,0x74 ,0x3D ,0x0D ,0x0A ,0x0D ,0x0A ,0x5B ,0x41 ,0x63 ,0x63 ,0x6F ,0x75 ,0x6E 
,0x74 ,0x5D ,0x0D ,0x0A ,0x53 ,0x74 ,0x61 ,0x72 ,0x74 ,0x41 ,0x74 ,0x3D ,0x32 ,0x35 ,0x0D ,0x0A 
,0x53 ,0x69 ,0x7A ,0x65 ,0x3D ,0x37 ,0x0D ,0x0A ,0x44 ,0x61 ,0x74 ,0x61 ,0x54 ,0x79 ,0x70 ,0x65 
,0x3D ,0x49 ,0x4E ,0x54 ,0x0D ,0x0A ,0x44 ,0x65 ,0x66 ,0x61 ,0x75 ,0x6C ,0x74 ,0x3D ,0x0D ,0x0A 
,0x0D ,0x0A ,0x5B ,0x53 ,0x79 ,0x6D ,0x62 ,0x6F ,0x6C ,0x5D ,0x0D ,0x0A ,0x53 ,0x74 ,0x61 ,0x72 
,0x74 ,0x41 ,0x74 ,0x3D ,0x33 ,0x32 ,0x0D ,0x0A ,0x53 ,0x69 ,0x7A ,0x65 ,0x3D ,0x36 ,0x0D ,0x0A 
,0x44 ,0x61 ,0x74 ,0x61 ,0x54 ,0x79 ,0x70 ,0x65 ,0x3D ,0x53 ,0x54 ,0x52 ,0x49 ,0x4E ,0x47 ,0x0D 
,0x0A ,0x44 ,0x65 ,0x66 ,0x61 ,0x75 ,0x6C ,0x74 ,0x3D ,0x0D ,0x0A ,0x0D ,0x0A ,0x5B ,0x50 ,0x72 
,0x69 ,0x63 ,0x65 ,0x5D ,0x0D ,0x0A ,0x53 ,0x74 ,0x61 ,0x72 ,0x74 ,0x41 ,0x74 ,0x3D ,0x33 ,0x38 
,0x0D ,0x0A ,0x53 ,0x69 ,0x7A ,0x65 ,0x3D ,0x37 ,0x0D ,0x0A ,0x44 ,0x61 ,0x74 ,0x61 ,0x54 ,0x79 
,0x70 ,0x65 ,0x3D ,0x49 ,0x4E ,0x54 ,0x0D ,0x0A ,0x44 ,0x65 ,0x66 ,0x61 ,0x75 ,0x6C ,0x74 ,0x3D 
,0x0D ,0x0A ,0x0D ,0x0A ,0x5B ,0x51 ,0x74 ,0x79 ,0x5D ,0x0D ,0x0A ,0x53 ,0x74 ,0x61 ,0x72 ,0x74 
,0x41 ,0x74 ,0x3D ,0x34 ,0x34 ,0x0D ,0x0A ,0x53 ,0x69 ,0x7A ,0x65 ,0x3D ,0x36 ,0x0D ,0x0A ,0x44 
,0x61 ,0x74 ,0x61 ,0x54 ,0x79 ,0x70 ,0x65 ,0x3D ,0x49 ,0x4E ,0x54 ,0x0D ,0x0A ,0x44 ,0x65 ,0x66 
,0x61 ,0x75 ,0x6C ,0x74 ,0x3D ,0x0D ,0x0A ,0x0D ,0x0A ,0x5B ,0x4B ,0x45 ,0x45 ,0x50 ,0x5D ,0x0D 
,0x0A ,0x53 ,0x74 ,0x61 ,0x72 ,0x74 ,0x41 ,0x74 ,0x3D ,0x35 ,0x30 ,0x0D ,0x0A ,0x53 ,0x69 ,0x7A 
,0x65 ,0x3D ,0x31 ,0x0D ,0x0A ,0x44 ,0x61 ,0x74 ,0x61 ,0x54 ,0x79 ,0x70 ,0x65 ,0x3D ,0x53 ,0x54 
,0x52 ,0x49 ,0x4E ,0x47 ,0x0D ,0x0A ,0x44 ,0x65 ,0x66 ,0x61 ,0x75 ,0x6C ,0x74 ,0x3D ,0x0D ,0x0A 
};

UInt8 RSC_OTC_V020[] = {
 0x00 ,0x00 ,0x05 ,0x16 
,0x5B ,0x46 ,0x69 ,0x78 ,0x65 ,0x64 ,0x46 ,0x6F ,0x72 ,0x6D ,0x61 ,0x74 ,0x43 ,0x6F ,0x6E ,0x66 
,0x69 ,0x67 ,0x5D ,0x0D ,0x0A ,0x4C ,0x69 ,0x6E ,0x65 ,0x4C ,0x65 ,0x6E ,0x67 ,0x74 ,0x68 ,0x3D 
,0x37 ,0x36 ,0x0D ,0x0A ,0x0D ,0x0A ,0x5B ,0x53 ,0x75 ,0x62 ,0x53 ,0x79 ,0x73 ,0x74 ,0x65 ,0x6D 
,0x5D ,0x0D ,0x0A ,0x53 ,0x74 ,0x61 ,0x72 ,0x74 ,0x41 ,0x74 ,0x3D ,0x30 ,0x0D ,0x0A ,0x53 ,0x69 
,0x7A ,0x65 ,0x3D ,0x32 ,0x0D ,0x0A ,0x44 ,0x61 ,0x74 ,0x61 ,0x54 ,0x79 ,0x70 ,0x65 ,0x3D ,0x49 
,0x4E ,0x54 ,0x0D ,0x0A ,0x44 ,0x65 ,0x66 ,0x61 ,0x75 ,0x6C ,0x74 ,0x3D ,0x39 ,0x30 ,0x0D ,0x0A 
,0x0D ,0x0A ,0x5B ,0x46 ,0x75 ,0x6E ,0x63 ,0x74 ,0x69 ,0x6F ,0x6E ,0x43 ,0x6F ,0x64 ,0x65 ,0x5D 
,0x0D ,0x0A ,0x53 ,0x74 ,0x61 ,0x72 ,0x74 ,0x41 ,0x74 ,0x3D ,0x32 ,0x0D ,0x0A ,0x53 ,0x69 ,0x7A 
,0x65 ,0x3D ,0x32 ,0x0D ,0x0A ,0x44 ,0x61 ,0x74 ,0x61 ,0x54 ,0x79 ,0x70 ,0x65 ,0x3D ,0x49 ,0x4E 
,0x54 ,0x0D ,0x0A ,0x44 ,0x65 ,0x66 ,0x61 ,0x75 ,0x6C ,0x74 ,0x3D ,0x0D ,0x0A ,0x0D ,0x0A ,0x5B 
,0x4D ,0x65 ,0x73 ,0x73 ,0x61 ,0x67 ,0x65 ,0x54 ,0x79 ,0x70 ,0x65 ,0x5D ,0x0D ,0x0A ,0x53 ,0x74 
,0x61 ,0x72 ,0x74 ,0x41 ,0x74 ,0x3D ,0x34 ,0x0D ,0x0A ,0x53 ,0x69 ,0x7A ,0x65 ,0x3D ,0x32 ,0x0D 
,0x0A ,0x44 ,0x61 ,0x74 ,0x61 ,0x54 ,0x79 ,0x70 ,0x65 ,0x3D ,0x49 ,0x4E ,0x54 ,0x0D ,0x0A ,0x44 
,0x65 ,0x66 ,0x61 ,0x75 ,0x6C ,0x74 ,0x3D ,0x30 ,0x31 ,0x0D ,0x0A ,0x0D ,0x0A ,0x5B ,0x4D ,0x65 
,0x73 ,0x73 ,0x61 ,0x67 ,0x65 ,0x54 ,0x69 ,0x6D ,0x65 ,0x5D ,0x0D ,0x0A ,0x53 ,0x74 ,0x61 ,0x72 
,0x74 ,0x41 ,0x74 ,0x3D ,0x36 ,0x0D ,0x0A ,0x53 ,0x69 ,0x7A ,0x65 ,0x3D ,0x36 ,0x0D ,0x0A ,0x44 
,0x61 ,0x74 ,0x61 ,0x54 ,0x79 ,0x70 ,0x65 ,0x3D ,0x49 ,0x4E ,0x54 ,0x0D ,0x0A ,0x44 ,0x65 ,0x66 
,0x61 ,0x75 ,0x6C ,0x74 ,0x3D ,0x0D ,0x0A ,0x0D ,0x0A ,0x5B ,0x53 ,0x74 ,0x61 ,0x74 ,0x75 ,0x73 
,0x43 ,0x6F ,0x64 ,0x65 ,0x5D ,0x0D ,0x0A ,0x53 ,0x74 ,0x61 ,0x72 ,0x74 ,0x41 ,0x74 ,0x3D ,0x31 
,0x32 ,0x0D ,0x0A ,0x53 ,0x69 ,0x7A ,0x65 ,0x3D ,0x32 ,0x0D ,0x0A ,0x44 ,0x61 ,0x74 ,0x61 ,0x54 
,0x79 ,0x70 ,0x65 ,0x3D ,0x49 ,0x4E ,0x54 ,0x0D ,0x0A ,0x44 ,0x65 ,0x66 ,0x61 ,0x75 ,0x6C ,0x74 
,0x3D ,0x30 ,0x30 ,0x0D ,0x0A ,0x0D ,0x0A ,0x5B ,0x42 ,0x72 ,0x6F ,0x6B ,0x65 ,0x72 ,0x49 ,0x44 
,0x5D ,0x0D ,0x0A ,0x53 ,0x74 ,0x61 ,0x72 ,0x74 ,0x41 ,0x74 ,0x3D ,0x31 ,0x34 ,0x0D ,0x0A ,0x53 
,0x69 ,0x7A ,0x65 ,0x3D ,0x34 ,0x0D ,0x0A ,0x44 ,0x61 ,0x74 ,0x61 ,0x54 ,0x79 ,0x70 ,0x65 ,0x3D 
,0x53 ,0x54 ,0x52 ,0x49 ,0x4E ,0x47 ,0x0D ,0x0A ,0x44 ,0x65 ,0x66 ,0x61 ,0x75 ,0x6C ,0x74 ,0x3D 
,0x0D ,0x0A ,0x09 ,0x5B ,0x42 ,0x52 ,0x4F ,0x4B ,0x45 ,0x52 ,0x2D ,0x4E ,0x4F ,0x5D ,0x0D ,0x0A 
,0x09 ,0x53 ,0x74 ,0x61 ,0x72 ,0x74 ,0x41 ,0x74 ,0x3D ,0x31 ,0x34 ,0x0D ,0x0A ,0x09 ,0x53 ,0x69 
,0x7A ,0x65 ,0x3D ,0x33 ,0x0D ,0x0A ,0x09 ,0x44 ,0x61 ,0x74 ,0x61 ,0x54 ,0x79 ,0x70 ,0x65 ,0x3D 
,0x49 ,0x4E ,0x54 ,0x0D ,0x0A ,0x09 ,0x44 ,0x65 ,0x66 ,0x61 ,0x75 ,0x6C ,0x74 ,0x3D ,0x0D ,0x0A 
,0x09 ,0x0D ,0x0A ,0x09 ,0x5B ,0x42 ,0x52 ,0x41 ,0x4E ,0x43 ,0x48 ,0x2D ,0x4E ,0x4F ,0x5D ,0x0D 
,0x0A ,0x09 ,0x53 ,0x74 ,0x61 ,0x72 ,0x74 ,0x41 ,0x74 ,0x3D ,0x31 ,0x37 ,0x0D ,0x0A ,0x09 ,0x53 
,0x69 ,0x7A ,0x65 ,0x3D ,0x31 ,0x0D ,0x0A ,0x09 ,0x44 ,0x61 ,0x74 ,0x61 ,0x54 ,0x79 ,0x70 ,0x65 
,0x3D ,0x53 ,0x54 ,0x52 ,0x49 ,0x4E ,0x47 ,0x0D ,0x0A ,0x09 ,0x44 ,0x65 ,0x66 ,0x61 ,0x75 ,0x6C 
,0x74 ,0x3D ,0x0D ,0x0A ,0x0D ,0x0A ,0x5B ,0x50 ,0x56 ,0x43 ,0x49 ,0x44 ,0x5D ,0x0D ,0x0A ,0x53 
,0x74 ,0x61 ,0x72 ,0x74 ,0x41 ,0x74 ,0x3D ,0x31 ,0x38 ,0x0D ,0x0A ,0x53 ,0x69 ,0x7A ,0x65 ,0x3D 
,0x32 ,0x0D ,0x0A ,0x44 ,0x61 ,0x74 ,0x61 ,0x54 ,0x79 ,0x70 ,0x65 ,0x3D ,0x53 ,0x54 ,0x52 ,0x49 
,0x4E ,0x47 ,0x0D ,0x0A ,0x44 ,0x65 ,0x66 ,0x61 ,0x75 ,0x6C ,0x74 ,0x3D ,0x0D ,0x0A ,0x0D ,0x0A 
,0x5B ,0x4F ,0x72 ,0x64 ,0x65 ,0x72 ,0x49 ,0x44 ,0x5D ,0x0D ,0x0A ,0x53 ,0x74 ,0x61 ,0x72 ,0x74 
,0x41 ,0x74 ,0x3D ,0x32 ,0x30 ,0x0D ,0x0A ,0x53 ,0x69 ,0x7A ,0x65 ,0x3D ,0x35 ,0x0D ,0x0A ,0x44 
,0x61 ,0x74 ,0x61 ,0x54 ,0x79 ,0x70 ,0x65 ,0x3D ,0x53 ,0x54 ,0x52 ,0x49 ,0x4E ,0x47 ,0x0D ,0x0A 
,0x44 ,0x65 ,0x66 ,0x61 ,0x75 ,0x6C ,0x74 ,0x3D ,0x0D ,0x0A ,0x09 ,0x5B ,0x54 ,0x45 ,0x52 ,0x4D 
,0x2D ,0x49 ,0x44 ,0x5D ,0x0D ,0x0A ,0x09 ,0x53 ,0x74 ,0x61 ,0x72 ,0x74 ,0x41 ,0x74 ,0x3D ,0x32 
,0x30 ,0x0D ,0x0A ,0x09 ,0x53 ,0x69 ,0x7A ,0x65 ,0x3D ,0x31 ,0x0D ,0x0A ,0x09 ,0x44 ,0x61 ,0x74 
,0x61 ,0x54 ,0x79 ,0x70 ,0x65 ,0x3D ,0x53 ,0x54 ,0x52 ,0x49 ,0x4E ,0x47 ,0x0D ,0x0A ,0x09 ,0x44 
,0x65 ,0x66 ,0x61 ,0x75 ,0x6C ,0x74 ,0x3D ,0x0D ,0x0A ,0x09 ,0x0D ,0x0A ,0x09 ,0x5B ,0x53 ,0x45 
,0x51 ,0x2D ,0x4E ,0x4F ,0x5D ,0x0D ,0x0A ,0x09 ,0x53 ,0x74 ,0x61 ,0x72 ,0x74 ,0x41 ,0x74 ,0x3D 
,0x32 ,0x31 ,0x0D ,0x0A ,0x09 ,0x53 ,0x69 ,0x7A ,0x65 ,0x3D ,0x34 ,0x0D ,0x0A ,0x09 ,0x44 ,0x61 
,0x74 ,0x61 ,0x54 ,0x79 ,0x70 ,0x65 ,0x3D ,0x49 ,0x4E ,0x54 ,0x0D ,0x0A ,0x09 ,0x44 ,0x65 ,0x66 
,0x61 ,0x75 ,0x6C ,0x74 ,0x3D ,0x0D ,0x0A ,0x0D ,0x0A ,0x5B ,0x41 ,0x63 ,0x63 ,0x6F ,0x75 ,0x6E 
,0x74 ,0x5D ,0x0D ,0x0A ,0x53 ,0x74 ,0x61 ,0x72 ,0x74 ,0x41 ,0x74 ,0x3D ,0x32 ,0x35 ,0x0D ,0x0A 
,0x53 ,0x69 ,0x7A ,0x65 ,0x3D ,0x37 ,0x0D ,0x0A ,0x44 ,0x61 ,0x74 ,0x61 ,0x54 ,0x79 ,0x70 ,0x65 
,0x3D ,0x49 ,0x4E ,0x54 ,0x0D ,0x0A ,0x44 ,0x65 ,0x66 ,0x61 ,0x75 ,0x6C ,0x74 ,0x3D ,0x0D ,0x0A 
,0x0D ,0x0A ,0x5B ,0x53 ,0x79 ,0x6D ,0x62 ,0x6F ,0x6C ,0x5D ,0x0D ,0x0A ,0x53 ,0x74 ,0x61 ,0x72 
,0x74 ,0x41 ,0x74 ,0x3D ,0x33 ,0x32 ,0x0D ,0x0A ,0x53 ,0x69 ,0x7A ,0x65 ,0x3D ,0x36 ,0x0D ,0x0A 
,0x44 ,0x61 ,0x74 ,0x61 ,0x54 ,0x79 ,0x70 ,0x65 ,0x3D ,0x53 ,0x54 ,0x52 ,0x49 ,0x4E ,0x47 ,0x0D 
,0x0A ,0x44 ,0x65 ,0x66 ,0x61 ,0x75 ,0x6C ,0x74 ,0x3D ,0x0D ,0x0A ,0x0D ,0x0A ,0x5B ,0x50 ,0x72 
,0x69 ,0x63 ,0x65 ,0x5D ,0x0D ,0x0A ,0x53 ,0x74 ,0x61 ,0x72 ,0x74 ,0x41 ,0x74 ,0x3D ,0x33 ,0x38 
,0x0D ,0x0A ,0x53 ,0x69 ,0x7A ,0x65 ,0x3D ,0x37 ,0x0D ,0x0A ,0x44 ,0x61 ,0x74 ,0x61 ,0x54 ,0x79 
,0x70 ,0x65 ,0x3D ,0x49 ,0x4E ,0x54 ,0x0D ,0x0A ,0x44 ,0x65 ,0x66 ,0x61 ,0x75 ,0x6C ,0x74 ,0x3D 
,0x0D ,0x0A ,0x0D ,0x0A ,0x5B ,0x51 ,0x74 ,0x79 ,0x5D ,0x0D ,0x0A ,0x53 ,0x74 ,0x61 ,0x72 ,0x74 
,0x41 ,0x74 ,0x3D ,0x34 ,0x35 ,0x0D ,0x0A ,0x53 ,0x69 ,0x7A ,0x65 ,0x3D ,0x36 ,0x0D ,0x0A ,0x44 
,0x61 ,0x74 ,0x61 ,0x54 ,0x79 ,0x70 ,0x65 ,0x3D ,0x49 ,0x4E ,0x54 ,0x0D ,0x0A ,0x44 ,0x65 ,0x66 
,0x61 ,0x75 ,0x6C ,0x74 ,0x3D ,0x0D ,0x0A ,0x0D ,0x0A ,0x5B ,0x4B ,0x45 ,0x45 ,0x50 ,0x5D ,0x0D 
,0x0A ,0x53 ,0x74 ,0x61 ,0x72 ,0x74 ,0x41 ,0x74 ,0x3D ,0x35 ,0x31 ,0x0D ,0x0A ,0x53 ,0x69 ,0x7A 
,0x65 ,0x3D ,0x31 ,0x0D ,0x0A ,0x44 ,0x61 ,0x74 ,0x61 ,0x54 ,0x79 ,0x70 ,0x65 ,0x3D ,0x49 ,0x4E 
,0x54 ,0x0D ,0x0A ,0x44 ,0x65 ,0x66 ,0x61 ,0x75 ,0x6C ,0x74 ,0x3D ,0x0D ,0x0A ,0x0D ,0x0A ,0x5B 
,0x4F ,0x52 ,0x44 ,0x45 ,0x52 ,0x2D ,0x44 ,0x41 ,0x54 ,0x45 ,0x5D ,0x0D ,0x0A ,0x53 ,0x74 ,0x61 
,0x72 ,0x74 ,0x41 ,0x74 ,0x3D ,0x35 ,0x32 ,0x0D ,0x0A ,0x53 ,0x69 ,0x7A ,0x65 ,0x3D ,0x36 ,0x0D 
,0x0A ,0x44 ,0x61 ,0x74 ,0x61 ,0x54 ,0x79 ,0x70 ,0x65 ,0x3D ,0x49 ,0x4E ,0x54 ,0x0D ,0x0A ,0x44 
,0x65 ,0x66 ,0x61 ,0x75 ,0x6C ,0x74 ,0x3D ,0x0D ,0x0A ,0x0D ,0x0A ,0x5B ,0x4F ,0x52 ,0x44 ,0x45 
,0x52 ,0x2D ,0x54 ,0x49 ,0x4D ,0x45 ,0x5D ,0x0D ,0x0A ,0x53 ,0x74 ,0x61 ,0x72 ,0x74 ,0x41 ,0x74 
,0x3D ,0x35 ,0x38 ,0x0D ,0x0A ,0x53 ,0x69 ,0x7A ,0x65 ,0x3D ,0x36 ,0x0D ,0x0A ,0x44 ,0x61 ,0x74 
,0x61 ,0x54 ,0x79 ,0x70 ,0x65 ,0x3D ,0x49 ,0x4E ,0x54 ,0x0D ,0x0A ,0x44 ,0x65 ,0x66 ,0x61 ,0x75 
,0x6C ,0x74 ,0x3D ,0x0D ,0x0A ,0x0D ,0x0A ,0x5B ,0x42 ,0x45 ,0x46 ,0x4F ,0x52 ,0x45 ,0x2D ,0x51 
,0x55 ,0x41 ,0x4E ,0x54 ,0x49 ,0x54 ,0x59 ,0x5D ,0x0D ,0x0A ,0x53 ,0x74 ,0x61 ,0x72 ,0x74 ,0x41 
,0x74 ,0x3D ,0x36 ,0x34 ,0x0D ,0x0A ,0x53 ,0x69 ,0x7A ,0x65 ,0x3D ,0x36 ,0x0D ,0x0A ,0x44 ,0x61 
,0x74 ,0x61 ,0x54 ,0x79 ,0x70 ,0x65 ,0x3D ,0x49 ,0x4E ,0x54 ,0x0D ,0x0A ,0x44 ,0x65 ,0x66 ,0x61 
,0x75 ,0x6C ,0x74 ,0x3D ,0x0D ,0x0A ,0x0D ,0x0A ,0x5B ,0x41 ,0x46 ,0x54 ,0x45 ,0x52 ,0x2D ,0x51 
,0x55 ,0x41 ,0x4E ,0x54 ,0x49 ,0x54 ,0x59 ,0x5D ,0x0D ,0x0A ,0x53 ,0x74 ,0x61 ,0x72 ,0x74 ,0x41 
,0x74 ,0x3D ,0x37 ,0x30 ,0x0D ,0x0A ,0x53 ,0x69 ,0x7A ,0x65 ,0x3D ,0x36 ,0x0D ,0x0A ,0x44 ,0x61 
,0x74 ,0x61 ,0x54 ,0x79 ,0x70 ,0x65 ,0x3D ,0x49 ,0x4E ,0x54 ,0x0D ,0x0A ,0x44 ,0x65 ,0x66 ,0x61 
,0x75 ,0x6C ,0x74 ,0x3D ,0x0D ,0x0A 
};

UInt8 RSC_OTC_E010[] = {
 0x00 ,0x00 ,0x04 ,0x24 
,0x5B ,0x46 ,0x69 ,0x78 ,0x65 ,0x64 ,0x46 ,0x6F ,0x72 ,0x6D ,0x61 ,0x74 ,0x43 ,0x6F ,0x6E ,0x66 
,0x69 ,0x67 ,0x5D ,0x0D ,0x0A ,0x4C ,0x69 ,0x6E ,0x65 ,0x4C ,0x65 ,0x6E ,0x67 ,0x74 ,0x68 ,0x3D 
,0x35 ,0x38 ,0x0D ,0x0A ,0x0D ,0x0A ,0x5B ,0x53 ,0x75 ,0x62 ,0x53 ,0x79 ,0x73 ,0x74 ,0x65 ,0x6D 
,0x5D ,0x0D ,0x0A ,0x53 ,0x74 ,0x61 ,0x72 ,0x74 ,0x41 ,0x74 ,0x3D ,0x30 ,0x0D ,0x0A ,0x53 ,0x69 
,0x7A ,0x65 ,0x3D ,0x32 ,0x0D ,0x0A ,0x44 ,0x61 ,0x74 ,0x61 ,0x54 ,0x79 ,0x70 ,0x65 ,0x3D ,0x49 
,0x4E ,0x54 ,0x0D ,0x0A ,0x44 ,0x65 ,0x66 ,0x61 ,0x75 ,0x6C ,0x74 ,0x3D ,0x39 ,0x37 ,0x0D ,0x0A 
,0x0D ,0x0A ,0x5B ,0x46 ,0x75 ,0x6E ,0x63 ,0x74 ,0x69 ,0x6F ,0x6E ,0x43 ,0x6F ,0x64 ,0x65 ,0x5D 
,0x0D ,0x0A ,0x53 ,0x74 ,0x61 ,0x72 ,0x74 ,0x41 ,0x74 ,0x3D ,0x32 ,0x0D ,0x0A ,0x53 ,0x69 ,0x7A 
,0x65 ,0x3D ,0x32 ,0x0D ,0x0A ,0x44 ,0x61 ,0x74 ,0x61 ,0x54 ,0x79 ,0x70 ,0x65 ,0x3D ,0x49 ,0x4E 
,0x54 ,0x0D ,0x0A ,0x44 ,0x65 ,0x66 ,0x61 ,0x75 ,0x6C ,0x74 ,0x3D ,0x0D ,0x0A ,0x0D ,0x0A ,0x5B 
,0x4D ,0x65 ,0x73 ,0x73 ,0x61 ,0x67 ,0x65 ,0x54 ,0x79 ,0x70 ,0x65 ,0x5D ,0x0D ,0x0A ,0x53 ,0x74 
,0x61 ,0x72 ,0x74 ,0x41 ,0x74 ,0x3D ,0x34 ,0x0D ,0x0A ,0x53 ,0x69 ,0x7A ,0x65 ,0x3D ,0x32 ,0x0D 
,0x0A ,0x44 ,0x61 ,0x74 ,0x61 ,0x54 ,0x79 ,0x70 ,0x65 ,0x3D ,0x49 ,0x4E ,0x54 ,0x0D ,0x0A ,0x44 
,0x65 ,0x66 ,0x61 ,0x75 ,0x6C ,0x74 ,0x3D ,0x30 ,0x30 ,0x0D ,0x0A ,0x0D ,0x0A ,0x5B ,0x4D ,0x65 
,0x73 ,0x73 ,0x61 ,0x67 ,0x65 ,0x54 ,0x69 ,0x6D ,0x65 ,0x5D ,0x0D ,0x0A ,0x53 ,0x74 ,0x61 ,0x72 
,0x74 ,0x41 ,0x74 ,0x3D ,0x36 ,0x0D ,0x0A ,0x53 ,0x69 ,0x7A ,0x65 ,0x3D ,0x36 ,0x0D ,0x0A ,0x44 
,0x61 ,0x74 ,0x61 ,0x54 ,0x79 ,0x70 ,0x65 ,0x3D ,0x49 ,0x4E ,0x54 ,0x0D ,0x0A ,0x44 ,0x65 ,0x66 
,0x61 ,0x75 ,0x6C ,0x74 ,0x3D ,0x0D ,0x0A ,0x0D ,0x0A ,0x5B ,0x53 ,0x74 ,0x61 ,0x74 ,0x75 ,0x73 
,0x43 ,0x6F ,0x64 ,0x65 ,0x5D ,0x0D ,0x0A ,0x53 ,0x74 ,0x61 ,0x72 ,0x74 ,0x41 ,0x74 ,0x3D ,0x31 
,0x32 ,0x0D ,0x0A ,0x53 ,0x69 ,0x7A ,0x65 ,0x3D ,0x32 ,0x0D ,0x0A ,0x44 ,0x61 ,0x74 ,0x61 ,0x54 
,0x79 ,0x70 ,0x65 ,0x3D ,0x49 ,0x4E ,0x54 ,0x0D ,0x0A ,0x44 ,0x65 ,0x66 ,0x61 ,0x75 ,0x6C ,0x74 
,0x3D ,0x30 ,0x30 ,0x0D ,0x0A ,0x0D ,0x0A ,0x5B ,0x42 ,0x72 ,0x6F ,0x6B ,0x65 ,0x72 ,0x49 ,0x44 
,0x5D ,0x0D ,0x0A ,0x53 ,0x74 ,0x61 ,0x72 ,0x74 ,0x41 ,0x74 ,0x3D ,0x31 ,0x34 ,0x0D ,0x0A ,0x53 
,0x69 ,0x7A ,0x65 ,0x3D ,0x34 ,0x0D ,0x0A ,0x44 ,0x61 ,0x74 ,0x61 ,0x54 ,0x79 ,0x70 ,0x65 ,0x3D 
,0x53 ,0x54 ,0x52 ,0x49 ,0x4E ,0x47 ,0x0D ,0x0A ,0x44 ,0x65 ,0x66 ,0x61 ,0x75 ,0x6C ,0x74 ,0x3D 
,0x0D ,0x0A ,0x09 ,0x5B ,0x42 ,0x52 ,0x4F ,0x4B ,0x45 ,0x52 ,0x2D ,0x4E ,0x4F ,0x5D ,0x0D ,0x0A 
,0x09 ,0x53 ,0x74 ,0x61 ,0x72 ,0x74 ,0x41 ,0x74 ,0x3D ,0x31 ,0x34 ,0x0D ,0x0A ,0x09 ,0x53 ,0x69 
,0x7A ,0x65 ,0x3D ,0x33 ,0x0D ,0x0A ,0x09 ,0x44 ,0x61 ,0x74 ,0x61 ,0x54 ,0x79 ,0x70 ,0x65 ,0x3D 
,0x49 ,0x4E ,0x54 ,0x0D ,0x0A ,0x09 ,0x44 ,0x65 ,0x66 ,0x61 ,0x75 ,0x6C ,0x74 ,0x3D ,0x0D ,0x0A 
,0x09 ,0x0D ,0x0A ,0x09 ,0x5B ,0x42 ,0x52 ,0x41 ,0x4E ,0x43 ,0x48 ,0x2D ,0x4E ,0x4F ,0x5D ,0x0D 
,0x0A ,0x09 ,0x53 ,0x74 ,0x61 ,0x72 ,0x74 ,0x41 ,0x74 ,0x3D ,0x31 ,0x37 ,0x0D ,0x0A ,0x09 ,0x53 
,0x69 ,0x7A ,0x65 ,0x3D ,0x31 ,0x0D ,0x0A ,0x09 ,0x44 ,0x61 ,0x74 ,0x61 ,0x54 ,0x79 ,0x70 ,0x65 
,0x3D ,0x53 ,0x54 ,0x52 ,0x49 ,0x4E ,0x47 ,0x0D ,0x0A ,0x09 ,0x44 ,0x65 ,0x66 ,0x61 ,0x75 ,0x6C 
,0x74 ,0x3D ,0x0D ,0x0A ,0x0D ,0x0A ,0x5B ,0x50 ,0x56 ,0x43 ,0x49 ,0x44 ,0x5D ,0x0D ,0x0A ,0x53 
,0x74 ,0x61 ,0x72 ,0x74 ,0x41 ,0x74 ,0x3D ,0x31 ,0x38 ,0x0D ,0x0A ,0x53 ,0x69 ,0x7A ,0x65 ,0x3D 
,0x32 ,0x0D ,0x0A ,0x44 ,0x61 ,0x74 ,0x61 ,0x54 ,0x79 ,0x70 ,0x65 ,0x3D ,0x53 ,0x54 ,0x52 ,0x49 
,0x4E ,0x47 ,0x0D ,0x0A ,0x44 ,0x65 ,0x66 ,0x61 ,0x75 ,0x6C ,0x74 ,0x3D ,0x0D ,0x0A ,0x0D ,0x0A 
,0x5B ,0x4F ,0x72 ,0x64 ,0x65 ,0x72 ,0x49 ,0x44 ,0x5D ,0x0D ,0x0A ,0x53 ,0x74 ,0x61 ,0x72 ,0x74 
,0x41 ,0x74 ,0x3D ,0x32 ,0x30 ,0x0D ,0x0A ,0x53 ,0x69 ,0x7A ,0x65 ,0x3D ,0x35 ,0x0D ,0x0A ,0x44 
,0x61 ,0x74 ,0x61 ,0x54 ,0x79 ,0x70 ,0x65 ,0x3D ,0x53 ,0x54 ,0x52 ,0x49 ,0x4E ,0x47 ,0x0D ,0x0A 
,0x44 ,0x65 ,0x66 ,0x61 ,0x75 ,0x6C ,0x74 ,0x3D ,0x0D ,0x0A ,0x09 ,0x5B ,0x54 ,0x45 ,0x52 ,0x4D 
,0x2D ,0x49 ,0x44 ,0x5D ,0x0D ,0x0A ,0x09 ,0x53 ,0x74 ,0x61 ,0x72 ,0x74 ,0x41 ,0x74 ,0x3D ,0x32 
,0x30 ,0x0D ,0x0A ,0x09 ,0x53 ,0x69 ,0x7A ,0x65 ,0x3D ,0x31 ,0x0D ,0x0A ,0x09 ,0x44 ,0x61 ,0x74 
,0x61 ,0x54 ,0x79 ,0x70 ,0x65 ,0x3D ,0x53 ,0x54 ,0x52 ,0x49 ,0x4E ,0x47 ,0x0D ,0x0A ,0x09 ,0x44 
,0x65 ,0x66 ,0x61 ,0x75 ,0x6C ,0x74 ,0x3D ,0x0D ,0x0A ,0x09 ,0x0D ,0x0A ,0x09 ,0x5B ,0x53 ,0x45 
,0x51 ,0x2D ,0x4E ,0x4F ,0x5D ,0x0D ,0x0A ,0x09 ,0x53 ,0x74 ,0x61 ,0x72 ,0x74 ,0x41 ,0x74 ,0x3D 
,0x32 ,0x31 ,0x0D ,0x0A ,0x09 ,0x53 ,0x69 ,0x7A ,0x65 ,0x3D ,0x34 ,0x0D ,0x0A ,0x09 ,0x44 ,0x61 
,0x74 ,0x61 ,0x54 ,0x79 ,0x70 ,0x65 ,0x3D ,0x49 ,0x4E ,0x54 ,0x0D ,0x0A ,0x09 ,0x44 ,0x65 ,0x66 
,0x61 ,0x75 ,0x6C ,0x74 ,0x3D ,0x0D ,0x0A ,0x0D ,0x0A ,0x5B ,0x41 ,0x63 ,0x63 ,0x6F ,0x75 ,0x6E 
,0x74 ,0x5D ,0x0D ,0x0A ,0x53 ,0x74 ,0x61 ,0x72 ,0x74 ,0x41 ,0x74 ,0x3D ,0x32 ,0x35 ,0x0D ,0x0A 
,0x53 ,0x69 ,0x7A ,0x65 ,0x3D ,0x37 ,0x0D ,0x0A ,0x44 ,0x61 ,0x74 ,0x61 ,0x54 ,0x79 ,0x70 ,0x65 
,0x3D ,0x49 ,0x4E ,0x54 ,0x0D ,0x0A ,0x44 ,0x65 ,0x66 ,0x61 ,0x75 ,0x6C ,0x74 ,0x3D ,0x0D ,0x0A 
,0x0D ,0x0A ,0x5B ,0x53 ,0x79 ,0x6D ,0x62 ,0x6F ,0x6C ,0x5D ,0x0D ,0x0A ,0x53 ,0x74 ,0x61 ,0x72 
,0x74 ,0x41 ,0x74 ,0x3D ,0x33 ,0x32 ,0x0D ,0x0A ,0x53 ,0x69 ,0x7A ,0x65 ,0x3D ,0x36 ,0x0D ,0x0A 
,0x44 ,0x61 ,0x74 ,0x61 ,0x54 ,0x79 ,0x70 ,0x65 ,0x3D ,0x53 ,0x54 ,0x52 ,0x49 ,0x4E ,0x47 ,0x0D 
,0x0A ,0x44 ,0x65 ,0x66 ,0x61 ,0x75 ,0x6C ,0x74 ,0x3D ,0x0D ,0x0A ,0x0D ,0x0A ,0x5B ,0x53 ,0x54 
,0x4B ,0x2D ,0x53 ,0x45 ,0x51 ,0x2D ,0x4E ,0x4F ,0x5D ,0x0D ,0x0A ,0x53 ,0x74 ,0x61 ,0x72 ,0x74 
,0x41 ,0x74 ,0x3D ,0x33 ,0x38 ,0x0D ,0x0A ,0x53 ,0x69 ,0x7A ,0x65 ,0x3D ,0x32 ,0x0D ,0x0A ,0x44 
,0x61 ,0x74 ,0x61 ,0x54 ,0x79 ,0x70 ,0x65 ,0x3D ,0x49 ,0x4E ,0x54 ,0x0D ,0x0A ,0x44 ,0x65 ,0x66 
,0x61 ,0x75 ,0x6C ,0x74 ,0x3D ,0x0D ,0x0A ,0x0D ,0x0A ,0x5B ,0x50 ,0x72 ,0x69 ,0x63 ,0x65 ,0x5D 
,0x0D ,0x0A ,0x53 ,0x74 ,0x61 ,0x72 ,0x74 ,0x41 ,0x74 ,0x3D ,0x34 ,0x30 ,0x0D ,0x0A ,0x53 ,0x69 
,0x7A ,0x65 ,0x3D ,0x36 ,0x0D ,0x0A ,0x44 ,0x61 ,0x74 ,0x61 ,0x54 ,0x79 ,0x70 ,0x65 ,0x3D ,0x49 
,0x4E ,0x54 ,0x0D ,0x0A ,0x44 ,0x65 ,0x66 ,0x61 ,0x75 ,0x6C ,0x74 ,0x3D ,0x0D ,0x0A ,0x0D ,0x0A 
,0x5B ,0x51 ,0x74 ,0x79 ,0x5D ,0x0D ,0x0A ,0x53 ,0x74 ,0x61 ,0x72 ,0x74 ,0x41 ,0x74 ,0x3D ,0x34 
,0x36 ,0x0D ,0x0A ,0x53 ,0x69 ,0x7A ,0x65 ,0x3D ,0x31 ,0x32 ,0x0D ,0x0A ,0x44 ,0x61 ,0x74 ,0x61 
,0x54 ,0x79 ,0x70 ,0x65 ,0x3D ,0x49 ,0x4E ,0x54 ,0x0D ,0x0A ,0x44 ,0x65 ,0x66 ,0x61 ,0x75 ,0x6C 
,0x74 ,0x3D ,0x0D ,0x0A 
};

UInt8 RSC_OTC_E020[] = {
 0x00 ,0x00 ,0x05 ,0x9E 
,0x5B ,0x46 ,0x69 ,0x78 ,0x65 ,0x64 ,0x46 ,0x6F ,0x72 ,0x6D ,0x61 ,0x74 ,0x43 ,0x6F ,0x6E ,0x66 
,0x69 ,0x67 ,0x5D ,0x0D ,0x0A ,0x4C ,0x69 ,0x6E ,0x65 ,0x4C ,0x65 ,0x6E ,0x67 ,0x74 ,0x68 ,0x3D 
,0x31 ,0x30 ,0x36 ,0x0D ,0x0A ,0x0D ,0x0A ,0x5B ,0x53 ,0x75 ,0x62 ,0x53 ,0x79 ,0x73 ,0x74 ,0x65 
,0x6D ,0x5D ,0x0D ,0x0A ,0x53 ,0x74 ,0x61 ,0x72 ,0x74 ,0x41 ,0x74 ,0x3D ,0x30 ,0x0D ,0x0A ,0x53 
,0x69 ,0x7A ,0x65 ,0x3D ,0x32 ,0x0D ,0x0A ,0x44 ,0x61 ,0x74 ,0x61 ,0x54 ,0x79 ,0x70 ,0x65 ,0x3D 
,0x49 ,0x4E ,0x54 ,0x0D ,0x0A ,0x44 ,0x65 ,0x66 ,0x61 ,0x75 ,0x6C ,0x74 ,0x3D ,0x39 ,0x37 ,0x0D 
,0x0A ,0x0D ,0x0A ,0x5B ,0x46 ,0x75 ,0x6E ,0x63 ,0x74 ,0x69 ,0x6F ,0x6E ,0x43 ,0x6F ,0x64 ,0x65 
,0x5D ,0x0D ,0x0A ,0x53 ,0x74 ,0x61 ,0x72 ,0x74 ,0x41 ,0x74 ,0x3D ,0x32 ,0x0D ,0x0A ,0x53 ,0x69 
,0x7A ,0x65 ,0x3D ,0x32 ,0x0D ,0x0A ,0x44 ,0x61 ,0x74 ,0x61 ,0x54 ,0x79 ,0x70 ,0x65 ,0x3D ,0x49 
,0x4E ,0x54 ,0x0D ,0x0A ,0x44 ,0x65 ,0x66 ,0x61 ,0x75 ,0x6C ,0x74 ,0x3D ,0x0D ,0x0A ,0x0D ,0x0A 
,0x5B ,0x4D ,0x65 ,0x73 ,0x73 ,0x61 ,0x67 ,0x65 ,0x54 ,0x79 ,0x70 ,0x65 ,0x5D ,0x0D ,0x0A ,0x53 
,0x74 ,0x61 ,0x72 ,0x74 ,0x41 ,0x74 ,0x3D ,0x34 ,0x0D ,0x0A ,0x53 ,0x69 ,0x7A ,0x65 ,0x3D ,0x32 
,0x0D ,0x0A ,0x44 ,0x61 ,0x74 ,0x61 ,0x54 ,0x79 ,0x70 ,0x65 ,0x3D ,0x49 ,0x4E ,0x54 ,0x0D ,0x0A 
,0x44 ,0x65 ,0x66 ,0x61 ,0x75 ,0x6C ,0x74 ,0x3D ,0x30 ,0x31 ,0x0D ,0x0A ,0x0D ,0x0A ,0x5B ,0x4D 
,0x65 ,0x73 ,0x73 ,0x61 ,0x67 ,0x65 ,0x54 ,0x69 ,0x6D ,0x65 ,0x5D ,0x0D ,0x0A ,0x53 ,0x74 ,0x61 
,0x72 ,0x74 ,0x41 ,0x74 ,0x3D ,0x36 ,0x0D ,0x0A ,0x53 ,0x69 ,0x7A ,0x65 ,0x3D ,0x36 ,0x0D ,0x0A 
,0x44 ,0x61 ,0x74 ,0x61 ,0x54 ,0x79 ,0x70 ,0x65 ,0x3D ,0x49 ,0x4E ,0x54 ,0x0D ,0x0A ,0x44 ,0x65 
,0x66 ,0x61 ,0x75 ,0x6C ,0x74 ,0x3D ,0x0D ,0x0A ,0x0D ,0x0A ,0x5B ,0x53 ,0x74 ,0x61 ,0x74 ,0x75 
,0x73 ,0x43 ,0x6F ,0x64 ,0x65 ,0x5D ,0x0D ,0x0A ,0x53 ,0x74 ,0x61 ,0x72 ,0x74 ,0x41 ,0x74 ,0x3D 
,0x31 ,0x32 ,0x0D ,0x0A ,0x53 ,0x69 ,0x7A ,0x65 ,0x3D ,0x32 ,0x0D ,0x0A ,0x44 ,0x61 ,0x74 ,0x61 
,0x54 ,0x79 ,0x70 ,0x65 ,0x3D ,0x49 ,0x4E ,0x54 ,0x0D ,0x0A ,0x44 ,0x65 ,0x66 ,0x61 ,0x75 ,0x6C 
,0x74 ,0x3D ,0x30 ,0x30 ,0x0D ,0x0A ,0x0D ,0x0A ,0x5B ,0x42 ,0x72 ,0x6F ,0x6B ,0x65 ,0x72 ,0x49 
,0x44 ,0x5D ,0x0D ,0x0A ,0x53 ,0x74 ,0x61 ,0x72 ,0x74 ,0x41 ,0x74 ,0x3D ,0x31 ,0x34 ,0x0D ,0x0A 
,0x53 ,0x69 ,0x7A ,0x65 ,0x3D ,0x34 ,0x0D ,0x0A ,0x44 ,0x61 ,0x74 ,0x61 ,0x54 ,0x79 ,0x70 ,0x65 
,0x3D ,0x53 ,0x54 ,0x52 ,0x49 ,0x4E ,0x47 ,0x0D ,0x0A ,0x44 ,0x65 ,0x66 ,0x61 ,0x75 ,0x6C ,0x74 
,0x3D ,0x0D ,0x0A ,0x09 ,0x5B ,0x42 ,0x52 ,0x4F ,0x4B ,0x45 ,0x52 ,0x2D ,0x4E ,0x4F ,0x5D ,0x0D 
,0x0A ,0x09 ,0x53 ,0x74 ,0x61 ,0x72 ,0x74 ,0x41 ,0x74 ,0x3D ,0x31 ,0x34 ,0x0D ,0x0A ,0x09 ,0x53 
,0x69 ,0x7A ,0x65 ,0x3D ,0x33 ,0x0D ,0x0A ,0x09 ,0x44 ,0x61 ,0x74 ,0x61 ,0x54 ,0x79 ,0x70 ,0x65 
,0x3D ,0x49 ,0x4E ,0x54 ,0x0D ,0x0A ,0x09 ,0x44 ,0x65 ,0x66 ,0x61 ,0x75 ,0x6C ,0x74 ,0x3D ,0x0D 
,0x0A ,0x09 ,0x0D ,0x0A ,0x09 ,0x5B ,0x42 ,0x52 ,0x41 ,0x4E ,0x43 ,0x48 ,0x2D ,0x4E ,0x4F ,0x5D 
,0x0D ,0x0A ,0x09 ,0x53 ,0x74 ,0x61 ,0x72 ,0x74 ,0x41 ,0x74 ,0x3D ,0x31 ,0x37 ,0x0D ,0x0A ,0x09 
,0x53 ,0x69 ,0x7A ,0x65 ,0x3D ,0x31 ,0x0D ,0x0A ,0x09 ,0x44 ,0x61 ,0x74 ,0x61 ,0x54 ,0x79 ,0x70 
,0x65 ,0x3D ,0x53 ,0x54 ,0x52 ,0x49 ,0x4E ,0x47 ,0x0D ,0x0A ,0x09 ,0x44 ,0x65 ,0x66 ,0x61 ,0x75 
,0x6C ,0x74 ,0x3D ,0x0D ,0x0A ,0x0D ,0x0A ,0x5B ,0x50 ,0x56 ,0x43 ,0x49 ,0x44 ,0x5D ,0x0D ,0x0A 
,0x53 ,0x74 ,0x61 ,0x72 ,0x74 ,0x41 ,0x74 ,0x3D ,0x31 ,0x38 ,0x0D ,0x0A ,0x53 ,0x69 ,0x7A ,0x65 
,0x3D ,0x32 ,0x0D ,0x0A ,0x44 ,0x61 ,0x74 ,0x61 ,0x54 ,0x79 ,0x70 ,0x65 ,0x3D ,0x53 ,0x54 ,0x52 
,0x49 ,0x4E ,0x47 ,0x0D ,0x0A ,0x44 ,0x65 ,0x66 ,0x61 ,0x75 ,0x6C ,0x74 ,0x3D ,0x0D ,0x0A ,0x0D 
,0x0A ,0x5B ,0x4F ,0x72 ,0x64 ,0x65 ,0x72 ,0x49 ,0x44 ,0x5D ,0x0D ,0x0A ,0x53 ,0x74 ,0x61 ,0x72 
,0x74 ,0x41 ,0x74 ,0x3D ,0x32 ,0x30 ,0x0D ,0x0A ,0x53 ,0x69 ,0x7A ,0x65 ,0x3D ,0x35 ,0x0D ,0x0A 
,0x44 ,0x61 ,0x74 ,0x61 ,0x54 ,0x79 ,0x70 ,0x65 ,0x3D ,0x53 ,0x54 ,0x52 ,0x49 ,0x4E ,0x47 ,0x0D 
,0x0A ,0x44 ,0x65 ,0x66 ,0x61 ,0x75 ,0x6C ,0x74 ,0x3D ,0x0D ,0x0A ,0x09 ,0x5B ,0x54 ,0x45 ,0x52 
,0x4D ,0x2D ,0x49 ,0x44 ,0x5D ,0x0D ,0x0A ,0x09 ,0x53 ,0x74 ,0x61 ,0x72 ,0x74 ,0x41 ,0x74 ,0x3D 
,0x32 ,0x30 ,0x0D ,0x0A ,0x09 ,0x53 ,0x69 ,0x7A ,0x65 ,0x3D ,0x31 ,0x0D ,0x0A ,0x09 ,0x44 ,0x61 
,0x74 ,0x61 ,0x54 ,0x79 ,0x70 ,0x65 ,0x3D ,0x53 ,0x54 ,0x52 ,0x49 ,0x4E ,0x47 ,0x0D ,0x0A ,0x09 
,0x44 ,0x65 ,0x66 ,0x61 ,0x75 ,0x6C ,0x74 ,0x3D ,0x0D ,0x0A ,0x09 ,0x0D ,0x0A ,0x09 ,0x5B ,0x53 
,0x45 ,0x51 ,0x2D ,0x4E ,0x4F ,0x5D ,0x0D ,0x0A ,0x09 ,0x53 ,0x74 ,0x61 ,0x72 ,0x74 ,0x41 ,0x74 
,0x3D ,0x32 ,0x31 ,0x0D ,0x0A ,0x09 ,0x53 ,0x69 ,0x7A ,0x65 ,0x3D ,0x34 ,0x0D ,0x0A ,0x09 ,0x44 
,0x61 ,0x74 ,0x61 ,0x54 ,0x79 ,0x70 ,0x65 ,0x3D ,0x49 ,0x4E ,0x54 ,0x0D ,0x0A ,0x09 ,0x44 ,0x65 
,0x66 ,0x61 ,0x75 ,0x6C ,0x74 ,0x3D ,0x0D ,0x0A ,0x0D ,0x0A ,0x5B ,0x41 ,0x63 ,0x63 ,0x6F ,0x75 
,0x6E ,0x74 ,0x5D ,0x0D ,0x0A ,0x53 ,0x74 ,0x61 ,0x72 ,0x74 ,0x41 ,0x74 ,0x3D ,0x32 ,0x35 ,0x0D 
,0x0A ,0x53 ,0x69 ,0x7A ,0x65 ,0x3D ,0x37 ,0x0D ,0x0A ,0x44 ,0x61 ,0x74 ,0x61 ,0x54 ,0x79 ,0x70 
,0x65 ,0x3D ,0x49 ,0x4E ,0x54 ,0x0D ,0x0A ,0x44 ,0x65 ,0x66 ,0x61 ,0x75 ,0x6C ,0x74 ,0x3D ,0x0D 
,0x0A ,0x0D ,0x0A ,0x5B ,0x53 ,0x79 ,0x6D ,0x62 ,0x6F ,0x6C ,0x5D ,0x0D ,0x0A ,0x53 ,0x74 ,0x61 
,0x72 ,0x74 ,0x41 ,0x74 ,0x3D ,0x33 ,0x32 ,0x0D ,0x0A ,0x53 ,0x69 ,0x7A ,0x65 ,0x3D ,0x36 ,0x0D 
,0x0A ,0x44 ,0x61 ,0x74 ,0x61 ,0x54 ,0x79 ,0x70 ,0x65 ,0x3D ,0x53 ,0x54 ,0x52 ,0x49 ,0x4E ,0x47 
,0x0D ,0x0A ,0x44 ,0x65 ,0x66 ,0x61 ,0x75 ,0x6C ,0x74 ,0x3D ,0x0D ,0x0A ,0x0D ,0x0A ,0x5B ,0x53 
,0x54 ,0x4B ,0x2D ,0x53 ,0x45 ,0x51 ,0x2D ,0x4E ,0x4F ,0x5D ,0x0D ,0x0A ,0x53 ,0x74 ,0x61 ,0x72 
,0x74 ,0x41 ,0x74 ,0x3D ,0x33 ,0x38 ,0x0D ,0x0A ,0x53 ,0x69 ,0x7A ,0x65 ,0x3D ,0x32 ,0x0D ,0x0A 
,0x44 ,0x61 ,0x74 ,0x61 ,0x54 ,0x79 ,0x70 ,0x65 ,0x3D ,0x49 ,0x4E ,0x54 ,0x0D ,0x0A ,0x44 ,0x65 
,0x66 ,0x61 ,0x75 ,0x6C ,0x74 ,0x3D ,0x0D ,0x0A ,0x0D ,0x0A ,0x5B ,0x50 ,0x72 ,0x69 ,0x63 ,0x65 
,0x5D ,0x0D ,0x0A ,0x53 ,0x74 ,0x61 ,0x72 ,0x74 ,0x41 ,0x74 ,0x3D ,0x34 ,0x30 ,0x0D ,0x0A ,0x53 
,0x69 ,0x7A ,0x65 ,0x3D ,0x36 ,0x0D ,0x0A ,0x44 ,0x61 ,0x74 ,0x61 ,0x54 ,0x79 ,0x70 ,0x65 ,0x3D 
,0x49 ,0x4E ,0x54 ,0x0D ,0x0A ,0x44 ,0x65 ,0x66 ,0x61 ,0x75 ,0x6C ,0x74 ,0x3D ,0x0D ,0x0A ,0x0D 
,0x0A ,0x5B ,0x51 ,0x74 ,0x79 ,0x5D ,0x0D ,0x0A ,0x53 ,0x74 ,0x61 ,0x72 ,0x74 ,0x41 ,0x74 ,0x3D 
,0x34 ,0x36 ,0x0D ,0x0A ,0x53 ,0x69 ,0x7A ,0x65 ,0x3D ,0x31 ,0x32 ,0x0D ,0x0A ,0x44 ,0x61 ,0x74 
,0x61 ,0x54 ,0x79 ,0x70 ,0x65 ,0x3D ,0x49 ,0x4E ,0x54 ,0x0D ,0x0A ,0x44 ,0x65 ,0x66 ,0x61 ,0x75 
,0x6C ,0x74 ,0x3D ,0x0D ,0x0A ,0x0D ,0x0A ,0x5B ,0x4F ,0x52 ,0x44 ,0x45 ,0x52 ,0x2D ,0x44 ,0x41 
,0x54 ,0x45 ,0x5D ,0x0D ,0x0A ,0x53 ,0x74 ,0x61 ,0x72 ,0x74 ,0x41 ,0x74 ,0x3D ,0x35 ,0x38 ,0x0D 
,0x0A ,0x53 ,0x69 ,0x7A ,0x65 ,0x3D ,0x36 ,0x0D ,0x0A ,0x44 ,0x61 ,0x74 ,0x61 ,0x54 ,0x79 ,0x70 
,0x65 ,0x3D ,0x49 ,0x4E ,0x54 ,0x0D ,0x0A ,0x44 ,0x65 ,0x66 ,0x61 ,0x75 ,0x6C ,0x74 ,0x3D ,0x0D 
,0x0A ,0x0D ,0x0A ,0x5B ,0x4F ,0x52 ,0x44 ,0x45 ,0x52 ,0x2D ,0x54 ,0x49 ,0x4D ,0x45 ,0x5D ,0x0D 
,0x0A ,0x53 ,0x74 ,0x61 ,0x72 ,0x74 ,0x41 ,0x74 ,0x3D ,0x36 ,0x34 ,0x0D ,0x0A ,0x53 ,0x69 ,0x7A 
,0x65 ,0x3D ,0x36 ,0x0D ,0x0A ,0x44 ,0x61 ,0x74 ,0x61 ,0x54 ,0x79 ,0x70 ,0x65 ,0x3D ,0x49 ,0x4E 
,0x54 ,0x0D ,0x0A ,0x44 ,0x65 ,0x66 ,0x61 ,0x75 ,0x6C ,0x74 ,0x3D ,0x0D ,0x0A ,0x0D ,0x0A ,0x5B 
,0x42 ,0x45 ,0x46 ,0x4F ,0x52 ,0x45 ,0x2D ,0x51 ,0x55 ,0x41 ,0x4E ,0x54 ,0x49 ,0x54 ,0x59 ,0x5D 
,0x0D ,0x0A ,0x53 ,0x74 ,0x61 ,0x72 ,0x74 ,0x41 ,0x74 ,0x3D ,0x37 ,0x30 ,0x0D ,0x0A ,0x53 ,0x69 
,0x7A ,0x65 ,0x3D ,0x31 ,0x32 ,0x0D ,0x0A ,0x44 ,0x61 ,0x74 ,0x61 ,0x54 ,0x79 ,0x70 ,0x65 ,0x3D 
,0x49 ,0x4E ,0x54 ,0x0D ,0x0A ,0x44 ,0x65 ,0x66 ,0x61 ,0x75 ,0x6C ,0x74 ,0x3D ,0x0D ,0x0A ,0x0D 
,0x0A ,0x5B ,0x41 ,0x46 ,0x54 ,0x45 ,0x52 ,0x2D ,0x51 ,0x55 ,0x41 ,0x4E ,0x54 ,0x49 ,0x54 ,0x59 
,0x5D ,0x0D ,0x0A ,0x53 ,0x74 ,0x61 ,0x72 ,0x74 ,0x41 ,0x74 ,0x3D ,0x38 ,0x32 ,0x0D ,0x0A ,0x53 
,0x69 ,0x7A ,0x65 ,0x3D ,0x31 ,0x32 ,0x0D ,0x0A ,0x44 ,0x61 ,0x74 ,0x61 ,0x54 ,0x79 ,0x70 ,0x65 
,0x3D ,0x49 ,0x4E ,0x54 ,0x0D ,0x0A ,0x44 ,0x65 ,0x66 ,0x61 ,0x75 ,0x6C ,0x74 ,0x3D ,0x0D ,0x0A 
,0x0D ,0x0A ,0x5B ,0x42 ,0x45 ,0x46 ,0x4F ,0x52 ,0x45 ,0x2D ,0x50 ,0x52 ,0x49 ,0x43 ,0x45 ,0x5D 
,0x0D ,0x0A ,0x53 ,0x74 ,0x61 ,0x72 ,0x74 ,0x41 ,0x74 ,0x3D ,0x39 ,0x34 ,0x0D ,0x0A ,0x53 ,0x69 
,0x7A ,0x65 ,0x3D ,0x36 ,0x0D ,0x0A ,0x44 ,0x61 ,0x74 ,0x61 ,0x54 ,0x79 ,0x70 ,0x65 ,0x3D ,0x49 
,0x4E ,0x54 ,0x0D ,0x0A ,0x44 ,0x65 ,0x66 ,0x61 ,0x75 ,0x6C ,0x74 ,0x3D ,0x0D ,0x0A ,0x0D ,0x0A 
,0x5B ,0x41 ,0x46 ,0x54 ,0x45 ,0x52 ,0x2D ,0x50 ,0x52 ,0x49 ,0x43 ,0x45 ,0x5D ,0x0D ,0x0A ,0x53 
,0x74 ,0x61 ,0x72 ,0x74 ,0x41 ,0x74 ,0x3D ,0x31 ,0x30 ,0x30 ,0x0D ,0x0A ,0x53 ,0x69 ,0x7A ,0x65 
,0x3D ,0x36 ,0x0D ,0x0A ,0x44 ,0x61 ,0x74 ,0x61 ,0x54 ,0x79 ,0x70 ,0x65 ,0x3D ,0x49 ,0x4E ,0x54 
,0x0D ,0x0A ,0x44 ,0x65 ,0x66 ,0x61 ,0x75 ,0x6C ,0x74 ,0x3D ,0x0D ,0x0A ,0x0D ,0x0A 
};

UInt8 RSC_ERROR_ENG[] = {
 0x00 ,0x00 ,0x08 ,0xD4 
,0x5B ,0x54 ,0x41 ,0x49 ,0x46 ,0x45 ,0x58 ,0x5D ,0x0D ,0x0A ,0x30 ,0x30 ,0x3D ,0x53 ,0x75 ,0x63 
,0x63 ,0x65 ,0x65 ,0x64 ,0x0D ,0x0A ,0x30 ,0x31 ,0x3D ,0x54 ,0x72 ,0x61 ,0x64 ,0x69 ,0x6E ,0x67 
,0x20 ,0x74 ,0x69 ,0x6D ,0x65 ,0x20 ,0x6F ,0x76 ,0x65 ,0x72 ,0x0D ,0x0A ,0x30 ,0x32 ,0x3D ,0x4F 
,0x72 ,0x64 ,0x65 ,0x72 ,0x20 ,0x61 ,0x63 ,0x63 ,0x65 ,0x70 ,0x74 ,0x61 ,0x6E ,0x63 ,0x65 ,0x20 
,0x6E ,0x6F ,0x74 ,0x20 ,0x79 ,0x65 ,0x74 ,0x20 ,0x73 ,0x74 ,0x61 ,0x72 ,0x74 ,0x65 ,0x64 ,0x20 
,0x6F ,0x72 ,0x20 ,0x6F ,0x72 ,0x64 ,0x65 ,0x72 ,0x20 ,0x6E ,0x6F ,0x74 ,0x20 ,0x79 ,0x65 ,0x74 
,0x20 ,0x61 ,0x63 ,0x63 ,0x65 ,0x70 ,0x74 ,0x65 ,0x64 ,0x0D ,0x0A ,0x30 ,0x33 ,0x3D ,0x50 ,0x72 
,0x69 ,0x63 ,0x65 ,0x20 ,0x71 ,0x75 ,0x6F ,0x74 ,0x65 ,0x20 ,0x6E ,0x6F ,0x74 ,0x20 ,0x79 ,0x65 
,0x74 ,0x20 ,0x61 ,0x63 ,0x63 ,0x65 ,0x70 ,0x74 ,0x65 ,0x64 ,0x0D ,0x0A ,0x30 ,0x34 ,0x3D ,0x49 
,0x6E ,0x20 ,0x70 ,0x72 ,0x6F ,0x63 ,0x65 ,0x73 ,0x73 ,0x69 ,0x6E ,0x67 ,0x2C ,0x20 ,0x6E ,0x6F 
,0x20 ,0x6F ,0x72 ,0x64 ,0x65 ,0x72 ,0x20 ,0x61 ,0x63 ,0x63 ,0x65 ,0x70 ,0x74 ,0x65 ,0x64 ,0x20 
,0x66 ,0x6F ,0x72 ,0x20 ,0x74 ,0x68 ,0x65 ,0x20 ,0x74 ,0x69 ,0x6D ,0x65 ,0x20 ,0x62 ,0x65 ,0x69 
,0x6E ,0x67 ,0x0D ,0x0A ,0x30 ,0x35 ,0x3D ,0x4E ,0x6F ,0x20 ,0x73 ,0x75 ,0x63 ,0x68 ,0x20 ,0x6F 
,0x72 ,0x64 ,0x65 ,0x72 ,0x20 ,0x6E ,0x6F ,0x2E ,0x0D ,0x0A ,0x30 ,0x36 ,0x3D ,0x4F ,0x72 ,0x64 
,0x65 ,0x72 ,0x20 ,0x6F ,0x72 ,0x20 ,0x71 ,0x75 ,0x6F ,0x74 ,0x65 ,0x20 ,0x66 ,0x69 ,0x6C ,0x6C 
,0x65 ,0x64 ,0x0D ,0x0A ,0x30 ,0x37 ,0x3D ,0x4F ,0x72 ,0x64 ,0x65 ,0x72 ,0x20 ,0x6F ,0x72 ,0x20 
,0x71 ,0x75 ,0x6F ,0x74 ,0x65 ,0x20 ,0x63 ,0x61 ,0x6E ,0x63 ,0x65 ,0x6C ,0x6C ,0x65 ,0x64 ,0x0D 
,0x0A ,0x30 ,0x38 ,0x3D ,0x53 ,0x74 ,0x6F ,0x70 ,0x20 ,0x6F ,0x72 ,0x64 ,0x65 ,0x72 ,0x0D ,0x0A 
,0x30 ,0x39 ,0x3D ,0x4F ,0x72 ,0x64 ,0x65 ,0x72 ,0x20 ,0x6C ,0x69 ,0x6D ,0x69 ,0x74 ,0x0D ,0x0A 
,0x31 ,0x30 ,0x3D ,0x4F ,0x72 ,0x64 ,0x65 ,0x72 ,0x20 ,0x6E ,0x6F ,0x74 ,0x20 ,0x69 ,0x6E ,0x20 
,0x74 ,0x68 ,0x65 ,0x20 ,0x62 ,0x6F ,0x6F ,0x6B ,0x3B ,0x20 ,0x63 ,0x61 ,0x6E ,0x63 ,0x65 ,0x6C 
,0x20 ,0x6F ,0x72 ,0x20 ,0x64 ,0x65 ,0x63 ,0x72 ,0x65 ,0x61 ,0x73 ,0x65 ,0x20 ,0x6E ,0x6F ,0x74 
,0x20 ,0x61 ,0x6C ,0x6C ,0x6F ,0x77 ,0x65 ,0x64 ,0x0D ,0x0A ,0x31 ,0x31 ,0x3D ,0x66 ,0x75 ,0x6E 
,0x63 ,0x74 ,0x69 ,0x6F ,0x6E ,0x2D ,0x63 ,0x6F ,0x64 ,0x65 ,0x20 ,0x65 ,0x72 ,0x72 ,0x6F ,0x72 
,0x0D ,0x0A ,0x31 ,0x32 ,0x3D ,0x42 ,0x72 ,0x6F ,0x6B ,0x65 ,0x72 ,0x20 ,0x49 ,0x44 ,0x20 ,0x65 
,0x72 ,0x72 ,0x6F ,0x72 ,0x0D ,0x0A ,0x31 ,0x33 ,0x3D ,0x42 ,0x72 ,0x61 ,0x6E ,0x63 ,0x68 ,0x20 
,0x4E ,0x6F ,0x2E ,0x20 ,0x65 ,0x72 ,0x72 ,0x6F ,0x72 ,0x0D ,0x0A ,0x31 ,0x34 ,0x3D ,0x49 ,0x6E 
,0x76 ,0x65 ,0x73 ,0x74 ,0x6F ,0x72 ,0x20 ,0x41 ,0x63 ,0x63 ,0x74 ,0x20 ,0x4E ,0x6F ,0x2E ,0x20 
,0x65 ,0x72 ,0x72 ,0x6F ,0x72 ,0x0D ,0x0A ,0x31 ,0x35 ,0x3D ,0x49 ,0x6E ,0x76 ,0x65 ,0x73 ,0x74 
,0x6F ,0x72 ,0x20 ,0x49 ,0x44 ,0x20 ,0x63 ,0x6F ,0x64 ,0x65 ,0x20 ,0x65 ,0x72 ,0x72 ,0x6F ,0x72 
,0x0D ,0x0A ,0x31 ,0x37 ,0x3D ,0x44 ,0x75 ,0x70 ,0x6C ,0x69 ,0x63 ,0x61 ,0x74 ,0x65 ,0x20 ,0x6F 
,0x72 ,0x64 ,0x65 ,0x72 ,0x20 ,0x4E ,0x6F ,0x2E ,0x20 ,0x6F ,0x72 ,0x20 ,0x71 ,0x75 ,0x6F ,0x74 
,0x65 ,0x20 ,0x4E ,0x6F ,0x2E ,0x0D ,0x0A ,0x31 ,0x38 ,0x3D ,0x4F ,0x72 ,0x64 ,0x65 ,0x72 ,0x20 
,0x4E ,0x6F ,0x2E ,0x20 ,0x6F ,0x72 ,0x20 ,0x71 ,0x75 ,0x6F ,0x74 ,0x65 ,0x20 ,0x4E ,0x6F ,0x2E 
,0x20 ,0x65 ,0x72 ,0x72 ,0x6F ,0x72 ,0x0D ,0x0A ,0x32 ,0x30 ,0x3D ,0x50 ,0x72 ,0x6F ,0x64 ,0x75 
,0x63 ,0x74 ,0x20 ,0x49 ,0x44 ,0x20 ,0x65 ,0x72 ,0x72 ,0x6F ,0x72 ,0x0D ,0x0A ,0x32 ,0x31 ,0x3D 
,0x45 ,0x78 ,0x63 ,0x65 ,0x65 ,0x64 ,0x69 ,0x6E ,0x67 ,0x20 ,0x70 ,0x72 ,0x69 ,0x63 ,0x65 ,0x20 
,0x6C ,0x69 ,0x6D ,0x69 ,0x74 ,0x0D ,0x0A ,0x32 ,0x32 ,0x3D ,0x4F ,0x72 ,0x64 ,0x65 ,0x72 ,0x20 
,0x71 ,0x75 ,0x61 ,0x6E ,0x74 ,0x69 ,0x74 ,0x79 ,0x20 ,0x65 ,0x72 ,0x72 ,0x6F ,0x72 ,0x0D ,0x0A 
,0x32 ,0x33 ,0x3D ,0x51 ,0x75 ,0x6F ,0x74 ,0x65 ,0x20 ,0x72 ,0x65 ,0x71 ,0x75 ,0x65 ,0x73 ,0x74 
,0x20 ,0x6E ,0x6F ,0x74 ,0x20 ,0x61 ,0x63 ,0x63 ,0x65 ,0x70 ,0x74 ,0x65 ,0x64 ,0x20 ,0x79 ,0x65 
,0x74 ,0x0D ,0x0A ,0x32 ,0x34 ,0x3D ,0x42 ,0x75 ,0x79 ,0x2D ,0x73 ,0x65 ,0x6C ,0x6C ,0x20 ,0x65 
,0x72 ,0x72 ,0x6F ,0x72 ,0x0D ,0x0A ,0x32 ,0x35 ,0x3D ,0x4F ,0x72 ,0x64 ,0x65 ,0x72 ,0x20 ,0x74 
,0x79 ,0x70 ,0x65 ,0x20 ,0x65 ,0x72 ,0x72 ,0x6F ,0x72 ,0x0D ,0x0A ,0x32 ,0x36 ,0x3D ,0x4F ,0x72 
,0x64 ,0x65 ,0x72 ,0x20 ,0x74 ,0x79 ,0x70 ,0x65 ,0x20 ,0x61 ,0x6E ,0x64 ,0x20 ,0x70 ,0x72 ,0x69 
,0x63 ,0x65 ,0x20 ,0x6E ,0x6F ,0x74 ,0x20 ,0x6D ,0x61 ,0x74 ,0x63 ,0x68 ,0x65 ,0x64 ,0x0D ,0x0A 
,0x32 ,0x37 ,0x3D ,0x4F ,0x72 ,0x64 ,0x65 ,0x72 ,0x20 ,0x63 ,0x6F ,0x6E ,0x64 ,0x69 ,0x74 ,0x69 
,0x6F ,0x6E ,0x20 ,0x65 ,0x72 ,0x72 ,0x6F ,0x72 ,0x0D ,0x0A ,0x32 ,0x38 ,0x3D ,0x4F ,0x70 ,0x65 
,0x6E ,0x2D ,0x6F ,0x66 ,0x66 ,0x73 ,0x65 ,0x74 ,0x20 ,0x65 ,0x72 ,0x72 ,0x6F ,0x72 ,0x0D ,0x0A 
,0x32 ,0x39 ,0x3D ,0x50 ,0x72 ,0x69 ,0x63 ,0x65 ,0x20 ,0x61 ,0x6E ,0x64 ,0x20 ,0x74 ,0x69 ,0x63 
,0x6B ,0x20 ,0x73 ,0x69 ,0x7A ,0x65 ,0x20 ,0x6E ,0x6F ,0x74 ,0x20 ,0x6D ,0x61 ,0x74 ,0x63 ,0x68 
,0x65 ,0x64 ,0x0D ,0x0A ,0x33 ,0x30 ,0x3D ,0x50 ,0x72 ,0x6F ,0x64 ,0x75 ,0x63 ,0x74 ,0x20 ,0x65 
,0x78 ,0x70 ,0x69 ,0x72 ,0x65 ,0x64 ,0x0D ,0x0A ,0x33 ,0x31 ,0x3D ,0x42 ,0x72 ,0x6F ,0x6B ,0x65 
,0x72 ,0x20 ,0x49 ,0x44 ,0x2C ,0x20 ,0x70 ,0x72 ,0x6F ,0x64 ,0x75 ,0x63 ,0x74 ,0x20 ,0x63 ,0x61 
,0x74 ,0x65 ,0x67 ,0x6F ,0x72 ,0x79 ,0x2C ,0x61 ,0x6E ,0x64 ,0x20 ,0x6D ,0x61 ,0x72 ,0x6B ,0x65 
,0x74 ,0x20 ,0x6D ,0x61 ,0x6B ,0x65 ,0x72 ,0x27 ,0x73 ,0x20 ,0x61 ,0x63 ,0x63 ,0x6F ,0x75 ,0x6E 
,0x74 ,0x20 ,0x6E ,0x6F ,0x2E ,0x20 ,0x69 ,0x6E ,0x63 ,0x6F ,0x6E ,0x73 ,0x69 ,0x73 ,0x74 ,0x65 
,0x6E ,0x74 ,0x0D ,0x0A ,0x33 ,0x32 ,0x3D ,0x44 ,0x65 ,0x63 ,0x72 ,0x65 ,0x61 ,0x73 ,0x65 ,0x20 
,0x73 ,0x75 ,0x63 ,0x63 ,0x65 ,0x73 ,0x73 ,0x66 ,0x75 ,0x6C ,0x2C ,0x20 ,0x62 ,0x75 ,0x74 ,0x20 
,0x74 ,0x68 ,0x65 ,0x20 ,0x63 ,0x68 ,0x61 ,0x6E ,0x67 ,0x65 ,0x20 ,0x69 ,0x73 ,0x20 ,0x67 ,0x72 
,0x65 ,0x61 ,0x74 ,0x65 ,0x72 ,0x20 ,0x74 ,0x68 ,0x61 ,0x6E ,0x20 ,0x6F ,0x72 ,0x69 ,0x67 ,0x69 
,0x6E ,0x61 ,0x6C ,0x20 ,0x6F ,0x72 ,0x64 ,0x65 ,0x72 ,0x20 ,0x71 ,0x75 ,0x61 ,0x6E ,0x74 ,0x69 
,0x74 ,0x79 ,0x0D ,0x0A ,0x33 ,0x33 ,0x3D ,0x51 ,0x75 ,0x6F ,0x74 ,0x65 ,0x64 ,0x20 ,0x62 ,0x69 
,0x64 ,0x2F ,0x61 ,0x73 ,0x6B ,0x20 ,0x70 ,0x72 ,0x69 ,0x63 ,0x65 ,0x20 ,0x6D ,0x61 ,0x79 ,0x20 
,0x6E ,0x6F ,0x74 ,0x20 ,0x65 ,0x78 ,0x63 ,0x65 ,0x65 ,0x64 ,0x20 ,0x74 ,0x68 ,0x65 ,0x20 ,0x73 
,0x70 ,0x72 ,0x65 ,0x61 ,0x64 ,0x20 ,0x6C ,0x69 ,0x6D ,0x69 ,0x74 ,0x20 ,0x6F ,0x66 ,0x20 ,0x74 
,0x68 ,0x65 ,0x20 ,0x70 ,0x72 ,0x6F ,0x64 ,0x75 ,0x63 ,0x74 ,0x0D ,0x0A ,0x33 ,0x34 ,0x3D ,0x42 
,0x69 ,0x64 ,0x20 ,0x70 ,0x72 ,0x69 ,0x63 ,0x65 ,0x20 ,0x65 ,0x78 ,0x63 ,0x65 ,0x65 ,0x64 ,0x69 
,0x6E ,0x67 ,0x20 ,0x61 ,0x73 ,0x6B ,0x20 ,0x70 ,0x72 ,0x69 ,0x63 ,0x65 ,0x0D ,0x0A ,0x33 ,0x35 
,0x3D ,0x44 ,0x65 ,0x63 ,0x72 ,0x65 ,0x61 ,0x73 ,0x65 ,0x20 ,0x6F ,0x66 ,0x20 ,0x74 ,0x77 ,0x6F 
,0x2D ,0x77 ,0x61 ,0x79 ,0x20 ,0x71 ,0x75 ,0x6F ,0x74 ,0x65 ,0x20 ,0x69 ,0x73 ,0x20 ,0x6C ,0x65 
,0x73 ,0x73 ,0x20 ,0x74 ,0x68 ,0x61 ,0x6E ,0x20 ,0x74 ,0x68 ,0x65 ,0x20 ,0x6D ,0x69 ,0x6E ,0x69 
,0x6D ,0x75 ,0x6D ,0x20 ,0x71 ,0x75 ,0x61 ,0x6E ,0x74 ,0x69 ,0x74 ,0x79 ,0x20 ,0x6C ,0x69 ,0x6D 
,0x69 ,0x74 ,0x0D ,0x0A ,0x33 ,0x36 ,0x3D ,0x44 ,0x65 ,0x63 ,0x72 ,0x65 ,0x61 ,0x73 ,0x65 ,0x20 
,0x6F ,0x66 ,0x20 ,0x6F ,0x6E ,0x65 ,0x2D ,0x77 ,0x61 ,0x79 ,0x20 ,0x71 ,0x75 ,0x6F ,0x74 ,0x65 
,0x20 ,0x69 ,0x73 ,0x20 ,0x6C ,0x65 ,0x73 ,0x73 ,0x20 ,0x74 ,0x68 ,0x61 ,0x6E ,0x20 ,0x74 ,0x68 
,0x65 ,0x20 ,0x6D ,0x69 ,0x6E ,0x69 ,0x6D ,0x75 ,0x6D ,0x20 ,0x71 ,0x75 ,0x61 ,0x6E ,0x74 ,0x69 
,0x74 ,0x79 ,0x20 ,0x6C ,0x69 ,0x6D ,0x69 ,0x74 ,0x0D ,0x0A ,0x33 ,0x37 ,0x3D ,0x51 ,0x75 ,0x6F 
,0x74 ,0x65 ,0x20 ,0x72 ,0x65 ,0x71 ,0x75 ,0x65 ,0x73 ,0x74 ,0x20 ,0x61 ,0x6C ,0x72 ,0x65 ,0x61 
,0x64 ,0x79 ,0x20 ,0x70 ,0x72 ,0x65 ,0x73 ,0x65 ,0x6E ,0x74 ,0x3B ,0x6E ,0x65 ,0x77 ,0x20 ,0x69 
,0x6E ,0x71 ,0x75 ,0x69 ,0x72 ,0x79 ,0x20 ,0x6E ,0x6F ,0x74 ,0x20 ,0x61 ,0x63 ,0x63 ,0x65 ,0x70 
,0x74 ,0x65 ,0x64 ,0x0D ,0x0A ,0x33 ,0x38 ,0x3D ,0x4D ,0x61 ,0x72 ,0x6B ,0x65 ,0x74 ,0x20 ,0x6F 
,0x72 ,0x64 ,0x65 ,0x72 ,0x20 ,0x64 ,0x6F ,0x65 ,0x73 ,0x20 ,0x6E ,0x6F ,0x74 ,0x20 ,0x61 ,0x63 
,0x63 ,0x65 ,0x70 ,0x74 ,0x20 ,0x52 ,0x4F ,0x44 ,0x0D ,0x0A ,0x34 ,0x31 ,0x3D ,0x53 ,0x65 ,0x74 
,0x74 ,0x6C ,0x65 ,0x6D ,0x65 ,0x6E ,0x74 ,0x20 ,0x6D ,0x6F ,0x6E ,0x74 ,0x68 ,0x20 ,0x65 ,0x72 
,0x72 ,0x6F ,0x72 ,0x0D ,0x0A ,0x34 ,0x32 ,0x3D ,0x53 ,0x74 ,0x72 ,0x69 ,0x6B ,0x65 ,0x20 ,0x70 
,0x72 ,0x69 ,0x63 ,0x65 ,0x20 ,0x65 ,0x72 ,0x72 ,0x6F ,0x72 ,0x0D ,0x0A ,0x34 ,0x33 ,0x3D ,0x43 
,0x6C ,0x65 ,0x61 ,0x72 ,0x69 ,0x6E ,0x67 ,0x20 ,0x6D ,0x65 ,0x6D ,0x62 ,0x65 ,0x72 ,0x20 ,0x49 
,0x44 ,0x20 ,0x65 ,0x72 ,0x72 ,0x6F ,0x72 ,0x0D ,0x0A ,0x35 ,0x31 ,0x3D ,0x46 ,0x4F ,0x4B ,0x20 
,0x6E ,0x6F ,0x74 ,0x20 ,0x66 ,0x69 ,0x6C ,0x6C ,0x65 ,0x64 ,0x20 ,0x61 ,0x6E ,0x64 ,0x20 ,0x64 
,0x65 ,0x6C ,0x65 ,0x74 ,0x65 ,0x64 ,0x20 ,0x62 ,0x79 ,0x20 ,0x73 ,0x79 ,0x73 ,0x74 ,0x65 ,0x6D 
,0x20 ,0x0D ,0x0A ,0x35 ,0x32 ,0x3D ,0x49 ,0x4F ,0x43 ,0x20 ,0x69 ,0x73 ,0x20 ,0x70 ,0x61 ,0x72 
,0x74 ,0x69 ,0x61 ,0x6C ,0x6C ,0x79 ,0x20 ,0x66 ,0x69 ,0x6C ,0x6C ,0x65 ,0x64 ,0x0D ,0x0A ,0x35 
,0x33 ,0x3D ,0x49 ,0x4F ,0x43 ,0x20 ,0x6E ,0x6F ,0x74 ,0x20 ,0x66 ,0x69 ,0x6C ,0x6C ,0x65 ,0x64 
,0x20 ,0x61 ,0x6E ,0x64 ,0x20 ,0x64 ,0x65 ,0x6C ,0x65 ,0x74 ,0x65 ,0x64 ,0x20 ,0x62 ,0x79 ,0x20 
,0x73 ,0x79 ,0x73 ,0x74 ,0x65 ,0x6D ,0x0D ,0x0A ,0x35 ,0x35 ,0x3D ,0x4F ,0x72 ,0x64 ,0x65 ,0x72 
,0x20 ,0x6F ,0x72 ,0x20 ,0x71 ,0x75 ,0x6F ,0x74 ,0x65 ,0x20 ,0x69 ,0x6E ,0x20 ,0x70 ,0x72 ,0x6F 
,0x63 ,0x65 ,0x73 ,0x73 ,0x69 ,0x6E ,0x67 ,0x0D ,0x0A ,0x36 ,0x31 ,0x3D ,0x42 ,0x53 ,0x20 ,0x63 
,0x6F ,0x64 ,0x65 ,0x20 ,0x6F ,0x66 ,0x20 ,0x63 ,0x61 ,0x6E ,0x63 ,0x65 ,0x6C ,0x2F ,0x64 ,0x65 
,0x63 ,0x72 ,0x65 ,0x61 ,0x73 ,0x65 ,0x20 ,0x6F ,0x72 ,0x64 ,0x65 ,0x72 ,0x20 ,0x6E ,0x6F ,0x74 
,0x20 ,0x6D ,0x61 ,0x74 ,0x63 ,0x68 ,0x69 ,0x6E ,0x67 ,0x20 ,0x6F ,0x72 ,0x69 ,0x67 ,0x69 ,0x6E 
,0x61 ,0x6C ,0x20 ,0x6F ,0x72 ,0x64 ,0x65 ,0x72 ,0x0D ,0x0A ,0x36 ,0x32 ,0x3D ,0x50 ,0x72 ,0x6F 
,0x64 ,0x75 ,0x63 ,0x74 ,0x20 ,0x49 ,0x44 ,0x20 ,0x6F ,0x66 ,0x20 ,0x63 ,0x61 ,0x6E ,0x63 ,0x65 
,0x6C ,0x2F ,0x64 ,0x65 ,0x63 ,0x72 ,0x65 ,0x61 ,0x73 ,0x65 ,0x20 ,0x6F ,0x72 ,0x64 ,0x65 ,0x72 
,0x20 ,0x6E ,0x6F ,0x74 ,0x20 ,0x6D ,0x61 ,0x74 ,0x63 ,0x68 ,0x69 ,0x6E ,0x67 ,0x20 ,0x6F ,0x72 
,0x69 ,0x67 ,0x69 ,0x6E ,0x61 ,0x6C ,0x20 ,0x6F ,0x72 ,0x64 ,0x65 ,0x72 ,0x0D ,0x0A ,0x37 ,0x37 
,0x3D ,0x4E ,0x6F ,0x20 ,0x73 ,0x75 ,0x63 ,0x68 ,0x20 ,0x63 ,0x6F ,0x6E ,0x74 ,0x72 ,0x61 ,0x63 
,0x74 ,0x0D ,0x0A ,0x37 ,0x38 ,0x3D ,0x4F ,0x72 ,0x64 ,0x65 ,0x72 ,0x20 ,0x6F ,0x66 ,0x20 ,0x74 
,0x68 ,0x69 ,0x73 ,0x20 ,0x63 ,0x6F ,0x6E ,0x74 ,0x72 ,0x61 ,0x63 ,0x74 ,0x20 ,0x69 ,0x73 ,0x20 
,0x72 ,0x65 ,0x73 ,0x74 ,0x72 ,0x69 ,0x63 ,0x74 ,0x65 ,0x64 ,0x20 ,0x66 ,0x6F ,0x72 ,0x20 ,0x74 
,0x68 ,0x69 ,0x73 ,0x20 ,0x61 ,0x63 ,0x63 ,0x6F ,0x75 ,0x6E ,0x74 ,0x2D ,0x63 ,0x6F ,0x64 ,0x65 
,0x2E ,0x0D ,0x0A ,0x37 ,0x39 ,0x3D ,0x4F ,0x72 ,0x64 ,0x65 ,0x72 ,0x20 ,0x68 ,0x61 ,0x73 ,0x20 
,0x62 ,0x65 ,0x65 ,0x6E ,0x20 ,0x63 ,0x61 ,0x6E ,0x63 ,0x65 ,0x6C ,0x6C ,0x65 ,0x64 ,0x20 ,0x62 
,0x65 ,0x63 ,0x61 ,0x75 ,0x73 ,0x65 ,0x20 ,0x6F ,0x66 ,0x20 ,0x4D ,0x61 ,0x72 ,0x6B ,0x65 ,0x74 
,0x20 ,0x53 ,0x75 ,0x73 ,0x70 ,0x65 ,0x6E ,0x64 ,0x0D ,0x0A ,0x38 ,0x30 ,0x3D ,0x46 ,0x43 ,0x4D 
,0x20 ,0x69 ,0x73 ,0x20 ,0x6E ,0x6F ,0x74 ,0x20 ,0x79 ,0x65 ,0x74 ,0x20 ,0x61 ,0x70 ,0x70 ,0x72 
,0x6F ,0x76 ,0x65 ,0x64 ,0x20 ,0x74 ,0x6F ,0x20 ,0x74 ,0x72 ,0x61 ,0x64 ,0x65 ,0x20 ,0x74 ,0x68 
,0x65 ,0x20 ,0x70 ,0x72 ,0x6F ,0x64 ,0x75 ,0x63 ,0x74 ,0x0D ,0x0A ,0x38 ,0x39 ,0x3D ,0x54 ,0x6F 
,0x6F ,0x20 ,0x6D ,0x61 ,0x6E ,0x79 ,0x20 ,0x65 ,0x72 ,0x72 ,0x6F ,0x72 ,0x73 ,0x2C ,0x20 ,0x63 
,0x61 ,0x6C ,0x6C ,0x20 ,0x54 ,0x41 ,0x49 ,0x46 ,0x45 ,0x58 ,0x0D ,0x0A ,0x39 ,0x39 ,0x3D ,0x4D 
,0x61 ,0x6A ,0x6F ,0x72 ,0x20 ,0x65 ,0x72 ,0x72 ,0x6F ,0x72 ,0x2C ,0x20 ,0x63 ,0x61 ,0x6C ,0x6C 
,0x20 ,0x54 ,0x41 ,0x49 ,0x46 ,0x45 ,0x58 ,0x0D ,0x0A ,0x39 ,0x30 ,0x3D ,0x4E ,0x6F ,0x20 ,0x50 
,0x56 ,0x43 ,0x20 ,0x61 ,0x76 ,0x61 ,0x6C ,0x69 ,0x61 ,0x62 ,0x6C ,0x65 ,0x28 ,0x53 ,0x70 ,0x65 
,0x65 ,0x64 ,0x79 ,0x47 ,0x61 ,0x74 ,0x65 ,0x77 ,0x61 ,0x79 ,0x29 ,0x0D ,0x0A ,0x39 ,0x31 ,0x3D 
,0x4F ,0x72 ,0x64 ,0x65 ,0x72 ,0x20 ,0x71 ,0x75 ,0x65 ,0x75 ,0x65 ,0x20 ,0x66 ,0x69 ,0x6C ,0x6C 
,0x65 ,0x64 ,0x28 ,0x53 ,0x70 ,0x65 ,0x65 ,0x64 ,0x79 ,0x47 ,0x61 ,0x74 ,0x65 ,0x77 ,0x61 ,0x79 
,0x29 ,0x0D ,0x0A ,0x39 ,0x32 ,0x3D ,0x4E ,0x6F ,0x20 ,0x72 ,0x69 ,0x67 ,0x68 ,0x74 ,0x73 ,0x20 
,0x74 ,0x6F ,0x20 ,0x75 ,0x73 ,0x65 ,0x20 ,0x74 ,0x68 ,0x69 ,0x73 ,0x20 ,0x61 ,0x63 ,0x63 ,0x6F 
,0x75 ,0x6E ,0x74 ,0x28 ,0x53 ,0x70 ,0x65 ,0x65 ,0x64 ,0x79 ,0x47 ,0x61 ,0x74 ,0x65 ,0x77 ,0x61 
,0x79 ,0x29 ,0x0D ,0x0A ,0x39 ,0x33 ,0x3D ,0x41 ,0x63 ,0x63 ,0x6F ,0x75 ,0x6E ,0x74 ,0x20 ,0x6E 
,0x6F ,0x74 ,0x20 ,0x65 ,0x78 ,0x69 ,0x73 ,0x74 ,0x73 ,0x28 ,0x53 ,0x70 ,0x65 ,0x65 ,0x64 ,0x79 
,0x47 ,0x61 ,0x74 ,0x65 ,0x77 ,0x61 ,0x79 ,0x29 ,0x0D ,0x0A ,0x39 ,0x34 ,0x3D ,0x4F ,0x75 ,0x74 
,0x2D ,0x6F ,0x66 ,0x20 ,0x4F ,0x72 ,0x64 ,0x65 ,0x72 ,0x20 ,0x49 ,0x44 ,0x28 ,0x53 ,0x70 ,0x65 
,0x65 ,0x64 ,0x79 ,0x47 ,0x61 ,0x74 ,0x65 ,0x77 ,0x61 ,0x79 ,0x29 ,0x0D ,0x0A ,0x39 ,0x35 ,0x3D 
,0x53 ,0x70 ,0x65 ,0x65 ,0x64 ,0x79 ,0x20 ,0x69 ,0x73 ,0x20 ,0x6E ,0x6F ,0x74 ,0x20 ,0x72 ,0x75 
,0x6E ,0x6E ,0x69 ,0x6E ,0x67 ,0x28 ,0x53 ,0x70 ,0x65 ,0x65 ,0x64 ,0x79 ,0x47 ,0x61 ,0x74 ,0x65 
,0x77 ,0x61 ,0x79 ,0x29 ,0x0D ,0x0A ,0x39 ,0x36 ,0x3D ,0x41 ,0x63 ,0x63 ,0x6F ,0x75 ,0x6E ,0x74 
,0x20 ,0x45 ,0x78 ,0x65 ,0x63 ,0x75 ,0x74 ,0x69 ,0x76 ,0x65 ,0x20 ,0x6E ,0x6F ,0x74 ,0x20 ,0x65 
,0x78 ,0x69 ,0x73 ,0x74 ,0x28 ,0x53 ,0x70 ,0x65 ,0x65 ,0x64 ,0x79 ,0x47 ,0x61 ,0x74 ,0x65 ,0x77 
,0x61 ,0x79 ,0x29 ,0x0D ,0x0A ,0x39 ,0x38 ,0x3D ,0x4F ,0x72 ,0x64 ,0x65 ,0x72 ,0x20 ,0x65 ,0x78 
,0x70 ,0x69 ,0x72 ,0x65 ,0x64 ,0x28 ,0x53 ,0x70 ,0x65 ,0x65 ,0x64 ,0x79 ,0x47 ,0x61 ,0x74 ,0x65 
,0x77 ,0x61 ,0x79 ,0x29 
};

UInt8 RSC_ERROR_CHT[] = {
 0x00 ,0x00 ,0x06 ,0x72 
,0x5B ,0x54 ,0x41 ,0x49 ,0x46 ,0x45 ,0x58 ,0x5D ,0x0D ,0x0A ,0x30 ,0x30 ,0x3D ,0xB0 ,0x54 ,0xAE 
,0xA7 ,0xB1 ,0xB5 ,0xA6 ,0xAC ,0xA6 ,0xA8 ,0xA5 ,0x5C ,0x0D ,0x0A ,0x30 ,0x31 ,0x3D ,0xA5 ,0xE6 
,0xA9 ,0xF6 ,0xAE ,0xC9 ,0xB6 ,0xA1 ,0xA4 ,0x77 ,0xB5 ,0xB2 ,0xA7 ,0xF4 ,0x0D ,0x0A ,0x30 ,0x32 
,0x3D ,0xA9 ,0x7C ,0xA5 ,0xBC ,0xB6 ,0x7D ,0xA9 ,0x6C ,0xB1 ,0xB5 ,0xA6 ,0xAC ,0xA9 ,0x65 ,0xB0 
,0x55 ,0xA9 ,0xCE ,0xAA ,0xCC ,0xBD ,0x4C ,0xAB ,0x65 ,0xB5 ,0x4C ,0xA6 ,0xB9 ,0xBA ,0xD8 ,0xA9 
,0x65 ,0xB0 ,0x55 ,0x0D ,0x0A ,0x30 ,0x33 ,0x3D ,0xA9 ,0x7C ,0xA5 ,0xBC ,0xB6 ,0x7D ,0xA9 ,0x6C 
,0xB1 ,0xB5 ,0xA6 ,0xAC ,0xB3 ,0xF8 ,0xBB ,0xF9 ,0x0D ,0x0A ,0x30 ,0x34 ,0x3D ,0xB8 ,0xD3 ,0xB0 
,0xD3 ,0xAB ,0x7E ,0xB3 ,0x42 ,0xB2 ,0x7A ,0xA4 ,0xA4 ,0xA1 ,0x41 ,0xBC ,0xC8 ,0xAE ,0xC9 ,0xA4 
,0xA3 ,0xB1 ,0xB5 ,0xA8 ,0xFC ,0xA9 ,0x65 ,0xB0 ,0x55 ,0x0D ,0x0A ,0x30 ,0x35 ,0x3D ,0xB5 ,0x4C 
,0xA6 ,0xB9 ,0xA9 ,0x65 ,0xB0 ,0x55 ,0xAE ,0xD1 ,0xBD ,0x73 ,0xB8 ,0xB9 ,0x0D ,0x0A ,0x30 ,0x36 
,0x3D ,0xA9 ,0x65 ,0xB0 ,0x55 ,0xA9 ,0xCE ,0xB3 ,0xF8 ,0xBB ,0xF9 ,0xA4 ,0x77 ,0xA7 ,0xB9 ,0xA5 
,0xFE ,0xA6 ,0xA8 ,0xA5 ,0xE6 ,0x0D ,0x0A ,0x30 ,0x37 ,0x3D ,0xAD ,0xEC ,0xA9 ,0x65 ,0xB0 ,0x55 
,0xA9 ,0xCE ,0xB3 ,0xF8 ,0xBB ,0xF9 ,0xA4 ,0x77 ,0xA8 ,0xFA ,0xAE ,0xF8 ,0x0D ,0x0A ,0x30 ,0x38 
,0x3D ,0xB0 ,0xB1 ,0xB3 ,0xE6 ,0x0D ,0x0A ,0x30 ,0x39 ,0x3D ,0xAD ,0xAD ,0xB3 ,0xE6 ,0x0D ,0x0A 
,0x31 ,0x30 ,0x3D ,0xA6 ,0xB9 ,0xB3 ,0xE6 ,0xA4 ,0x77 ,0xA4 ,0xA3 ,0xA6 ,0x62 ,0xA9 ,0x65 ,0xB0 
,0x55 ,0xC3 ,0xAF ,0xA4 ,0xA4 ,0x2C ,0xA4 ,0xA3 ,0xB1 ,0x6F ,0xA7 ,0x52 ,0xB3 ,0xE6 ,0xA1 ,0x42 
,0xB4 ,0xEE ,0xB6 ,0x71 ,0x0D ,0x0A ,0x31 ,0x31 ,0x3D ,0x46 ,0x55 ,0x4E ,0x43 ,0x54 ,0x49 ,0x4F 
,0x4E ,0x2D ,0x43 ,0x4F ,0x44 ,0x45 ,0xBF ,0xF9 ,0xBB ,0x7E ,0x0D ,0x0A ,0x31 ,0x32 ,0x3D ,0xB4 
,0xC1 ,0xB3 ,0x66 ,0xB0 ,0xD3 ,0xA5 ,0x4E ,0xB8 ,0xB9 ,0xBF ,0xF9 ,0xBB ,0x7E ,0x0D ,0x0A ,0x31 
,0x33 ,0x3D ,0xA4 ,0xC0 ,0xA4 ,0xBD ,0xA5 ,0x71 ,0xA5 ,0x4E ,0xB8 ,0xB9 ,0xBF ,0xF9 ,0xBB ,0x7E 
,0x0D ,0x0A ,0x31 ,0x34 ,0x3D ,0xA7 ,0xEB ,0xB8 ,0xEA ,0xA4 ,0x48 ,0xB1 ,0x62 ,0xB8 ,0xB9 ,0xBF 
,0xF9 ,0xBB ,0x7E ,0x0D ,0x0A ,0x31 ,0x35 ,0x3D ,0xA7 ,0xEB ,0xB8 ,0xEA ,0xA4 ,0x48 ,0xA8 ,0xAD 
,0xA4 ,0xC0 ,0xBD ,0x58 ,0xBF ,0xF9 ,0xBB ,0x7E ,0x0D ,0x0A ,0x31 ,0x37 ,0x3D ,0xA9 ,0x65 ,0xB0 
,0x55 ,0xAE ,0xD1 ,0xA9 ,0xCE ,0xB3 ,0xF8 ,0xBB ,0xF9 ,0xB3 ,0xE6 ,0xBD ,0x73 ,0xB8 ,0xB9 ,0xAD 
,0xAB ,0xBD ,0xC6 ,0x0D ,0x0A ,0x31 ,0x38 ,0x3D ,0xA9 ,0x65 ,0xB0 ,0x55 ,0xAE ,0xD1 ,0xA9 ,0xCE 
,0xB3 ,0xF8 ,0xBB ,0xF9 ,0xB3 ,0xE6 ,0xBD ,0x73 ,0xB8 ,0xB9 ,0xBF ,0xF9 ,0xBB ,0x7E ,0x0D ,0x0A 
,0x32 ,0x30 ,0x3D ,0xB0 ,0xD3 ,0xAB ,0x7E ,0xA5 ,0x4E ,0xB8 ,0xB9 ,0xBF ,0xF9 ,0xBB ,0x7E ,0x0D 
,0x0A ,0x32 ,0x31 ,0x3D ,0xB6 ,0x57 ,0xB9 ,0x4C ,0xB8 ,0xD3 ,0xB0 ,0xD3 ,0xAB ,0x7E ,0xBA ,0xA6 
,0xB6 ,0x5E ,0xB0 ,0xB1 ,0xBB ,0xF9 ,0x0D ,0x0A ,0x32 ,0x32 ,0x3D ,0xA9 ,0x65 ,0xB0 ,0x55 ,0xBC 
,0xC6 ,0xB6 ,0x71 ,0xBF ,0xF9 ,0xBB ,0x7E ,0x0D ,0x0A ,0x32 ,0x33 ,0x3D ,0xA9 ,0x7C ,0xA5 ,0xBC 
,0xB6 ,0x7D ,0xA9 ,0x6C ,0xB1 ,0xB5 ,0xA6 ,0xAC ,0xB8 ,0xDF ,0xBB ,0xF9 ,0x0D ,0x0A ,0x32 ,0x34 
,0x3D ,0xB6 ,0x52 ,0xBD ,0xE6 ,0xA7 ,0x4F ,0xBF ,0xF9 ,0xBB ,0x7E ,0x0D ,0x0A ,0x32 ,0x35 ,0x3D 
,0xA9 ,0x65 ,0xB0 ,0x55 ,0xBA ,0xD8 ,0xC3 ,0xFE ,0xBF ,0xF9 ,0xBB ,0x7E ,0x28 ,0x4F ,0x52 ,0x44 
,0x45 ,0x52 ,0x2D ,0x54 ,0x59 ,0x50 ,0x45 ,0x29 ,0x0D ,0x0A ,0x32 ,0x36 ,0x3D ,0xA9 ,0x65 ,0xB0 
,0x55 ,0xBA ,0xD8 ,0xC3 ,0xFE ,0xBB ,0x50 ,0xBB ,0xF9 ,0xA6 ,0xEC ,0xA4 ,0xA3 ,0xB2 ,0xC5 ,0x0D 
,0x0A ,0x32 ,0x37 ,0x3D ,0xA9 ,0x65 ,0xB0 ,0x55 ,0xB1 ,0xF8 ,0xA5 ,0xF3 ,0xBF ,0xF9 ,0xBB ,0x7E 
,0x28 ,0x4F ,0x52 ,0x44 ,0x45 ,0x52 ,0x2D ,0x43 ,0x4F ,0x4E ,0x44 ,0x49 ,0x54 ,0x49 ,0x4F ,0x4E 
,0x29 ,0x0D ,0x0A ,0x32 ,0x38 ,0x3D ,0xB6 ,0x7D ,0xA5 ,0xAD ,0xAD ,0xDC ,0xBD ,0x58 ,0xBF ,0xF9 
,0xBB ,0x7E ,0x28 ,0x4F ,0x43 ,0x2D ,0x43 ,0x4F ,0x44 ,0x45 ,0x29 ,0x0D ,0x0A ,0x32 ,0x39 ,0x3D 
,0xBB ,0xF9 ,0xAE ,0xE6 ,0xBB ,0x50 ,0xB0 ,0xF2 ,0xA5 ,0xBB ,0xB8 ,0xF5 ,0xB0 ,0xCA ,0xBB ,0xF9 
,0xA6 ,0xEC ,0xA4 ,0xA3 ,0xB2 ,0xC5 ,0x0D ,0x0A ,0x33 ,0x30 ,0x3D ,0xB0 ,0xD3 ,0xAB ,0x7E ,0xA4 
,0x77 ,0xB9 ,0x4C ,0xB4 ,0xC1 ,0x0D ,0x0A ,0x33 ,0x31 ,0x3D ,0xB4 ,0xC1 ,0xB3 ,0x66 ,0xB0 ,0xD3 
,0xA5 ,0x4E ,0xB8 ,0xB9 ,0xA1 ,0x42 ,0xB3 ,0xF8 ,0xBB ,0xF9 ,0xB0 ,0xD3 ,0xAB ,0x7E ,0xC3 ,0xFE 
,0xA7 ,0x4F ,0xA1 ,0x42 ,0xB3 ,0x79 ,0xA5 ,0xAB ,0xAA ,0xCC ,0xB1 ,0x62 ,0xB8 ,0xB9 ,0xA4 ,0xA3 
,0xA4 ,0x40 ,0xAD ,0x50 ,0x0D ,0x0A ,0x33 ,0x32 ,0x3D ,0xB4 ,0xEE ,0xB6 ,0x71 ,0xA6 ,0xA8 ,0xA5 
,0x5C ,0x2C ,0xA6 ,0xFD ,0xC5 ,0xDC ,0xA7 ,0xF3 ,0xB6 ,0x71 ,0xA4 ,0x6A ,0xA9 ,0xF3 ,0xAD ,0xEC 
,0xA9 ,0x65 ,0xB0 ,0x55 ,0xB6 ,0x71 ,0x0D ,0x0A ,0x33 ,0x33 ,0x3D ,0xB6 ,0x52 ,0xBD ,0xE6 ,0xBB 
,0xF9 ,0xA4 ,0xA3 ,0xB1 ,0x6F ,0xB6 ,0x57 ,0xB9 ,0x4C ,0xB8 ,0xD3 ,0xB3 ,0xF8 ,0xBB ,0xF9 ,0xB0 
,0xD3 ,0xAB ,0x7E ,0xA4 ,0xA7 ,0xBB ,0xF9 ,0xAE ,0x74 ,0xAD ,0xAD ,0xA8 ,0xEE ,0x0D ,0x0A ,0x33 
,0x34 ,0x3D ,0xB6 ,0x52 ,0xBB ,0xF9 ,0xB6 ,0x57 ,0xB9 ,0x4C ,0xBD ,0xE6 ,0xBB ,0xF9 ,0x0D ,0x0A 
,0x33 ,0x35 ,0x3D ,0xC2 ,0xF9 ,0xC3 ,0xE4 ,0xB3 ,0xF8 ,0xBB ,0xF9 ,0xB4 ,0xEE ,0xB6 ,0x71 ,0xA4 
,0xD6 ,0xA9 ,0xF3 ,0xB3 ,0xCC ,0xA7 ,0x43 ,0xBC ,0xC6 ,0xB6 ,0x71 ,0xAD ,0xAD ,0xA8 ,0xEE ,0x0D 
,0x0A ,0x33 ,0x36 ,0x3D ,0xB3 ,0xE6 ,0xC3 ,0xE4 ,0xB3 ,0xF8 ,0xBB ,0xF9 ,0xB4 ,0xEE ,0xB6 ,0x71 
,0xA4 ,0xD6 ,0xA9 ,0xF3 ,0xB3 ,0xCC ,0xA7 ,0x43 ,0xBC ,0xC6 ,0xB6 ,0x71 ,0xAD ,0xAD ,0xA8 ,0xEE 
,0x0D ,0x0A ,0x33 ,0x37 ,0x3D ,0xB8 ,0xDF ,0xBB ,0xF9 ,0xA4 ,0x77 ,0xA6 ,0x73 ,0xA6 ,0x62 ,0xA4 
,0xA3 ,0xA4 ,0xA9 ,0xB1 ,0xB5 ,0xA8 ,0xFC ,0x0D ,0x0A ,0x33 ,0x38 ,0x3D ,0xA5 ,0xAB ,0xBB ,0xF9 
,0xB3 ,0xE6 ,0xA4 ,0xA3 ,0xA4 ,0xB9 ,0xB3 ,0x5C ,0xB7 ,0xED ,0xA4 ,0xE9 ,0xA6 ,0xB3 ,0xAE ,0xC4 
,0xA9 ,0x65 ,0xB0 ,0x55 ,0x0D ,0x0A ,0x34 ,0x31 ,0x3D ,0xA5 ,0xE6 ,0xB3 ,0xCE ,0xA6 ,0x7E ,0xA4 
,0xEB ,0xBF ,0xF9 ,0xBB ,0x7E ,0x0D ,0x0A ,0x34 ,0x32 ,0x3D ,0xBC ,0x69 ,0xAC ,0xF9 ,0xBB ,0xF9 
,0xAE ,0xE6 ,0xBF ,0xF9 ,0xBB ,0x7E ,0x0D ,0x0A ,0x34 ,0x33 ,0x3D ,0xB5 ,0xB2 ,0xBA ,0xE2 ,0xB7 
,0x7C ,0xAD ,0xFB ,0xBF ,0xF9 ,0xBB ,0x7E ,0x0D ,0x0A ,0x35 ,0x31 ,0x3D ,0x46 ,0x4F ,0x4B ,0xB3 
,0xE6 ,0xA5 ,0xBC ,0xA6 ,0xA8 ,0xA5 ,0xE6 ,0x2C ,0xA8 ,0x74 ,0xB2 ,0xCE ,0xA4 ,0x77 ,0xA7 ,0x52 
,0xB0 ,0xA3 ,0x0D ,0x0A ,0x35 ,0x32 ,0x3D ,0x49 ,0x4F ,0x43 ,0xB3 ,0xE6 ,0xA4 ,0x77 ,0xB3 ,0xA1 
,0xA5 ,0xF7 ,0xA6 ,0xA8 ,0xA5 ,0xE6 ,0x0D ,0x0A ,0x35 ,0x33 ,0x3D ,0x49 ,0x4F ,0x43 ,0xB3 ,0xE6 
,0xA5 ,0xBC ,0xA6 ,0xA8 ,0xA5 ,0xE6 ,0x2C ,0xA8 ,0x74 ,0xB2 ,0xCE ,0xA4 ,0x77 ,0xA7 ,0x52 ,0xB0 
,0xA3 ,0x0D ,0x0A ,0x35 ,0x35 ,0x3D ,0xB8 ,0xD3 ,0xA9 ,0x65 ,0xB0 ,0x55 ,0xA9 ,0xCE ,0xB3 ,0xF8 
,0xBB ,0xF9 ,0xB3 ,0x42 ,0xB2 ,0x7A ,0xA4 ,0xA4 ,0x0D ,0x0A ,0x36 ,0x31 ,0x3D ,0xA7 ,0x52 ,0xB3 
,0xE6 ,0xB4 ,0xEE ,0xB6 ,0x71 ,0xAE ,0xC9 ,0xAD ,0xEC ,0xB6 ,0x52 ,0xBD ,0xE6 ,0xA7 ,0x4F ,0xA4 
,0xA3 ,0xB2 ,0xC5 ,0x0D ,0x0A ,0x36 ,0x32 ,0x3D ,0xA7 ,0x52 ,0xB3 ,0xE6 ,0xB4 ,0xEE ,0xB6 ,0x71 
,0xAE ,0xC9 ,0xAD ,0xEC ,0xB0 ,0xD3 ,0xAB ,0x7E ,0xA7 ,0x4F ,0xA4 ,0xA3 ,0xB2 ,0xC5 ,0x0D ,0x0A 
,0x37 ,0x37 ,0x3D ,0xB5 ,0x4C ,0xA6 ,0xB9 ,0xB0 ,0xD3 ,0xAB ,0x7E ,0xAB ,0xB4 ,0xAC ,0xF9 ,0x0D 
,0x0A ,0x37 ,0x38 ,0x3D ,0xA6 ,0xB9 ,0xA8 ,0xAD ,0xA5 ,0xF7 ,0xBD ,0x58 ,0xAD ,0xAD ,0xA8 ,0xEE 
,0xA4 ,0x55 ,0xA6 ,0xB9 ,0xAB ,0xB4 ,0xAC ,0xF9 ,0xA4 ,0xA7 ,0xA9 ,0x65 ,0xB0 ,0x55 ,0xB3 ,0xE6 
,0x0D ,0x0A ,0x37 ,0x39 ,0x3D ,0xA6 ,0x5D ,0xBC ,0xC8 ,0xB0 ,0xB1 ,0xA5 ,0xE6 ,0xA9 ,0xF6 ,0xA9 
,0xCE ,0xB6 ,0x69 ,0xA4 ,0x4A ,0xA6 ,0xAC ,0xB3 ,0xE6 ,0xB6 ,0xA5 ,0xAC ,0x71 ,0xA1 ,0x41 ,0xB8 
,0xD3 ,0xB5 ,0xA7 ,0xA9 ,0x65 ,0xB0 ,0x55 ,0xA4 ,0x77 ,0xA7 ,0x52 ,0xB0 ,0xA3 ,0x0D ,0x0A ,0x38 
,0x30 ,0x3D ,0xA6 ,0xB9 ,0xB4 ,0xC1 ,0xB3 ,0x66 ,0xB0 ,0xD3 ,0xA9 ,0x7C ,0xA5 ,0xBC ,0xAE ,0xD6 
,0xAD ,0xE3 ,0xA5 ,0xE6 ,0xA9 ,0xF6 ,0xA6 ,0xB9 ,0xB0 ,0xD3 ,0xAB ,0x7E ,0x0D ,0x0A ,0x38 ,0x39 
,0x3D ,0xBF ,0xF9 ,0xBB ,0x7E ,0xB6 ,0x57 ,0xB9 ,0x4C ,0xA6 ,0xB8 ,0xBC ,0xC6 ,0x0D ,0x0A ,0x39 
,0x39 ,0x3D ,0xAD ,0xAB ,0xA4 ,0x6A ,0xBF ,0xF9 ,0xBB ,0x7E ,0x0D ,0x0A ,0x0D ,0x0A ,0x38 ,0x32 
,0x3D ,0xB5 ,0x4C ,0xA5 ,0x69 ,0xA5 ,0xCE ,0xAA ,0xBA ,0x50 ,0x56 ,0x43 ,0x28 ,0x53 ,0x70 ,0x65 
,0x65 ,0x64 ,0x79 ,0x29 ,0x0D ,0x0A ,0x38 ,0x34 ,0x3D ,0xA6 ,0xB9 ,0xC0 ,0xC9 ,0xAA ,0xD1 ,0xB2 
,0xBC ,0xB6 ,0xEB ,0xB3 ,0xE6 ,0x28 ,0x53 ,0x70 ,0x65 ,0x65 ,0x64 ,0x79 ,0x29 ,0x0D ,0x0A ,0x38 
,0x35 ,0x3D ,0xA9 ,0x65 ,0xB0 ,0x55 ,0xA7 ,0xC7 ,0xA6 ,0x43 ,0xA4 ,0x77 ,0xBA ,0xA1 ,0x28 ,0x53 
,0x70 ,0x65 ,0x65 ,0x64 ,0x79 ,0x29 ,0x0D ,0x0A ,0x38 ,0x37 ,0x3D ,0xA9 ,0x65 ,0xB0 ,0x55 ,0xB3 
,0xE6 ,0xA5 ,0xA2 ,0xAE ,0xC4 ,0x28 ,0x53 ,0x70 ,0x65 ,0x65 ,0x64 ,0x79 ,0x29 ,0x0D ,0x0A ,0x0D 
,0x0A ,0x39 ,0x30 ,0x3D ,0xB5 ,0x4C ,0xA5 ,0x69 ,0xA5 ,0xCE ,0x50 ,0x56 ,0x43 ,0x28 ,0x53 ,0x70 
,0x65 ,0x65 ,0x64 ,0x79 ,0x47 ,0x61 ,0x74 ,0x65 ,0x77 ,0x61 ,0x79 ,0x29 ,0x0D ,0x0A ,0x39 ,0x31 
,0x3D ,0xA9 ,0x65 ,0xB0 ,0x55 ,0xA7 ,0xC7 ,0xA6 ,0x43 ,0xA4 ,0x77 ,0xBA ,0xA1 ,0x28 ,0x53 ,0x70 
,0x65 ,0x65 ,0x64 ,0x79 ,0x47 ,0x61 ,0x74 ,0x65 ,0x77 ,0x61 ,0x79 ,0x29 ,0x0D ,0x0A ,0x39 ,0x32 
,0x3D ,0xA8 ,0x53 ,0xA6 ,0xB3 ,0xC5 ,0x76 ,0xAD ,0xAD ,0xA8 ,0xCF ,0xA5 ,0xCE ,0xA6 ,0xB9 ,0xA7 
,0xEB ,0xB8 ,0xEA ,0xA4 ,0x48 ,0xB1 ,0x62 ,0xB8 ,0xB9 ,0x28 ,0x53 ,0x70 ,0x65 ,0x65 ,0x64 ,0x79 
,0x47 ,0x61 ,0x74 ,0x65 ,0x77 ,0x61 ,0x79 ,0x29 ,0x0D ,0x0A ,0x39 ,0x33 ,0x3D ,0xA7 ,0xEB ,0xB8 
,0xEA ,0xA4 ,0x48 ,0xB1 ,0x62 ,0xB8 ,0xB9 ,0xA4 ,0xA3 ,0xA6 ,0x73 ,0xA6 ,0x62 ,0x28 ,0x53 ,0x70 
,0x65 ,0x65 ,0x64 ,0x79 ,0x47 ,0x61 ,0x74 ,0x65 ,0x77 ,0x61 ,0x79 ,0x29 ,0x0D ,0x0A ,0x39 ,0x34 
,0x3D ,0xA9 ,0x65 ,0xB0 ,0x55 ,0xB3 ,0xE6 ,0xB8 ,0xB9 ,0xA4 ,0x77 ,0xA5 ,0xCE ,0xA7 ,0xB9 ,0x28 
,0x53 ,0x70 ,0x65 ,0x65 ,0x64 ,0x79 ,0x47 ,0x61 ,0x74 ,0x65 ,0x77 ,0x61 ,0x79 ,0x29 ,0x0D ,0x0A 
,0x39 ,0x35 ,0x3D ,0x53 ,0x70 ,0x65 ,0x65 ,0x64 ,0x79 ,0xA9 ,0x7C ,0xA5 ,0xBC ,0xB1 ,0xD2 ,0xB0 
,0xCA ,0x28 ,0x53 ,0x70 ,0x65 ,0x65 ,0x64 ,0x79 ,0x47 ,0x61 ,0x74 ,0x65 ,0x77 ,0x61 ,0x79 ,0x29 
,0x0D ,0x0A ,0x39 ,0x36 ,0x3D ,0xC0 ,0xE7 ,0xB7 ,0x7E ,0xAD ,0xFB ,0xA5 ,0x4E ,0xB8 ,0xB9 ,0xA4 
,0xA3 ,0xA6 ,0x73 ,0xA6 ,0x62 ,0x28 ,0x53 ,0x70 ,0x65 ,0x65 ,0x64 ,0x79 ,0x47 ,0x61 ,0x74 ,0x65 
,0x77 ,0x61 ,0x79 ,0x29 ,0x0D ,0x0A ,0x39 ,0x38 ,0x3D ,0xA9 ,0x65 ,0xB0 ,0x55 ,0xB3 ,0xE6 ,0xA5 
,0xA2 ,0xAE ,0xC4 ,0x28 ,0x53 ,0x70 ,0x65 ,0x65 ,0x64 ,0x79 ,0x47 ,0x61 ,0x74 ,0x65 ,0x77 ,0x61 
,0x79 ,0x29 
};
